,study_hours,attendance,sleep_hours,internet_usage,assignments_completed,previous_score,exam_score,placement_status
0,7,56,8,7,10,62,100.0,Placed
1,4,69,5,3,8,56,100.0,Placed
2,11,60,7,6,10,45,100.0,Placed
3,8,99,9,8,4,55,90.17,Placed
4,5,52,8,6,8,40,78.82,Placed
5,7,40,9,10,0,60,72.33,Placed
6,10,40,4,11,9,50,98.12,Placed
7,3,86,7,3,7,85,100.0,Placed
8,7,72,8,5,18,48,96.81,Placed
9,11,77,4,9,15,69,100.0,Placed
10,11,64,8,8,12,76,100.0,Placed
11,8,65,5,6,4,87,100.0,Placed
12,5,52,6,9,17,89,95.36,Placed
13,4,98,9,2,8,70,100.0,Placed
14,8,67,8,11,3,56,83.49,Placed
15,8,72,7,9,13,87,100.0,Placed
16,3,76,8,10,6,36,63.26,Not Placed
17,6,80,8,10,11,47,91.89,Placed
18,5,69,8,6,6,45,73.69,Placed
19,2,96,8,9,10,46,77.59,Placed
20,8,88,7,4,14,67,100.0,Placed
21,6,87,7,5,6,56,77.19,Placed
22,2,47,8,2,19,87,98.66,Placed
23,5,88,6,3,16,43,100.0,Placed
24,1,86,8,1,4,78,91.65,Placed
25,10,95,9,4,7,41,100.0,Placed
26,6,40,9,2,9,51,95.6,Placed
27,9,51,7,2,5,95,100.0,Placed
28,1,44,9,1,20,44,76.12,Placed
29,11,63,9,10,1,72,96.59,Placed
30,11,45,5,2,4,93,100.0,Placed
31,10,64,8,4,9,73,100.0,Placed
32,3,40,8,6,2,85,75.73,Placed
33,7,64,8,7,12,80,98.68,Placed
34,4,40,8,7,15,59,63.2,Not Placed
35,9,71,4,7,14,61,100.0,Placed
36,3,81,8,4,1,64,79.7,Placed
37,5,81,7,5,2,64,63.65,Not Placed
38,3,42,7,11,19,77,78.22,Placed
39,7,88,4,3,17,68,100.0,Placed
40,5,58,8,1,19,67,100.0,Placed
41,9,99,6,8,19,66,100.0,Placed
42,7,82,8,10,14,92,100.0,Placed
43,2,68,7,11,4,76,55.39,Not Placed
44,4,89,5,7,10,46,90.41,Placed
45,9,41,9,9,2,75,86.67,Placed
46,2,48,5,10,8,57,66.93,Not Placed
47,10,95,6,4,6,92,100.0,Placed
48,9,56,8,5,1,63,100.0,Placed
49,10,99,4,5,14,77,100.0,Placed
50,5,85,8,7,11,35,82.35,Placed
51,2,75,6,9,15,54,65.43,Not Placed
52,4,100,6,8,15,44,100.0,Placed
53,7,56,9,7,15,95,100.0,Placed
54,8,88,6,1,18,53,100.0,Placed
55,3,51,5,10,2,93,81.7,Placed
56,1,99,9,6,19,57,100.0,Placed
57,4,59,8,10,3,55,80.04,Placed
58,2,89,8,9,0,91,69.17,Not Placed
59,8,42,4,7,7,77,91.55,Placed
60,4,82,6,1,14,69,100.0,Placed
61,2,96,6,9,20,93,93.77,Placed
62,6,89,7,3,4,82,100.0,Placed
63,6,43,9,9,19,66,94.47,Placed
64,10,56,7,4,11,88,100.0,Placed
65,4,89,9,9,19,44,87.79,Placed
66,6,76,5,8,19,36,94.36,Placed
67,2,85,9,7,3,85,79.22,Placed
68,10,81,8,4,14,70,100.0,Placed
69,2,54,4,9,5,82,75.9,Placed
70,10,72,9,4,4,40,97.31,Placed
71,4,55,9,1,10,77,79.43,Placed
72,8,50,9,6,13,51,90.85,Placed
73,7,94,4,4,10,49,79.2,Placed
74,9,59,6,10,8,88,94.64,Placed
75,8,77,4,3,9,70,100.0,Placed
76,5,63,6,5,5,58,81.79,Placed
77,2,100,8,3,10,91,100.0,Placed
78,5,93,4,11,8,74,78.06,Placed
79,8,55,6,9,4,90,88.14,Placed
80,10,69,8,6,9,95,100.0,Placed
81,9,73,8,3,19,63,100.0,Placed
82,9,40,6,5,13,84,100.0,Placed
83,1,63,6,8,5,48,58.42,Not Placed
84,9,63,5,8,3,92,91.0,Placed
85,7,48,8,6,20,36,74.11,Placed
86,9,61,6,5,9,82,100.0,Placed
87,8,51,8,5,10,56,100.0,Placed
88,1,56,4,1,15,81,81.53,Placed
89,8,64,7,2,6,87,100.0,Placed
90,8,67,7,11,17,40,100.0,Placed
91,11,100,9,4,6,43,100.0,Placed
92,3,54,6,6,20,46,52.47,Not Placed
93,1,69,6,11,14,76,54.6,Not Placed
94,8,90,8,7,18,73,100.0,Placed
95,3,66,9,1,17,39,95.63,Placed
96,3,61,6,8,14,92,100.0,Placed
97,1,49,8,1,17,89,100.0,Placed
98,11,100,6,9,2,74,100.0,Placed
99,5,97,8,4,0,93,83.41,Placed
100,10,70,6,7,0,78,93.78,Placed
101,7,66,5,11,6,35,58.75,Not Placed
102,10,51,8,6,9,44,96.83,Placed
103,9,85,5,9,11,45,81.65,Placed
104,7,70,5,2,7,61,91.93,Placed
105,9,71,5,11,16,57,83.67,Placed
106,8,71,5,7,13,54,92.53,Placed
107,2,80,4,11,16,39,80.98,Placed
108,1,98,9,5,20,47,87.38,Placed
109,7,84,7,7,5,84,92.97,Placed
110,7,74,4,1,19,44,100.0,Placed
111,8,92,6,11,16,87,100.0,Placed
112,5,100,6,11,19,91,100.0,Placed
113,3,85,9,10,7,83,79.25,Placed
114,8,60,7,9,12,85,99.19,Placed
115,6,49,7,1,15,70,100.0,Placed
116,11,55,7,5,11,75,100.0,Placed
117,3,46,5,8,16,84,76.5,Placed
118,1,43,4,1,17,50,67.23,Not Placed
119,3,66,6,7,7,41,42.95,Not Placed
120,5,91,4,2,17,66,100.0,Placed
121,3,94,4,7,10,59,80.42,Placed
122,1,64,4,7,12,78,80.7,Placed
123,5,70,7,9,11,60,76.84,Placed
124,10,50,9,6,14,70,100.0,Placed
125,7,87,9,4,2,87,100.0,Placed
126,7,59,7,7,2,62,61.18,Not Placed
127,11,75,6,7,5,78,96.23,Placed
128,9,93,6,4,2,46,97.52,Placed
129,10,93,6,2,8,60,100.0,Placed
130,10,94,9,11,10,38,100.0,Placed
131,3,56,9,9,7,78,68.4,Not Placed
132,7,84,4,8,3,57,64.42,Not Placed
133,1,50,7,5,19,74,89.89,Placed
134,4,69,5,5,14,58,86.57,Placed
135,4,74,4,1,4,65,57.59,Not Placed
136,5,80,8,11,6,64,80.41,Placed
137,7,77,9,9,7,37,100.0,Placed
138,7,61,4,11,6,50,76.1,Placed
139,11,92,7,10,7,68,100.0,Placed
140,4,82,8,11,3,72,78.37,Placed
141,7,87,4,8,0,62,75.24,Placed
142,11,90,7,5,4,83,100.0,Placed
143,3,66,7,10,10,78,68.74,Not Placed
144,6,76,9,6,3,75,100.0,Placed
145,2,85,5,10,1,82,53.86,Not Placed
146,10,88,4,11,16,41,100.0,Placed
147,9,74,7,10,11,42,99.95,Placed
148,5,43,6,8,1,41,64.74,Not Placed
149,6,55,7,6,8,87,100.0,Placed
150,4,55,5,10,5,71,51.16,Not Placed
151,11,60,7,4,5,89,100.0,Placed
152,10,65,9,3,17,41,100.0,Placed
153,7,96,4,7,2,84,100.0,Placed
154,9,75,9,2,14,52,100.0,Placed
155,7,58,4,7,6,82,77.41,Placed
156,1,97,8,1,12,73,80.46,Placed
157,1,56,4,10,9,55,52.3,Not Placed
158,9,84,8,5,3,68,100.0,Placed
159,11,65,9,9,15,83,100.0,Placed
160,9,61,6,1,8,91,100.0,Placed
161,4,94,5,8,20,61,97.87,Placed
162,9,97,6,9,9,42,95.55,Placed
163,3,95,8,9,18,68,97.57,Placed
164,7,67,7,8,16,52,78.95,Placed
165,6,40,7,4,0,85,69.63,Not Placed
166,8,83,6,7,12,86,100.0,Placed
167,11,75,7,1,3,75,100.0,Placed
168,9,82,8,7,14,46,100.0,Placed
169,5,76,9,6,9,56,100.0,Placed
170,1,41,5,5,19,85,93.55,Placed
171,3,56,4,1,8,74,69.9,Not Placed
172,10,79,8,8,7,56,100.0,Placed
173,8,77,8,10,19,42,100.0,Placed
174,11,60,4,1,5,76,100.0,Placed
175,6,100,4,1,9,62,98.75,Placed
176,8,48,5,3,19,84,100.0,Placed
177,9,52,5,8,16,81,100.0,Placed
178,4,50,5,8,4,90,64.38,Not Placed
179,1,100,7,7,13,66,83.93,Placed
180,1,55,8,5,16,45,72.47,Placed
181,10,55,9,8,10,55,98.05,Placed
182,4,98,4,2,3,60,65.9,Not Placed
183,7,41,8,8,16,48,94.97,Placed
184,2,81,8,11,1,49,65.41,Not Placed
185,3,83,5,2,20,48,95.34,Placed
186,1,47,5,10,0,46,26.89,Not Placed
187,5,82,8,5,17,70,100.0,Placed
188,1,81,5,11,6,37,46.59,Not Placed
189,8,52,7,4,5,78,93.02,Placed
190,1,96,4,1,5,91,54.25,Not Placed
191,11,56,8,5,13,92,100.0,Placed
192,1,78,4,7,11,41,71.51,Placed
193,2,63,7,1,13,73,100.0,Placed
194,2,42,5,2,13,88,95.76,Placed
195,6,69,6,9,11,91,88.38,Placed
196,7,91,7,5,8,85,100.0,Placed
197,5,52,6,7,8,80,79.31,Placed
198,1,58,4,2,1,35,38.92,Not Placed
199,1,46,8,7,17,73,67.08,Not Placed
200,3,48,5,7,4,59,62.79,Not Placed
201,2,58,7,7,11,65,60.81,Not Placed
202,5,84,5,5,13,56,68.09,Not Placed
203,10,93,6,9,12,44,100.0,Placed
204,6,79,6,2,2,52,55.51,Not Placed
205,7,61,9,4,14,47,91.22,Placed
206,4,57,8,2,14,42,90.5,Placed
207,7,100,6,8,2,43,91.92,Placed
208,11,62,8,11,19,92,100.0,Placed
209,8,41,9,1,18,49,100.0,Placed
210,11,89,7,9,14,42,100.0,Placed
211,1,89,9,5,18,91,96.83,Placed
212,6,50,8,11,7,67,93.96,Placed
213,8,70,6,3,12,69,94.41,Placed
214,5,72,4,11,9,53,72.34,Placed
215,4,53,8,4,1,64,76.14,Placed
216,2,55,5,1,10,43,45.65,Not Placed
217,6,50,4,3,18,53,67.45,Not Placed
218,6,72,8,11,8,81,98.71,Placed
219,11,46,5,8,8,80,87.65,Placed
220,1,70,9,2,5,60,75.2,Placed
221,9,100,4,2,9,35,90.34,Placed
222,11,87,8,9,7,37,100.0,Placed
223,6,85,7,5,14,68,100.0,Placed
224,3,86,9,5,5,59,90.95,Placed
225,4,53,5,1,6,64,79.73,Placed
226,11,67,7,6,19,35,100.0,Placed
227,4,92,6,8,16,93,100.0,Placed
228,3,82,9,6,3,52,62.93,Not Placed
229,10,55,9,7,7,67,100.0,Placed
230,3,58,8,4,12,43,84.9,Placed
231,3,56,8,2,13,41,51.7,Not Placed
232,4,98,5,1,17,64,100.0,Placed
233,7,65,9,6,16,47,99.44,Placed
234,4,45,8,9,17,51,84.89,Placed
235,9,82,6,10,13,47,93.97,Placed
236,1,88,8,5,10,47,78.6,Placed
237,8,48,9,2,9,76,100.0,Placed
238,7,89,4,1,12,94,100.0,Placed
239,2,56,7,3,19,72,88.1,Placed
240,8,70,9,4,15,71,100.0,Placed
241,1,51,6,7,13,44,74.71,Placed
242,11,62,9,9,2,48,88.24,Placed
243,9,93,6,8,17,77,100.0,Placed
244,9,93,9,9,5,39,97.73,Placed
245,2,44,7,7,19,70,80.29,Placed
246,7,82,7,10,2,69,93.23,Placed
247,10,75,6,8,18,80,100.0,Placed
248,3,98,9,8,2,79,70.79,Placed
249,7,75,7,1,11,90,100.0,Placed
250,10,42,5,9,7,57,80.37,Placed
251,9,97,9,2,4,39,93.24,Placed
252,4,63,7,11,16,78,84.06,Placed
253,1,94,4,7,9,91,95.8,Placed
254,2,96,4,10,20,62,100.0,Placed
255,1,56,5,10,16,57,57.7,Not Placed
256,5,78,7,5,8,76,91.85,Placed
257,5,65,4,4,12,68,91.12,Placed
258,11,43,9,1,9,65,94.57,Placed
259,7,94,8,1,7,41,92.79,Placed
260,9,84,7,3,6,41,100.0,Placed
261,9,51,5,1,1,38,73.55,Placed
262,3,40,7,8,1,78,73.74,Placed
263,3,60,6,3,3,66,68.62,Not Placed
264,3,58,6,11,8,62,43.72,Not Placed
265,4,60,4,10,13,90,95.42,Placed
266,8,91,6,2,10,38,95.62,Placed
267,6,57,5,6,20,73,100.0,Placed
268,8,82,4,4,6,86,100.0,Placed
269,1,91,5,11,18,79,86.76,Placed
270,8,42,9,11,3,42,75.41,Placed
271,4,100,5,4,1,48,75.7,Placed
272,11,88,6,2,20,64,100.0,Placed
273,1,83,9,2,18,37,96.91,Placed
274,8,71,6,11,20,36,96.17,Placed
275,4,49,5,6,17,44,76.87,Placed
276,6,79,6,5,20,40,100.0,Placed
277,8,54,6,9,6,89,100.0,Placed
278,4,44,6,4,10,41,78.35,Placed
279,3,43,7,5,9,50,73.06,Placed
280,9,97,9,1,10,40,95.44,Placed
281,3,67,9,2,8,50,78.99,Placed
282,9,92,9,3,2,61,96.04,Placed
283,2,91,5,5,4,90,83.09,Placed
284,2,90,8,5,0,46,61.41,Not Placed
285,2,92,5,4,0,56,83.56,Placed
286,6,43,9,10,19,49,77.37,Placed
287,3,54,4,3,4,56,61.1,Not Placed
288,9,56,6,9,18,69,100.0,Placed
289,4,83,6,1,5,94,92.14,Placed
290,1,42,8,6,2,82,60.97,Not Placed
291,4,49,4,7,20,84,100.0,Placed
292,1,86,7,10,12,49,73.02,Placed
293,5,81,5,4,16,57,100.0,Placed
294,4,95,7,10,2,72,73.6,Placed
295,8,62,4,3,2,83,98.92,Placed
296,8,57,8,8,20,36,91.79,Placed
297,7,40,4,9,12,36,60.88,Not Placed
298,3,74,8,1,1,83,65.89,Not Placed
299,1,92,7,11,2,53,45.94,Not Placed
300,1,97,7,10,19,39,79.76,Placed
301,11,70,4,9,15,38,100.0,Placed
302,3,98,4,7,20,62,94.64,Placed
303,6,83,6,1,11,52,99.32,Placed
304,7,40,8,7,8,74,100.0,Placed
305,6,42,6,5,15,75,91.86,Placed
306,6,42,5,10,3,90,65.34,Not Placed
307,6,76,5,7,19,89,100.0,Placed
308,3,58,4,9,17,92,100.0,Placed
309,6,68,7,8,0,84,83.85,Placed
310,8,64,5,6,6,65,90.45,Placed
311,11,72,5,2,19,56,100.0,Placed
312,11,75,6,8,11,45,100.0,Placed
313,2,100,6,4,7,82,100.0,Placed
314,5,68,5,8,7,50,73.03,Placed
315,1,97,4,7,8,38,69.08,Not Placed
316,1,65,6,4,13,55,65.75,Not Placed
317,5,43,5,8,19,75,100.0,Placed
318,3,88,7,11,4,79,82.56,Placed
319,4,53,6,11,19,59,70.5,Placed
320,3,89,5,11,20,54,91.62,Placed
321,1,66,8,2,1,42,60.17,Not Placed
322,1,72,6,9,20,77,89.42,Placed
323,5,61,8,6,9,87,100.0,Placed
324,6,87,6,7,8,43,82.43,Placed
325,3,42,6,10,6,52,52.57,Not Placed
326,9,62,9,1,17,65,100.0,Placed
327,5,60,9,3,11,86,99.8,Placed
328,8,80,8,10,10,69,96.12,Placed
329,1,62,4,5,9,89,84.8,Placed
330,5,43,5,7,12,64,72.37,Placed
331,3,60,4,1,8,52,67.99,Not Placed
332,1,76,4,9,15,53,62.9,Not Placed
333,4,82,9,5,20,75,100.0,Placed
334,5,70,5,3,16,58,100.0,Placed
335,7,60,9,7,4,84,80.79,Placed
336,1,65,9,10,5,56,63.37,Not Placed
337,3,80,9,8,9,82,89.39,Placed
338,2,97,7,10,10,48,78.09,Placed
339,9,74,4,10,1,53,75.2,Placed
340,10,77,4,3,6,94,100.0,Placed
341,6,63,4,7,13,63,90.03,Placed
342,10,50,7,7,3,56,93.39,Placed
343,3,80,6,4,4,64,92.24,Placed
344,8,68,8,10,18,49,84.33,Placed
345,8,86,8,9,20,55,100.0,Placed
346,2,94,7,1,19,60,91.56,Placed
347,6,99,4,1,9,70,94.75,Placed
348,7,42,8,5,5,46,66.98,Not Placed
349,2,40,7,3,1,41,45.38,Not Placed
350,11,91,9,10,2,45,100.0,Placed
351,10,100,5,9,14,92,100.0,Placed
352,2,93,8,5,9,73,92.06,Placed
353,10,58,5,7,16,54,100.0,Placed
354,1,85,4,1,6,69,64.38,Not Placed
355,8,88,8,2,1,38,80.72,Placed
356,1,61,7,11,6,36,46.5,Not Placed
357,9,53,6,4,14,54,83.68,Placed
358,11,88,8,9,2,81,100.0,Placed
359,6,96,8,5,4,54,90.46,Placed
360,7,98,8,5,7,46,100.0,Placed
361,10,53,8,9,3,87,98.45,Placed
362,7,83,7,8,17,51,100.0,Placed
363,10,55,7,2,18,52,100.0,Placed
364,3,72,6,7,7,74,82.88,Placed
365,2,52,7,1,5,58,80.07,Placed
366,9,77,7,10,4,42,61.88,Not Placed
367,8,88,4,11,4,71,94.26,Placed
368,10,51,4,11,16,90,100.0,Placed
369,7,94,5,9,5,75,81.85,Placed
370,9,90,6,3,12,64,100.0,Placed
371,4,77,4,2,8,54,79.28,Placed
372,4,78,6,4,11,86,100.0,Placed
373,1,72,6,4,9,57,62.84,Not Placed
374,8,72,8,3,0,71,81.82,Placed
375,3,68,9,2,10,93,100.0,Placed
376,7,44,9,5,5,44,78.99,Placed
377,2,45,9,4,2,67,70.51,Placed
378,2,70,6,5,5,58,72.57,Placed
379,7,55,8,8,8,70,100.0,Placed
380,6,70,5,11,7,90,95.04,Placed
381,3,64,5,2,14,50,63.48,Not Placed
382,9,87,9,9,5,84,100.0,Placed
383,10,85,5,10,10,62,100.0,Placed
384,6,72,8,1,9,46,100.0,Placed
385,10,52,9,8,10,54,100.0,Placed
386,10,91,8,5,3,81,100.0,Placed
387,6,49,5,2,12,52,71.63,Placed
388,1,63,9,8,7,71,54.4,Not Placed
389,4,49,8,5,19,92,100.0,Placed
390,10,80,7,10,14,60,100.0,Placed
391,6,70,7,10,6,80,82.52,Placed
392,6,52,8,3,0,90,95.68,Placed
393,11,42,8,7,8,93,88.26,Placed
394,5,98,4,4,7,41,74.86,Placed
395,1,89,4,11,1,77,34.97,Not Placed
396,8,91,6,11,13,81,100.0,Placed
397,5,73,9,10,11,55,82.93,Placed
398,5,88,6,6,16,77,100.0,Placed
399,7,67,6,10,18,66,89.28,Placed
400,4,58,5,8,5,41,56.33,Not Placed
401,6,62,7,1,20,87,100.0,Placed
402,4,84,5,2,4,57,76.38,Placed
403,3,71,9,8,5,54,66.92,Not Placed
404,7,52,8,7,2,54,73.27,Placed
405,8,72,4,10,15,66,91.98,Placed
406,4,73,9,9,17,60,98.3,Placed
407,2,72,8,2,13,70,100.0,Placed
408,10,95,9,8,14,93,100.0,Placed
409,3,44,8,6,3,58,81.78,Placed
410,1,95,4,1,10,35,69.09,Not Placed
411,8,42,8,4,4,92,100.0,Placed
412,3,100,6,2,8,87,90.8,Placed
413,10,99,9,7,4,62,100.0,Placed
414,7,46,4,9,6,60,68.9,Not Placed
415,10,63,8,6,17,68,100.0,Placed
416,5,61,6,4,17,60,87.32,Placed
417,10,84,6,5,19,70,100.0,Placed
418,5,100,7,11,1,39,80.74,Placed
419,7,62,6,1,12,90,100.0,Placed
420,9,69,5,4,12,36,97.66,Placed
421,5,99,4,10,16,66,87.52,Placed
422,1,57,4,3,16,68,81.56,Placed
423,10,71,4,9,5,84,93.27,Placed
424,10,95,8,6,13,64,100.0,Placed
425,1,92,9,4,20,58,89.01,Placed
426,2,46,8,3,13,62,77.3,Placed
427,6,72,5,4,11,80,93.9,Placed
428,9,44,9,8,4,37,81.28,Placed
429,8,88,6,5,4,87,100.0,Placed
430,5,67,8,11,3,84,83.78,Placed
431,1,100,9,1,12,88,100.0,Placed
432,7,47,6,5,3,44,69.72,Not Placed
433,5,54,9,8,17,40,76.29,Placed
434,6,91,6,11,15,68,100.0,Placed
435,7,43,9,4,17,65,89.29,Placed
436,3,73,8,2,1,86,100.0,Placed
437,10,44,8,3,3,77,100.0,Placed
438,3,72,5,11,19,84,76.87,Placed
439,5,96,7,9,16,80,100.0,Placed
440,6,44,4,7,19,92,100.0,Placed
441,9,77,8,3,5,86,100.0,Placed
442,5,73,8,5,17,47,82.71,Placed
443,1,97,6,3,19,95,94.52,Placed
444,4,65,7,10,6,93,87.15,Placed
445,5,40,8,4,12,73,92.33,Placed
446,10,43,9,8,8,87,100.0,Placed
447,10,78,7,3,1,92,100.0,Placed
448,5,93,4,3,7,54,73.6,Placed
449,7,65,9,11,13,66,100.0,Placed
450,4,72,6,11,17,44,79.04,Placed
451,1,72,5,8,0,60,42.55,Not Placed
452,5,47,9,10,8,53,80.36,Placed
453,7,59,4,10,8,63,58.39,Not Placed
454,10,55,9,7,1,95,100.0,Placed
455,10,60,7,7,15,47,98.58,Placed
456,6,84,7,10,3,88,85.88,Placed
457,5,94,4,2,12,68,100.0,Placed
458,4,95,7,7,16,54,99.99,Placed
459,2,65,9,10,10,78,68.42,Not Placed
460,4,62,5,11,1,74,63.01,Not Placed
461,10,57,9,10,3,52,89.57,Placed
462,10,70,5,3,11,91,100.0,Placed
463,3,91,7,7,1,68,64.0,Not Placed
464,10,81,9,4,0,82,100.0,Placed
465,1,51,7,8,5,42,55.01,Not Placed
466,8,40,5,8,15,50,91.44,Placed
467,5,81,7,6,1,74,75.07,Placed
468,4,48,8,3,13,57,83.52,Placed
469,8,42,6,6,19,66,82.22,Placed
470,7,99,9,6,11,47,100.0,Placed
471,2,90,8,3,18,60,92.38,Placed
472,1,65,7,11,2,72,50.9,Not Placed
473,11,48,7,4,18,35,95.45,Placed
474,4,81,6,2,10,36,87.91,Placed
475,8,90,7,1,3,73,100.0,Placed
476,2,55,6,2,16,47,71.2,Placed
477,3,63,9,7,16,61,77.52,Placed
478,1,89,5,10,6,38,53.1,Not Placed
479,1,53,6,5,4,75,58.61,Not Placed
480,3,100,6,9,18,85,100.0,Placed
481,11,42,8,3,20,54,100.0,Placed
482,5,73,7,2,18,37,93.27,Placed
483,3,72,9,4,8,57,88.3,Placed
484,1,89,5,2,16,36,60.94,Not Placed
485,1,63,4,11,8,50,46.59,Not Placed
486,8,48,6,7,13,44,89.02,Placed
487,10,52,4,10,4,62,78.12,Placed
488,11,41,7,6,1,78,98.61,Placed
489,2,46,6,8,14,52,68.22,Not Placed
490,3,87,4,5,15,36,85.79,Placed
491,2,60,8,2,18,48,83.06,Placed
492,3,58,4,4,0,78,43.47,Not Placed
493,7,64,8,1,11,54,84.62,Placed
494,1,86,5,2,18,90,100.0,Placed
495,10,61,7,4,19,90,100.0,Placed
496,8,50,9,6,14,90,100.0,Placed
497,10,72,4,4,4,74,98.87,Placed
498,10,71,6,4,0,57,84.82,Placed
499,10,60,7,11,10,88,100.0,Placed
500,2,78,4,10,8,94,71.53,Placed
501,3,59,6,10,6,41,52.31,Not Placed
502,9,47,6,2,1,79,94.02,Placed
503,7,81,9,9,16,81,100.0,Placed
504,4,76,9,10,15,48,83.22,Placed
505,10,48,6,8,15,71,100.0,Placed
506,5,64,9,8,13,42,92.59,Placed
507,2,64,6,5,1,84,81.69,Placed
508,11,72,4,3,18,39,100.0,Placed
509,8,41,5,6,2,57,67.69,Not Placed
510,4,58,9,9,7,75,80.46,Placed
511,9,85,8,8,20,44,100.0,Placed
512,5,59,8,7,18,83,100.0,Placed
513,9,81,8,11,15,61,100.0,Placed
514,4,80,5,8,3,91,82.36,Placed
515,10,81,6,4,7,69,100.0,Placed
516,5,68,6,6,0,35,65.59,Not Placed
517,9,45,7,5,3,41,95.16,Placed
518,8,56,8,2,6,81,96.72,Placed
519,3,99,8,8,0,85,85.44,Placed
520,1,64,6,3,17,42,71.99,Placed
521,3,77,8,5,3,45,59.16,Not Placed
522,4,43,6,8,19,68,79.8,Placed
523,2,69,6,11,13,86,77.34,Placed
524,1,59,9,9,7,62,79.93,Placed
525,7,42,6,9,17,68,100.0,Placed
526,8,62,4,5,6,77,83.47,Placed
527,7,90,4,2,2,54,90.65,Placed
528,5,57,4,7,20,62,81.79,Placed
529,1,65,4,11,13,83,64.74,Not Placed
530,7,95,5,11,11,95,100.0,Placed
531,7,75,7,7,14,76,100.0,Placed
532,9,47,7,8,7,71,74.46,Placed
533,3,56,6,8,4,37,52.31,Not Placed
534,9,70,8,5,16,43,100.0,Placed
535,1,76,4,1,9,86,78.75,Placed
536,1,84,7,11,10,56,68.81,Not Placed
537,4,96,7,4,15,59,96.04,Placed
538,9,72,4,4,15,36,100.0,Placed
539,6,66,5,11,3,57,64.48,Not Placed
540,11,84,5,3,4,85,100.0,Placed
541,3,43,7,8,9,51,73.05,Placed
542,1,61,5,3,13,91,93.05,Placed
543,4,65,9,5,8,59,81.26,Placed
544,9,71,4,2,17,46,84.23,Placed
545,3,63,7,6,19,61,95.5,Placed
546,9,85,4,6,5,54,76.94,Placed
547,7,74,5,8,10,43,87.42,Placed
548,4,76,4,8,20,57,93.83,Placed
549,3,71,5,1,16,70,92.03,Placed
550,10,46,5,5,8,62,95.27,Placed
551,5,72,4,2,2,84,98.35,Placed
552,5,70,5,10,15,82,100.0,Placed
553,3,94,9,5,19,63,100.0,Placed
554,9,100,6,10,3,87,86.4,Placed
555,4,51,4,9,14,90,100.0,Placed
556,11,50,6,4,1,76,82.32,Placed
557,5,63,4,8,19,92,100.0,Placed
558,4,47,5,1,16,88,97.37,Placed
559,5,71,5,8,18,66,99.45,Placed
560,7,96,7,6,19,46,100.0,Placed
561,9,77,9,8,15,64,100.0,Placed
562,7,99,7,6,18,94,100.0,Placed
563,5,61,6,11,20,45,87.95,Placed
564,10,73,5,3,16,71,100.0,Placed
565,10,58,7,11,3,54,77.46,Placed
566,7,91,5,8,17,45,97.08,Placed
567,10,59,4,5,3,82,100.0,Placed
568,5,95,7,10,20,81,100.0,Placed
569,3,53,6,5,2,72,76.51,Placed
570,7,72,7,7,17,79,100.0,Placed
571,11,49,5,6,20,50,100.0,Placed
572,11,55,8,9,19,93,100.0,Placed
573,2,43,8,7,4,69,62.88,Not Placed
574,9,66,9,3,8,84,100.0,Placed
575,10,67,5,11,14,35,92.22,Placed
576,10,100,4,11,8,59,83.98,Placed
577,1,82,7,5,13,83,84.08,Placed
578,6,55,8,9,20,61,100.0,Placed
579,7,98,4,11,1,86,88.7,Placed
580,8,91,5,10,17,66,100.0,Placed
581,10,72,4,2,12,40,83.96,Placed
582,9,87,5,1,20,75,100.0,Placed
583,2,58,9,11,15,70,78.15,Placed
584,11,60,7,8,5,73,100.0,Placed
585,10,61,4,8,15,57,100.0,Placed
586,2,48,7,2,3,63,60.62,Not Placed
587,5,48,4,8,9,64,68.05,Not Placed
588,5,48,5,5,18,56,81.4,Placed
589,6,66,5,2,10,91,100.0,Placed
590,3,56,4,7,4,45,61.74,Not Placed
591,8,83,9,7,17,60,100.0,Placed
592,1,96,5,3,2,57,45.38,Not Placed
593,6,84,6,1,7,37,87.39,Placed
594,4,47,6,11,10,82,88.46,Placed
595,1,55,7,4,20,40,78.76,Placed
596,7,57,6,2,18,41,88.19,Placed
597,9,100,6,4,20,78,100.0,Placed
598,4,98,9,8,2,73,86.56,Placed
599,4,72,9,2,11,95,100.0,Placed
600,6,40,8,1,14,88,98.32,Placed
601,3,51,8,11,15,85,100.0,Placed
602,6,45,9,3,4,56,76.17,Placed
603,7,80,8,10,18,82,100.0,Placed
604,11,94,9,7,5,84,100.0,Placed
605,10,44,8,6,11,76,94.96,Placed
606,10,98,5,6,18,95,100.0,Placed
607,3,55,9,7,8,67,81.56,Placed
608,7,57,7,8,17,74,100.0,Placed
609,3,88,7,3,2,37,56.75,Not Placed
610,2,57,9,3,13,64,82.71,Placed
611,10,40,6,10,20,82,100.0,Placed
612,4,58,7,8,4,58,63.17,Not Placed
613,8,93,6,7,4,37,76.75,Placed
614,9,100,7,10,3,36,93.94,Placed
615,7,47,4,5,15,78,87.31,Placed
616,1,42,4,4,12,74,69.74,Not Placed
617,3,97,9,6,7,53,87.72,Placed
618,9,64,7,9,20,58,100.0,Placed
619,1,97,5,6,15,84,96.31,Placed
620,9,44,6,8,1,54,65.19,Not Placed
621,8,94,7,1,7,91,100.0,Placed
622,1,79,9,6,2,81,71.38,Placed
623,6,58,6,2,8,83,97.58,Placed
624,5,57,8,3,10,84,80.11,Placed
625,6,89,9,6,20,65,100.0,Placed
626,10,92,7,2,19,84,100.0,Placed
627,5,70,5,4,0,75,83.45,Placed
628,6,72,8,6,0,92,89.07,Placed
629,5,86,9,5,7,65,95.06,Placed
630,11,57,7,6,15,71,100.0,Placed
631,5,100,4,6,9,77,76.36,Placed
632,4,96,7,8,1,63,77.04,Placed
633,3,78,4,9,15,38,66.88,Not Placed
634,3,55,4,5,3,92,84.23,Placed
635,4,55,9,6,18,44,93.64,Placed
636,9,86,7,6,8,70,100.0,Placed
637,2,77,7,6,2,89,84.64,Placed
638,9,80,4,2,10,69,100.0,Placed
639,1,46,6,4,7,91,69.55,Not Placed
640,1,53,8,1,6,82,83.35,Placed
641,5,82,5,1,0,55,89.93,Placed
642,6,92,7,1,7,77,98.62,Placed
643,6,87,8,7,16,75,100.0,Placed
644,3,64,8,1,10,35,55.41,Not Placed
645,7,71,6,6,6,76,90.57,Placed
646,9,77,8,2,8,46,100.0,Placed
647,11,61,7,6,13,58,100.0,Placed
648,10,98,9,6,4,36,100.0,Placed
649,8,55,9,11,17,81,100.0,Placed
650,6,91,8,3,12,90,100.0,Placed
651,8,68,7,8,4,54,83.75,Placed
652,5,55,7,11,7,50,65.0,Not Placed
653,8,51,4,4,14,68,100.0,Placed
654,10,56,6,7,3,47,100.0,Placed
655,4,76,5,4,0,52,68.47,Not Placed
656,10,66,4,1,5,63,87.89,Placed
657,8,64,5,6,18,88,100.0,Placed
658,10,52,7,5,11,85,100.0,Placed
659,2,47,9,9,6,77,60.98,Not Placed
660,5,95,4,9,12,48,73.89,Placed
661,9,44,8,11,6,64,88.79,Placed
662,4,51,8,8,8,92,72.23,Placed
663,11,80,5,7,0,69,100.0,Placed
664,6,42,7,2,20,43,100.0,Placed
665,1,74,9,8,12,71,74.79,Placed
666,9,72,5,3,18,80,100.0,Placed
667,1,96,9,6,20,73,100.0,Placed
668,5,61,6,10,0,46,65.48,Not Placed
669,4,89,9,7,19,55,100.0,Placed
670,3,95,8,6,20,52,90.62,Placed
671,6,83,4,5,18,45,96.98,Placed
672,2,48,4,4,17,61,73.93,Placed
673,3,80,4,2,4,58,72.2,Placed
674,5,57,9,9,2,75,67.39,Not Placed
675,9,89,8,7,1,77,87.42,Placed
676,2,68,9,7,9,84,64.94,Not Placed
677,10,78,7,4,5,68,89.76,Placed
678,8,66,8,5,18,54,92.18,Placed
679,2,75,8,6,16,47,92.35,Placed
680,11,84,9,11,18,81,100.0,Placed
681,5,56,9,2,12,42,87.6,Placed
682,7,95,4,4,16,71,100.0,Placed
683,8,73,8,4,17,39,87.07,Placed
684,1,85,4,4,10,41,67.95,Not Placed
685,6,42,7,7,19,78,100.0,Placed
686,1,44,6,7,19,86,84.16,Placed
687,2,53,4,7,12,46,52.22,Not Placed
688,1,42,9,7,10,75,64.28,Not Placed
689,11,62,5,2,19,38,100.0,Placed
690,5,78,6,5,18,74,98.33,Placed
691,10,69,7,10,9,53,100.0,Placed
692,9,89,9,2,2,88,100.0,Placed
693,6,84,6,5,20,35,100.0,Placed
694,11,100,9,6,5,89,100.0,Placed
695,11,62,4,3,6,77,100.0,Placed
696,1,66,9,6,20,89,100.0,Placed
697,1,93,7,5,19,47,93.99,Placed
698,2,49,5,4,4,84,82.05,Placed
699,9,64,4,10,8,87,100.0,Placed
700,3,52,4,9,9,86,55.71,Not Placed
701,1,55,7,11,13,76,61.92,Not Placed
702,5,80,7,8,10,79,93.49,Placed
703,7,73,6,7,16,59,100.0,Placed
704,6,94,5,11,10,78,100.0,Placed
705,1,76,9,1,6,79,84.92,Placed
706,5,100,6,9,10,68,100.0,Placed
707,5,61,9,9,12,69,75.62,Placed
708,6,56,9,6,18,95,100.0,Placed
709,3,62,9,7,5,51,71.65,Placed
710,5,93,6,3,1,60,61.28,Not Placed
711,7,75,4,5,13,55,96.46,Placed
712,5,88,7,7,15,85,100.0,Placed
713,5,48,4,1,6,46,69.05,Not Placed
714,5,91,5,1,0,50,68.95,Not Placed
715,10,41,6,5,1,86,99.43,Placed
716,10,71,5,9,8,54,100.0,Placed
717,3,95,7,7,17,88,100.0,Placed
718,1,89,7,1,20,44,98.25,Placed
719,5,92,8,5,19,57,100.0,Placed
720,9,98,5,8,17,89,100.0,Placed
721,1,61,4,8,17,81,74.22,Placed
722,3,82,5,2,9,64,92.54,Placed
723,4,52,6,7,7,93,74.05,Placed
724,1,47,7,10,20,42,71.91,Placed
725,1,98,7,5,7,85,90.64,Placed
726,8,40,5,9,1,39,49.8,Not Placed
727,2,56,5,3,17,46,65.66,Not Placed
728,8,51,9,1,10,76,100.0,Placed
729,7,43,5,4,10,88,98.41,Placed
730,10,92,9,7,18,48,100.0,Placed
731,10,52,6,1,10,94,100.0,Placed
732,2,70,6,2,9,88,100.0,Placed
733,6,100,4,5,7,46,90.79,Placed
734,6,80,5,9,14,58,100.0,Placed
735,3,98,4,1,7,79,87.67,Placed
736,11,46,8,4,18,87,100.0,Placed
737,2,62,6,3,0,87,66.65,Not Placed
738,1,63,7,5,19,51,76.51,Placed
739,6,44,9,5,2,35,53.97,Not Placed
740,5,44,8,10,20,88,100.0,Placed
741,11,56,7,2,11,76,100.0,Placed
742,9,69,8,5,15,92,100.0,Placed
743,1,48,4,9,15,71,52.96,Not Placed
744,7,45,4,5,16,45,66.53,Not Placed
745,5,64,9,11,15,76,96.07,Placed
746,5,58,6,10,8,40,58.26,Not Placed
747,2,55,9,2,18,49,90.0,Placed
748,11,60,7,7,0,75,97.09,Placed
749,3,41,8,6,17,74,98.65,Placed
750,7,49,9,7,5,57,100.0,Placed
751,6,55,5,8,5,57,82.68,Placed
752,2,76,5,10,11,72,74.4,Placed
753,6,54,6,5,2,72,84.73,Placed
754,2,52,9,2,10,83,100.0,Placed
755,2,52,7,7,5,46,50.07,Not Placed
756,2,71,5,7,13,41,75.75,Placed
757,11,84,6,8,17,71,100.0,Placed
758,3,86,9,7,15,50,90.72,Placed
759,2,85,6,10,12,89,91.79,Placed
760,4,47,7,7,0,72,84.96,Placed
761,9,82,5,9,5,74,90.65,Placed
762,6,57,5,8,13,69,85.91,Placed
763,1,95,5,2,16,74,99.26,Placed
764,8,75,4,2,12,63,94.44,Placed
765,7,65,5,7,12,73,95.56,Placed
766,10,49,8,10,8,51,78.91,Placed
767,3,70,4,11,5,85,50.37,Not Placed
768,1,72,9,10,5,60,65.5,Not Placed
769,5,68,4,3,4,54,59.07,Not Placed
770,4,44,4,1,20,80,88.78,Placed
771,10,52,4,9,13,59,100.0,Placed
772,8,40,6,3,13,94,100.0,Placed
773,1,62,8,1,3,72,70.33,Placed
774,10,79,7,6,1,73,97.48,Placed
775,1,42,5,4,1,71,67.09,Not Placed
776,4,42,4,1,16,53,100.0,Placed
777,8,46,7,4,9,55,96.57,Placed
778,5,75,6,8,13,66,64.47,Not Placed
779,2,74,7,11,18,62,82.45,Placed
780,6,54,4,7,16,73,82.43,Placed
781,5,79,9,1,10,75,100.0,Placed
782,2,42,8,10,6,46,56.81,Not Placed
783,11,68,7,9,8,91,100.0,Placed
784,11,69,4,6,13,81,100.0,Placed
785,11,78,4,2,3,49,90.18,Placed
786,3,57,5,3,13,62,91.28,Placed
787,9,50,9,7,19,90,100.0,Placed
788,7,82,5,3,19,55,100.0,Placed
789,7,88,9,3,16,50,99.29,Placed
790,11,99,8,5,18,57,100.0,Placed
791,6,77,5,3,16,86,100.0,Placed
792,8,79,8,3,13,60,100.0,Placed
793,4,40,6,11,12,49,61.46,Not Placed
794,8,68,6,5,13,71,96.16,Placed
795,4,49,9,5,15,46,98.39,Placed
796,8,67,9,9,20,38,98.72,Placed
797,9,96,5,1,14,69,100.0,Placed
798,3,70,6,1,18,65,90.7,Placed
799,3,58,7,11,10,95,91.07,Placed
800,11,42,7,9,11,61,97.46,Placed
801,2,75,7,5,10,95,81.1,Placed
802,10,82,6,4,4,66,100.0,Placed
803,3,54,7,2,7,67,70.03,Placed
804,3,72,8,9,5,47,66.2,Not Placed
805,5,80,4,6,15,71,82.71,Placed
806,5,82,9,9,11,78,85.72,Placed
807,2,90,5,5,5,36,76.28,Placed
808,10,84,8,4,12,72,100.0,Placed
809,6,65,7,7,6,71,85.44,Placed
810,5,55,4,5,7,93,81.97,Placed
811,6,75,5,8,11,84,89.22,Placed
812,1,72,8,8,1,90,75.33,Placed
813,5,59,5,2,8,39,87.1,Placed
814,9,52,9,5,12,52,100.0,Placed
815,10,72,6,10,16,82,100.0,Placed
816,2,44,7,8,12,51,60.86,Not Placed
817,1,76,8,3,15,36,82.45,Placed
818,10,53,8,7,0,83,100.0,Placed
819,11,66,4,3,6,76,100.0,Placed
820,9,62,4,6,12,92,100.0,Placed
821,10,53,4,2,13,69,100.0,Placed
822,9,79,5,6,20,48,100.0,Placed
823,9,43,7,6,16,85,100.0,Placed
824,6,78,5,8,15,46,97.18,Placed
825,8,91,7,5,14,92,100.0,Placed
826,11,58,8,1,16,67,100.0,Placed
827,1,86,5,8,1,41,45.67,Not Placed
828,10,93,5,9,11,92,100.0,Placed
829,4,43,5,1,2,73,86.66,Placed
830,1,69,6,5,8,79,62.24,Not Placed
831,8,58,9,6,5,43,83.85,Placed
832,1,70,7,4,5,39,51.89,Not Placed
833,3,70,7,11,6,38,54.81,Not Placed
834,4,48,5,2,7,66,72.48,Placed
835,8,92,6,5,2,39,75.52,Placed
836,6,52,5,4,14,90,100.0,Placed
837,10,53,7,7,5,90,93.35,Placed
838,7,94,9,6,10,94,100.0,Placed
839,8,99,9,3,2,86,100.0,Placed
840,2,85,8,9,15,78,81.79,Placed
841,10,93,6,4,5,42,88.26,Placed
842,11,49,9,11,10,47,100.0,Placed
843,8,87,6,5,7,38,82.76,Placed
844,3,70,5,3,9,86,100.0,Placed
845,7,76,8,8,9,45,67.47,Not Placed
846,3,62,7,11,2,49,43.48,Not Placed
847,7,66,9,7,13,90,100.0,Placed
848,11,45,9,11,18,80,100.0,Placed
849,2,65,4,11,20,52,79.73,Placed
850,10,41,7,7,20,54,100.0,Placed
851,6,84,9,8,8,35,80.39,Placed
852,3,100,9,7,12,35,76.87,Placed
853,3,52,7,3,8,45,60.09,Not Placed
854,9,90,8,3,20,63,100.0,Placed
855,7,89,6,2,11,95,100.0,Placed
856,5,99,7,1,13,63,88.74,Placed
857,10,58,6,5,4,58,97.97,Placed
858,7,40,8,4,5,54,80.99,Placed
859,9,79,8,11,12,64,100.0,Placed
860,1,71,5,2,12,72,91.08,Placed
861,7,61,4,1,5,39,82.15,Placed
862,6,87,8,3,13,79,100.0,Placed
863,10,68,8,6,10,44,100.0,Placed
864,9,41,6,2,12,40,85.67,Placed
865,1,79,8,10,11,38,69.33,Not Placed
866,4,77,7,7,15,38,90.61,Placed
867,9,87,5,11,5,41,58.33,Not Placed
868,4,94,5,7,8,82,100.0,Placed
869,10,50,7,11,16,67,100.0,Placed
870,3,56,9,3,19,43,95.01,Placed
871,9,94,8,1,15,60,100.0,Placed
872,2,90,4,9,11,85,81.33,Placed
873,4,82,8,11,17,86,99.14,Placed
874,6,99,5,5,8,81,100.0,Placed
875,2,47,4,2,2,75,88.29,Placed
876,8,61,9,8,9,55,93.19,Placed
877,8,43,6,10,10,94,91.09,Placed
878,1,50,6,10,1,86,68.32,Not Placed
879,3,47,8,4,7,94,64.53,Not Placed
880,10,48,8,11,19,56,100.0,Placed
881,9,65,4,10,10,67,86.94,Placed
882,5,41,4,7,17,92,100.0,Placed
883,6,55,9,5,19,67,100.0,Placed
884,4,70,8,3,6,82,80.2,Placed
885,10,45,5,10,13,39,93.07,Placed
886,2,92,6,8,6,55,60.79,Not Placed
887,11,60,9,2,0,61,100.0,Placed
888,8,65,4,1,11,75,100.0,Placed
889,11,98,5,5,0,35,99.55,Placed
890,6,58,8,11,2,85,76.61,Placed
891,5,67,7,4,1,50,39.89,Not Placed
892,9,47,4,11,2,69,64.35,Not Placed
893,1,53,9,10,3,70,59.03,Not Placed
894,5,63,7,7,13,78,88.6,Placed
895,6,87,5,9,17,66,100.0,Placed
896,5,83,6,6,4,63,70.69,Placed
897,6,76,5,11,14,73,99.57,Placed
898,6,95,6,1,15,81,100.0,Placed
899,7,65,5,8,7,57,82.96,Placed
900,4,70,4,2,20,49,96.29,Placed
901,11,95,4,4,7,60,100.0,Placed
902,8,90,9,3,6,71,100.0,Placed
903,7,71,7,6,5,59,82.34,Placed
904,9,89,5,2,6,89,100.0,Placed
905,7,80,5,5,18,36,94.52,Placed
906,3,41,7,11,0,46,40.62,Not Placed
907,3,64,8,9,12,53,68.95,Not Placed
908,8,91,9,3,6,93,100.0,Placed
909,5,83,5,2,0,66,93.99,Placed
910,4,100,9,2,9,57,95.49,Placed
911,8,41,5,9,12,39,86.5,Placed
912,6,81,5,6,3,89,96.44,Placed
913,2,40,8,2,6,59,68.67,Not Placed
914,4,75,4,3,5,91,89.66,Placed
915,11,96,9,1,5,69,100.0,Placed
916,4,51,7,2,20,90,100.0,Placed
917,6,48,9,2,10,63,100.0,Placed
918,6,75,8,11,8,72,100.0,Placed
919,1,80,6,2,6,79,78.63,Placed
920,8,67,6,7,8,54,89.99,Placed
921,6,77,8,3,5,81,100.0,Placed
922,3,72,8,11,18,70,80.82,Placed
923,9,81,4,4,13,86,100.0,Placed
924,2,100,9,2,0,41,51.23,Not Placed
925,11,85,9,5,15,56,100.0,Placed
926,8,61,6,9,8,52,96.22,Placed
927,10,64,7,9,14,87,100.0,Placed
928,3,100,9,7,18,55,100.0,Placed
929,5,57,5,8,9,56,69.04,Not Placed
930,6,45,5,5,15,73,94.98,Placed
931,10,57,4,5,2,46,77.72,Placed
932,6,91,4,3,18,45,78.31,Placed
933,4,55,6,6,12,90,88.55,Placed
934,3,54,7,1,13,46,70.49,Placed
935,4,87,7,3,6,60,87.85,Placed
936,1,47,8,11,1,64,60.76,Not Placed
937,4,52,4,2,13,49,72.77,Placed
938,1,94,9,7,16,42,86.31,Placed
939,1,82,5,9,12,77,74.47,Placed
940,10,99,9,4,1,87,100.0,Placed
941,6,100,5,7,4,52,100.0,Placed
942,5,96,6,8,3,44,88.15,Placed
943,11,46,5,10,2,42,69.44,Not Placed
944,4,56,9,2,13,72,100.0,Placed
945,11,89,9,7,10,69,100.0,Placed
946,3,71,7,3,7,54,88.12,Placed
947,1,61,7,8,8,46,46.84,Not Placed
948,6,94,4,6,15,83,100.0,Placed
949,2,90,9,3,2,37,68.99,Not Placed
950,8,96,6,8,9,54,97.76,Placed
951,10,52,5,11,0,84,88.9,Placed
952,5,86,4,3,8,46,79.5,Placed
953,7,62,8,9,15,88,100.0,Placed
954,10,93,8,11,8,58,100.0,Placed
955,2,68,5,3,11,50,63.11,Not Placed
956,8,61,5,1,0,94,99.78,Placed
957,2,40,5,2,15,88,83.87,Placed
958,4,68,7,4,7,44,68.3,Not Placed
959,1,87,5,11,13,53,52.61,Not Placed
960,5,44,8,2,13,75,100.0,Placed
961,9,97,5,4,9,48,100.0,Placed
962,1,74,9,4,0,86,64.42,Not Placed
963,9,94,6,4,5,48,99.13,Placed
964,11,49,8,1,8,56,100.0,Placed
965,8,58,6,9,18,38,99.98,Placed
966,6,76,8,10,15,81,100.0,Placed
967,7,46,4,11,18,86,93.08,Placed
968,3,85,9,7,10,93,100.0,Placed
969,1,74,8,2,20,68,92.8,Placed
970,5,84,9,3,10,92,100.0,Placed
971,2,52,8,8,13,52,64.15,Not Placed
972,5,49,6,7,6,68,70.08,Placed
973,8,41,6,4,11,52,85.05,Placed
974,11,45,8,4,19,74,100.0,Placed
975,9,47,8,9,19,65,100.0,Placed
976,2,75,7,5,4,76,79.85,Placed
977,3,64,9,11,0,54,46.07,Not Placed
978,3,83,9,5,10,70,100.0,Placed
979,1,99,9,7,14,76,94.92,Placed
980,8,86,9,1,9,44,100.0,Placed
981,6,79,4,3,14,93,100.0,Placed
982,8,46,4,2,12,37,85.41,Placed
983,11,85,5,11,14,55,100.0,Placed
984,9,62,8,10,1,70,91.5,Placed
985,5,58,8,6,12,89,98.04,Placed
986,3,85,8,11,11,44,98.34,Placed
987,5,61,8,6,3,41,79.15,Placed
988,5,52,9,10,11,56,64.56,Not Placed
989,5,100,9,1,14,57,100.0,Placed
990,3,60,4,6,12,46,67.91,Not Placed
991,11,40,6,10,1,73,100.0,Placed
992,10,98,7,2,19,47,100.0,Placed
993,4,58,9,11,15,74,66.94,Not Placed
994,9,100,9,4,13,93,100.0,Placed
995,10,99,9,6,20,47,100.0,Placed
996,9,72,6,3,1,67,87.49,Placed
997,2,43,6,3,16,65,73.59,Placed
998,8,81,4,3,15,82,100.0,Placed
999,8,42,9,4,3,85,98.85,Placed
1000,7,66,7,9,10,62,97.2,Placed
1001,8,91,8,4,12,53,100.0,Placed
1002,3,80,9,4,5,55,98.11,Placed
1003,6,74,4,4,16,66,99.82,Placed
1004,1,67,4,7,0,60,52.84,Not Placed
1005,7,45,7,5,8,47,89.15,Placed
1006,1,45,5,2,20,63,73.84,Placed
1007,9,94,4,7,17,41,93.06,Placed
1008,1,96,6,3,10,81,92.28,Placed
1009,1,83,6,11,13,60,67.2,Not Placed
1010,7,62,8,1,1,40,86.7,Placed
1011,2,72,4,9,19,66,89.04,Placed
1012,5,55,8,5,10,70,99.39,Placed
1013,8,63,4,10,1,88,75.74,Placed
1014,8,44,7,1,3,57,79.56,Placed
1015,3,80,9,11,12,86,94.27,Placed
1016,7,81,4,1,5,45,82.82,Placed
1017,3,52,5,1,6,90,85.97,Placed
1018,6,86,6,9,19,55,100.0,Placed
1019,6,51,7,8,2,53,66.9,Not Placed
1020,3,44,9,11,3,68,48.14,Not Placed
1021,7,76,9,6,20,83,100.0,Placed
1022,3,70,6,10,19,81,80.98,Placed
1023,8,67,9,6,2,86,87.05,Placed
1024,10,67,8,6,0,84,100.0,Placed
1025,4,69,7,4,18,78,100.0,Placed
1026,1,57,5,5,20,69,83.45,Placed
1027,4,83,6,10,12,83,99.32,Placed
1028,7,66,4,3,13,65,100.0,Placed
1029,11,74,4,3,15,80,100.0,Placed
1030,4,65,4,10,3,63,68.63,Not Placed
1031,6,96,7,7,16,40,100.0,Placed
1032,9,78,5,5,9,70,89.33,Placed
1033,1,88,9,8,6,87,67.76,Not Placed
1034,5,90,5,5,12,65,91.6,Placed
1035,11,99,5,4,12,66,100.0,Placed
1036,7,57,6,3,13,74,100.0,Placed
1037,1,72,7,2,5,93,79.92,Placed
1038,4,64,4,3,15,54,66.74,Not Placed
1039,6,95,6,7,8,56,86.82,Placed
1040,2,70,9,8,19,37,62.32,Not Placed
1041,10,76,5,5,15,42,100.0,Placed
1042,5,98,4,11,20,79,100.0,Placed
1043,11,99,7,1,20,53,100.0,Placed
1044,10,41,8,3,11,65,100.0,Placed
1045,1,72,5,4,15,66,83.75,Placed
1046,6,78,5,10,4,49,59.8,Not Placed
1047,6,100,5,4,10,89,100.0,Placed
1048,4,82,5,1,0,73,62.03,Not Placed
1049,8,82,4,10,9,65,86.79,Placed
1050,4,71,7,9,10,37,62.55,Not Placed
1051,8,57,6,10,14,85,100.0,Placed
1052,8,56,4,4,2,92,89.08,Placed
1053,5,73,7,2,14,66,100.0,Placed
1054,4,78,6,9,10,44,53.56,Not Placed
1055,2,46,5,4,8,62,55.2,Not Placed
1056,11,81,7,4,1,61,100.0,Placed
1057,3,93,5,11,11,82,95.96,Placed
1058,3,92,7,6,19,80,100.0,Placed
1059,4,74,9,8,15,74,99.47,Placed
1060,4,69,8,5,15,77,88.73,Placed
1061,10,51,5,8,20,65,100.0,Placed
1062,11,74,5,1,0,85,100.0,Placed
1063,11,50,5,4,15,68,100.0,Placed
1064,5,100,9,1,5,39,91.35,Placed
1065,4,83,4,3,13,45,88.37,Placed
1066,11,96,6,11,10,41,100.0,Placed
1067,10,43,5,7,0,42,69.81,Not Placed
1068,8,64,5,1,19,51,100.0,Placed
1069,6,87,4,5,16,78,100.0,Placed
1070,6,71,4,1,18,84,100.0,Placed
1071,8,59,8,6,1,95,100.0,Placed
1072,7,89,7,9,13,73,100.0,Placed
1073,10,70,5,3,7,75,100.0,Placed
1074,11,43,7,11,5,85,100.0,Placed
1075,10,93,4,11,8,48,84.98,Placed
1076,8,77,4,6,4,58,73.81,Placed
1077,2,92,8,4,4,64,100.0,Placed
1078,9,86,6,6,17,92,100.0,Placed
1079,1,40,9,2,13,85,82.64,Placed
1080,8,42,9,4,11,86,100.0,Placed
1081,11,76,9,7,11,84,100.0,Placed
1082,4,61,4,11,5,91,72.52,Placed
1083,4,56,5,6,3,49,58.75,Not Placed
1084,5,53,8,9,14,87,100.0,Placed
1085,8,80,6,11,14,87,97.61,Placed
1086,5,74,9,7,16,38,78.42,Placed
1087,8,97,8,1,2,47,100.0,Placed
1088,10,52,4,6,9,39,89.36,Placed
1089,1,74,9,11,20,65,96.04,Placed
1090,10,82,6,3,7,46,100.0,Placed
1091,9,41,7,8,8,64,87.61,Placed
1092,6,95,6,1,2,83,100.0,Placed
1093,3,86,5,10,0,44,42.99,Not Placed
1094,8,52,9,2,10,64,77.94,Placed
1095,9,90,9,3,12,60,100.0,Placed
1096,6,93,7,3,11,78,100.0,Placed
1097,11,55,7,7,20,40,100.0,Placed
1098,7,57,9,8,6,61,70.27,Placed
1099,1,46,5,9,1,54,47.51,Not Placed
1100,5,84,7,7,0,62,69.68,Not Placed
1101,5,75,4,8,19,54,95.98,Placed
1102,10,80,9,11,2,46,90.62,Placed
1103,4,69,6,6,3,79,68.45,Not Placed
1104,6,81,6,2,16,55,100.0,Placed
1105,7,80,5,1,17,64,100.0,Placed
1106,9,46,4,3,16,83,100.0,Placed
1107,1,54,7,9,18,86,87.74,Placed
1108,6,99,9,7,3,44,81.15,Placed
1109,7,79,6,2,16,85,99.97,Placed
1110,3,58,6,1,1,39,58.42,Not Placed
1111,8,82,6,2,9,92,100.0,Placed
1112,5,76,6,3,11,71,100.0,Placed
1113,9,41,8,6,12,42,94.83,Placed
1114,5,81,5,9,10,64,87.95,Placed
1115,9,87,7,8,20,51,100.0,Placed
1116,10,94,9,10,7,37,77.1,Placed
1117,4,52,9,9,19,55,78.78,Placed
1118,9,79,9,11,4,50,89.86,Placed
1119,5,80,7,11,1,66,81.93,Placed
1120,10,82,5,8,11,61,100.0,Placed
1121,9,82,4,7,1,85,84.94,Placed
1122,3,94,5,6,5,40,73.06,Placed
1123,4,97,6,8,18,76,82.6,Placed
1124,9,70,6,6,11,50,94.99,Placed
1125,10,55,5,2,12,79,100.0,Placed
1126,11,81,5,9,16,37,100.0,Placed
1127,6,100,7,9,11,88,100.0,Placed
1128,2,95,7,3,2,74,76.02,Placed
1129,7,83,8,9,7,54,100.0,Placed
1130,2,96,9,2,15,74,97.17,Placed
1131,11,45,8,3,3,41,85.51,Placed
1132,2,67,9,6,12,93,79.69,Placed
1133,11,71,6,4,7,45,100.0,Placed
1134,1,83,8,8,0,63,46.17,Not Placed
1135,11,49,8,1,2,86,100.0,Placed
1136,11,89,4,6,0,37,73.82,Placed
1137,11,57,5,2,14,55,100.0,Placed
1138,3,43,7,6,17,87,80.28,Placed
1139,6,48,8,1,19,66,100.0,Placed
1140,8,46,7,2,2,64,96.77,Placed
1141,9,89,9,9,14,73,100.0,Placed
1142,7,47,8,6,4,45,65.09,Not Placed
1143,4,82,9,8,20,51,99.22,Placed
1144,6,46,8,7,9,59,81.84,Placed
1145,5,80,6,9,6,84,94.58,Placed
1146,8,79,4,9,7,59,73.85,Placed
1147,1,42,9,11,2,43,43.98,Not Placed
1148,1,56,5,4,17,79,95.5,Placed
1149,11,41,5,7,16,63,96.95,Placed
1150,6,54,6,5,15,49,90.21,Placed
1151,10,85,6,7,12,53,98.13,Placed
1152,2,68,5,4,3,49,68.65,Not Placed
1153,5,89,9,10,2,73,100.0,Placed
1154,1,87,5,11,10,69,57.59,Not Placed
1155,7,91,4,11,1,90,90.52,Placed
1156,1,61,8,1,17,74,95.77,Placed
1157,4,43,4,4,3,47,56.74,Not Placed
1158,9,96,5,10,16,50,100.0,Placed
1159,1,91,8,3,5,37,60.29,Not Placed
1160,4,45,5,9,9,87,61.34,Not Placed
1161,6,77,4,5,10,65,88.48,Placed
1162,6,65,4,4,4,89,96.94,Placed
1163,8,50,9,8,17,35,100.0,Placed
1164,1,65,9,5,9,69,78.4,Placed
1165,7,56,4,3,8,50,71.31,Placed
1166,1,63,8,2,15,35,60.19,Not Placed
1167,7,67,9,8,9,84,97.42,Placed
1168,3,74,9,2,9,48,63.4,Not Placed
1169,11,70,7,8,3,41,65.07,Not Placed
1170,8,52,7,5,20,57,94.95,Placed
1171,3,93,9,8,13,69,98.52,Placed
1172,1,74,5,5,7,63,49.52,Not Placed
1173,8,55,8,1,0,56,88.99,Placed
1174,3,54,6,11,15,50,61.23,Not Placed
1175,2,82,9,11,16,63,98.63,Placed
1176,1,57,7,2,9,40,56.19,Not Placed
1177,3,86,8,6,5,52,70.28,Placed
1178,2,76,8,3,6,63,69.9,Not Placed
1179,2,87,7,8,17,59,80.31,Placed
1180,6,87,8,5,1,79,94.08,Placed
1181,1,88,8,3,20,90,100.0,Placed
1182,2,80,7,10,8,36,59.94,Not Placed
1183,6,66,4,7,4,78,67.87,Not Placed
1184,3,94,9,8,7,66,89.57,Placed
1185,4,74,5,4,4,70,65.3,Not Placed
1186,1,91,6,11,14,66,66.62,Not Placed
1187,8,84,5,9,7,75,91.23,Placed
1188,7,93,4,6,4,54,92.05,Placed
1189,7,74,4,1,4,89,87.21,Placed
1190,3,67,8,5,19,71,100.0,Placed
1191,10,78,5,5,16,76,96.11,Placed
1192,10,100,4,7,8,72,100.0,Placed
1193,3,77,5,7,1,67,75.45,Placed
1194,2,48,4,6,0,86,63.68,Not Placed
1195,1,51,6,8,20,39,66.8,Not Placed
1196,7,54,4,2,10,40,73.84,Placed
1197,7,60,5,7,14,56,81.59,Placed
1198,2,91,8,10,0,55,52.84,Not Placed
1199,7,74,5,7,6,53,75.99,Placed
1200,8,81,7,4,18,77,100.0,Placed
1201,1,72,5,10,14,49,62.99,Not Placed
1202,9,90,6,2,5,68,100.0,Placed
1203,7,58,9,4,19,81,100.0,Placed
1204,3,94,6,4,9,41,93.83,Placed
1205,8,62,6,6,11,51,92.14,Placed
1206,7,52,4,7,12,78,86.8,Placed
1207,11,83,6,3,14,78,100.0,Placed
1208,8,40,5,10,18,39,92.92,Placed
1209,6,90,9,1,16,86,100.0,Placed
1210,9,68,8,3,12,73,100.0,Placed
1211,5,63,6,9,1,36,46.56,Not Placed
1212,3,55,5,1,17,61,90.06,Placed
1213,3,64,4,8,10,79,75.83,Placed
1214,1,94,4,2,4,58,73.82,Placed
1215,8,62,8,6,3,75,89.29,Placed
1216,2,67,8,3,1,95,83.68,Placed
1217,3,86,5,7,15,81,76.42,Placed
1218,8,55,8,2,6,62,95.7,Placed
1219,8,82,8,4,7,92,100.0,Placed
1220,11,95,4,10,7,81,100.0,Placed
1221,4,77,5,9,1,35,52.78,Not Placed
1222,4,50,9,6,14,87,100.0,Placed
1223,5,42,8,4,4,86,88.91,Placed
1224,6,54,5,2,18,55,79.69,Placed
1225,5,40,6,10,9,91,80.5,Placed
1226,7,46,4,9,8,62,79.63,Placed
1227,2,40,9,4,19,37,90.17,Placed
1228,7,88,4,9,7,64,99.49,Placed
1229,10,71,4,2,4,35,86.26,Placed
1230,7,48,7,7,18,93,100.0,Placed
1231,1,68,5,11,12,85,72.42,Placed
1232,7,65,6,11,13,86,95.17,Placed
1233,5,62,8,5,7,79,100.0,Placed
1234,3,84,6,8,15,81,100.0,Placed
1235,3,82,5,11,4,79,73.69,Placed
1236,4,68,4,8,0,52,49.07,Not Placed
1237,2,91,7,4,18,83,100.0,Placed
1238,2,77,5,4,18,67,90.49,Placed
1239,1,72,9,8,16,49,86.82,Placed
1240,5,46,9,3,20,58,98.35,Placed
1241,4,51,5,7,9,70,74.68,Placed
1242,11,70,8,8,4,94,100.0,Placed
1243,10,71,6,8,6,68,97.2,Placed
1244,2,93,6,11,15,60,83.76,Placed
1245,3,59,8,10,2,85,71.81,Placed
1246,7,94,7,4,11,74,100.0,Placed
1247,7,90,4,9,13,56,88.54,Placed
1248,4,56,4,10,19,50,63.22,Not Placed
1249,5,75,9,4,0,74,77.91,Placed
1250,5,42,7,8,6,76,90.67,Placed
1251,6,40,8,6,17,50,96.92,Placed
1252,9,89,5,5,3,39,78.77,Placed
1253,2,66,6,4,15,85,89.58,Placed
1254,5,92,5,5,10,40,73.9,Placed
1255,3,86,6,11,17,76,99.76,Placed
1256,4,79,5,1,15,58,96.72,Placed
1257,10,72,8,7,6,64,100.0,Placed
1258,6,59,8,8,20,71,100.0,Placed
1259,8,53,7,9,2,66,90.51,Placed
1260,1,75,5,3,4,87,61.78,Not Placed
1261,10,44,5,9,17,53,93.17,Placed
1262,8,62,7,10,16,85,100.0,Placed
1263,11,84,7,5,0,79,100.0,Placed
1264,7,99,8,10,15,62,100.0,Placed
1265,1,95,8,6,14,81,85.04,Placed
1266,2,54,9,1,12,42,75.89,Placed
1267,3,45,5,9,6,77,88.87,Placed
1268,1,72,8,9,2,35,38.04,Not Placed
1269,9,94,8,6,12,38,100.0,Placed
1270,8,58,5,8,15,91,100.0,Placed
1271,2,52,7,4,0,56,55.26,Not Placed
1272,9,68,5,5,0,56,76.77,Placed
1273,7,100,4,5,15,64,100.0,Placed
1274,9,45,5,7,1,92,99.78,Placed
1275,6,54,4,7,17,61,100.0,Placed
1276,6,55,5,7,20,61,99.36,Placed
1277,11,63,4,5,17,47,100.0,Placed
1278,4,62,4,4,4,73,90.87,Placed
1279,10,87,5,8,4,61,92.37,Placed
1280,10,49,9,1,7,73,100.0,Placed
1281,2,93,8,1,8,72,94.39,Placed
1282,7,80,6,6,13,91,100.0,Placed
1283,5,80,8,2,12,42,87.41,Placed
1284,11,88,4,3,17,46,100.0,Placed
1285,6,56,5,4,3,58,100.0,Placed
1286,2,88,5,2,17,52,93.95,Placed
1287,5,95,5,10,19,89,100.0,Placed
1288,10,83,5,7,14,49,100.0,Placed
1289,4,84,9,10,6,94,96.47,Placed
1290,9,69,6,1,12,50,86.32,Placed
1291,6,83,7,3,1,67,74.28,Placed
1292,2,85,4,2,8,44,70.26,Placed
1293,1,49,6,9,4,81,61.84,Not Placed
1294,5,94,8,8,0,58,86.25,Placed
1295,9,58,7,3,18,79,100.0,Placed
1296,6,68,7,5,19,53,100.0,Placed
1297,10,41,5,3,18,61,100.0,Placed
1298,7,75,6,11,12,79,80.77,Placed
1299,5,58,8,11,5,75,59.59,Not Placed
1300,10,46,5,11,9,65,91.39,Placed
1301,6,65,5,6,10,55,80.93,Placed
1302,5,54,9,5,15,50,92.92,Placed
1303,11,86,4,11,0,57,84.04,Placed
1304,9,95,7,2,18,48,100.0,Placed
1305,6,77,8,10,4,57,72.55,Placed
1306,11,42,7,8,5,75,97.93,Placed
1307,8,77,6,6,5,52,96.6,Placed
1308,2,55,4,3,4,70,52.14,Not Placed
1309,9,41,5,1,5,46,81.61,Placed
1310,5,70,4,5,12,90,100.0,Placed
1311,7,67,5,11,0,71,55.89,Not Placed
1312,10,46,4,2,0,45,83.83,Placed
1313,1,69,5,2,13,39,65.32,Not Placed
1314,10,82,7,9,7,85,100.0,Placed
1315,5,97,7,11,8,55,78.36,Placed
1316,10,46,7,10,9,66,100.0,Placed
1317,2,75,7,7,5,63,67.5,Not Placed
1318,6,68,4,6,8,41,62.84,Not Placed
1319,11,63,5,1,17,70,100.0,Placed
1320,1,91,7,10,14,74,78.91,Placed
1321,3,78,4,2,3,61,78.58,Placed
1322,5,43,5,11,1,40,42.17,Not Placed
1323,4,68,4,7,5,72,72.05,Placed
1324,3,83,9,3,16,88,100.0,Placed
1325,10,44,7,2,6,38,85.02,Placed
1326,5,94,6,6,19,80,100.0,Placed
1327,11,68,4,8,14,69,100.0,Placed
1328,8,69,7,8,20,44,96.89,Placed
1329,11,68,8,11,1,88,98.69,Placed
1330,4,65,5,2,20,72,100.0,Placed
1331,1,58,9,6,11,84,82.91,Placed
1332,11,65,7,5,9,64,100.0,Placed
1333,7,76,8,7,16,76,100.0,Placed
1334,8,66,4,4,17,43,100.0,Placed
1335,3,69,4,2,15,50,71.64,Placed
1336,6,90,8,10,9,86,100.0,Placed
1337,2,92,9,3,7,38,79.53,Placed
1338,7,69,8,9,20,60,100.0,Placed
1339,8,42,5,10,12,63,89.41,Placed
1340,6,98,4,8,15,62,100.0,Placed
1341,6,97,8,9,7,45,85.65,Placed
1342,5,82,6,5,11,62,98.4,Placed
1343,8,46,6,5,16,78,100.0,Placed
1344,1,100,8,7,15,66,100.0,Placed
1345,10,88,5,7,8,58,83.27,Placed
1346,4,96,4,1,18,85,100.0,Placed
1347,4,48,6,5,16,76,94.35,Placed
1348,3,92,8,8,7,73,84.9,Placed
1349,3,80,8,7,11,41,71.47,Placed
1350,4,81,7,11,8,52,75.65,Placed
1351,11,52,8,2,5,37,83.35,Placed
1352,1,54,5,8,9,78,54.94,Not Placed
1353,11,93,6,2,8,80,100.0,Placed
1354,11,44,7,10,3,54,89.14,Placed
1355,2,68,6,1,10,68,74.23,Placed
1356,9,74,6,11,20,64,94.62,Placed
1357,10,66,5,11,5,43,83.6,Placed
1358,2,66,8,11,17,44,78.56,Placed
1359,5,47,5,3,3,93,71.29,Placed
1360,9,71,8,3,11,40,98.27,Placed
1361,9,59,7,6,8,51,100.0,Placed
1362,8,49,5,3,14,49,82.11,Placed
1363,1,52,5,7,8,67,59.67,Not Placed
1364,1,68,9,8,5,90,69.65,Not Placed
1365,9,74,4,3,10,93,100.0,Placed
1366,11,100,5,9,6,88,100.0,Placed
1367,8,93,9,1,13,47,96.76,Placed
1368,10,47,4,3,15,76,100.0,Placed
1369,9,68,8,3,14,78,100.0,Placed
1370,7,70,8,7,19,89,100.0,Placed
1371,3,80,8,11,8,56,68.28,Not Placed
1372,3,69,9,11,18,50,99.66,Placed
1373,2,61,9,5,11,68,82.03,Placed
1374,5,60,4,4,10,37,85.65,Placed
1375,3,51,8,2,7,42,55.81,Not Placed
1376,6,50,6,7,2,54,78.07,Placed
1377,2,41,5,3,18,95,82.02,Placed
1378,3,89,9,7,2,81,95.97,Placed
1379,5,80,9,10,2,58,87.65,Placed
1380,11,41,9,7,5,85,97.45,Placed
1381,11,73,4,11,10,52,100.0,Placed
1382,1,42,8,2,19,57,83.57,Placed
1383,1,55,6,7,13,35,66.96,Not Placed
1384,10,90,5,6,1,93,97.17,Placed
1385,9,43,5,10,11,85,93.33,Placed
1386,7,62,8,4,15,36,95.18,Placed
1387,1,96,6,11,2,39,65.25,Not Placed
1388,8,89,4,5,20,52,100.0,Placed
1389,3,59,9,8,15,50,70.89,Placed
1390,8,64,9,5,9,44,97.51,Placed
1391,5,69,8,3,19,87,100.0,Placed
1392,1,57,5,2,4,63,43.04,Not Placed
1393,7,81,9,6,12,69,100.0,Placed
1394,5,50,5,6,11,59,80.68,Placed
1395,6,68,5,7,0,76,78.33,Placed
1396,6,56,8,8,19,91,100.0,Placed
1397,8,65,7,4,10,58,100.0,Placed
1398,9,95,7,8,18,47,100.0,Placed
1399,2,96,7,1,14,55,84.36,Placed
1400,9,62,6,6,17,76,100.0,Placed
1401,11,95,8,6,15,77,100.0,Placed
1402,10,91,5,3,6,73,100.0,Placed
1403,9,87,9,9,9,68,100.0,Placed
1404,10,59,6,5,15,53,100.0,Placed
1405,10,84,7,1,16,62,100.0,Placed
1406,7,41,4,7,6,61,63.69,Not Placed
1407,1,63,6,10,10,84,76.78,Placed
1408,7,70,6,3,16,60,100.0,Placed
1409,10,66,8,10,4,45,88.49,Placed
1410,5,41,9,10,0,83,80.6,Placed
1411,6,96,6,11,2,69,93.9,Placed
1412,10,53,9,4,15,54,100.0,Placed
1413,7,43,8,6,14,46,96.46,Placed
1414,5,88,4,8,3,91,90.87,Placed
1415,7,52,5,4,11,62,84.83,Placed
1416,9,75,5,9,0,36,72.95,Placed
1417,3,74,7,8,16,91,100.0,Placed
1418,8,83,7,10,14,35,93.37,Placed
1419,2,93,4,10,19,43,61.69,Not Placed
1420,11,94,5,6,19,56,100.0,Placed
1421,7,47,7,7,9,90,96.62,Placed
1422,2,41,9,8,10,85,76.32,Placed
1423,4,45,6,2,17,74,99.94,Placed
1424,7,70,8,5,1,61,90.43,Placed
1425,3,93,7,7,5,43,82.14,Placed
1426,2,49,4,8,15,41,65.91,Not Placed
1427,11,83,5,5,6,70,100.0,Placed
1428,10,60,4,3,18,88,100.0,Placed
1429,7,81,8,6,11,82,100.0,Placed
1430,1,49,8,5,17,72,82.79,Placed
1431,8,62,4,8,9,84,100.0,Placed
1432,3,42,7,9,6,36,52.83,Not Placed
1433,2,71,7,9,3,77,79.3,Placed
1434,3,59,5,6,16,39,85.34,Placed
1435,5,49,9,4,16,51,85.97,Placed
1436,11,68,5,4,3,71,100.0,Placed
1437,8,80,6,9,20,92,100.0,Placed
1438,10,91,9,4,4,69,100.0,Placed
1439,7,90,6,8,0,85,100.0,Placed
1440,7,85,5,9,18,42,93.93,Placed
1441,7,73,9,5,10,77,100.0,Placed
1442,8,76,9,6,0,37,82.07,Placed
1443,1,59,6,3,7,37,50.86,Not Placed
1444,4,100,4,5,3,35,72.93,Placed
1445,6,100,7,5,14,58,100.0,Placed
1446,9,47,9,2,16,79,100.0,Placed
1447,2,46,9,10,17,64,68.76,Not Placed
1448,1,45,6,6,2,76,52.48,Not Placed
1449,10,50,9,9,17,60,100.0,Placed
1450,2,83,6,11,6,72,92.25,Placed
1451,7,57,4,7,16,77,90.76,Placed
1452,3,90,9,8,17,74,79.75,Placed
1453,10,81,8,2,19,85,100.0,Placed
1454,2,96,5,11,7,77,76.76,Placed
1455,11,68,4,9,10,72,100.0,Placed
1456,7,64,8,3,2,78,95.6,Placed
1457,2,60,4,10,6,84,51.8,Not Placed
1458,3,85,7,5,14,37,81.92,Placed
1459,11,42,4,7,9,47,78.59,Placed
1460,7,57,4,4,11,70,100.0,Placed
1461,4,63,7,7,11,75,75.57,Placed
1462,1,86,9,8,18,82,97.14,Placed
1463,5,77,5,10,18,46,78.55,Placed
1464,9,49,8,10,14,54,100.0,Placed
1465,8,66,6,4,20,73,100.0,Placed
1466,9,51,5,5,20,78,100.0,Placed
1467,10,46,4,11,4,42,81.94,Placed
1468,9,56,6,3,12,87,94.07,Placed
1469,7,40,7,5,8,81,99.32,Placed
1470,4,97,5,8,9,36,76.77,Placed
1471,5,89,9,3,7,45,100.0,Placed
1472,1,65,8,5,8,90,88.01,Placed
1473,1,54,5,10,5,55,52.71,Not Placed
1474,3,90,5,1,17,71,93.18,Placed
1475,8,99,9,2,9,89,100.0,Placed
1476,2,72,6,3,14,40,77.62,Placed
1477,4,76,7,1,12,53,100.0,Placed
1478,2,86,9,11,10,64,71.51,Placed
1479,5,70,7,11,1,80,56.92,Not Placed
1480,9,74,9,9,7,73,100.0,Placed
1481,1,40,5,9,17,78,55.97,Not Placed
1482,5,47,7,5,2,83,86.39,Placed
1483,9,51,6,4,2,70,100.0,Placed
1484,1,98,6,5,20,54,100.0,Placed
1485,9,93,8,4,6,88,100.0,Placed
1486,8,96,7,5,17,88,100.0,Placed
1487,4,58,8,7,20,44,80.92,Placed
1488,11,64,9,11,20,58,100.0,Placed
1489,10,96,4,8,8,94,100.0,Placed
1490,5,71,6,2,17,67,99.64,Placed
1491,5,51,5,4,0,63,67.29,Not Placed
1492,11,52,6,8,3,89,100.0,Placed
1493,6,67,4,7,3,64,62.81,Not Placed
1494,7,40,5,9,16,70,85.86,Placed
1495,8,90,7,5,1,79,94.22,Placed
1496,8,45,7,6,14,40,86.97,Placed
1497,11,47,6,11,12,92,100.0,Placed
1498,2,43,5,8,8,81,69.42,Not Placed
1499,9,44,9,11,6,48,85.79,Placed
1500,7,64,5,5,11,91,100.0,Placed
1501,4,61,8,9,11,37,73.09,Placed
1502,4,67,4,4,13,58,75.45,Placed
1503,11,78,7,8,14,53,100.0,Placed
1504,8,62,6,3,0,72,70.95,Placed
1505,4,43,5,5,8,68,82.0,Placed
1506,6,91,7,8,15,43,89.79,Placed
1507,5,43,6,10,8,64,65.32,Not Placed
1508,3,86,7,7,15,66,82.95,Placed
1509,10,98,6,1,1,47,100.0,Placed
1510,11,60,7,4,9,52,100.0,Placed
1511,2,76,9,2,17,78,100.0,Placed
1512,9,95,8,2,12,87,100.0,Placed
1513,10,80,4,7,1,56,88.88,Placed
1514,9,41,7,3,12,38,96.16,Placed
1515,1,98,4,3,2,94,86.37,Placed
1516,10,46,7,6,14,57,100.0,Placed
1517,3,88,5,6,2,95,73.13,Placed
1518,8,55,8,1,9,41,93.88,Placed
1519,6,56,9,1,5,78,95.26,Placed
1520,5,59,8,11,13,89,85.12,Placed
1521,5,97,4,6,8,45,79.63,Placed
1522,6,62,5,7,17,73,84.96,Placed
1523,7,73,6,9,7,95,100.0,Placed
1524,1,50,8,4,5,92,86.56,Placed
1525,9,73,9,10,14,93,100.0,Placed
1526,3,72,5,6,13,76,90.21,Placed
1527,4,65,5,3,14,75,95.49,Placed
1528,10,41,4,11,19,68,100.0,Placed
1529,1,100,9,4,5,39,91.9,Placed
1530,11,62,5,9,11,76,100.0,Placed
1531,10,80,5,1,9,59,96.73,Placed
1532,3,61,6,5,18,62,95.73,Placed
1533,2,97,4,11,7,95,85.01,Placed
1534,2,73,4,7,4,48,43.66,Not Placed
1535,1,99,9,3,9,61,82.03,Placed
1536,8,54,5,2,10,50,92.49,Placed
1537,3,49,6,11,19,61,72.75,Placed
1538,3,54,7,2,13,36,82.88,Placed
1539,6,81,8,1,13,53,96.02,Placed
1540,8,68,4,5,1,57,76.19,Placed
1541,9,96,6,3,16,75,100.0,Placed
1542,9,62,9,11,14,48,100.0,Placed
1543,4,98,6,7,2,81,90.73,Placed
1544,5,56,5,1,2,85,87.09,Placed
1545,2,99,8,9,2,60,51.43,Not Placed
1546,11,48,4,2,2,42,85.43,Placed
1547,9,89,7,8,17,61,100.0,Placed
1548,8,75,5,10,5,81,98.32,Placed
1549,3,48,4,4,13,74,76.93,Placed
1550,11,55,9,6,2,62,99.34,Placed
1551,9,75,4,9,0,38,65.21,Not Placed
1552,3,87,6,7,9,93,100.0,Placed
1553,9,90,8,8,12,95,100.0,Placed
1554,2,72,7,7,8,72,80.52,Placed
1555,10,94,8,2,1,45,91.35,Placed
1556,9,70,6,9,9,78,98.1,Placed
1557,8,45,7,1,11,58,97.61,Placed
1558,9,49,7,2,18,62,94.24,Placed
1559,5,55,5,3,2,75,61.97,Not Placed
1560,11,43,7,3,18,52,99.09,Placed
1561,11,93,4,10,0,83,100.0,Placed
1562,2,61,8,4,14,55,90.74,Placed
1563,8,52,9,5,12,60,85.64,Placed
1564,6,55,9,6,6,37,73.32,Placed
1565,8,91,8,1,1,93,100.0,Placed
1566,11,68,5,8,19,47,100.0,Placed
1567,5,45,7,6,10,72,100.0,Placed
1568,10,65,6,10,15,62,100.0,Placed
1569,2,50,4,9,13,48,49.62,Not Placed
1570,6,63,5,5,14,93,100.0,Placed
1571,5,68,7,7,19,35,100.0,Placed
1572,5,42,9,11,18,62,76.18,Placed
1573,1,91,6,4,6,93,90.04,Placed
1574,2,49,7,6,8,70,69.79,Not Placed
1575,8,100,5,6,3,88,94.97,Placed
1576,3,99,6,4,5,84,83.61,Placed
1577,10,40,6,6,9,45,100.0,Placed
1578,3,91,6,8,2,77,83.23,Placed
1579,8,82,6,11,20,74,100.0,Placed
1580,8,65,7,5,0,38,59.78,Not Placed
1581,2,97,6,2,5,68,88.14,Placed
1582,8,51,7,9,4,35,81.66,Placed
1583,11,53,6,11,14,90,100.0,Placed
1584,1,64,6,4,10,44,63.22,Not Placed
1585,6,47,5,4,19,51,100.0,Placed
1586,8,82,7,11,12,41,100.0,Placed
1587,3,43,9,7,5,73,77.6,Placed
1588,8,67,7,10,4,47,79.34,Placed
1589,1,46,8,10,1,56,56.56,Not Placed
1590,11,49,9,6,16,90,100.0,Placed
1591,11,90,5,4,11,92,100.0,Placed
1592,9,96,7,6,11,35,100.0,Placed
1593,11,97,5,3,13,62,100.0,Placed
1594,9,75,9,7,6,67,94.68,Placed
1595,5,41,5,6,13,47,58.88,Not Placed
1596,10,65,5,3,6,35,85.08,Placed
1597,4,92,4,1,8,72,99.32,Placed
1598,11,89,7,10,13,89,100.0,Placed
1599,6,53,5,5,20,92,100.0,Placed
1600,7,97,4,10,16,59,100.0,Placed
1601,5,55,4,2,16,76,93.47,Placed
1602,11,93,6,7,20,55,100.0,Placed
1603,10,82,6,7,12,67,100.0,Placed
1604,9,81,9,4,17,91,100.0,Placed
1605,3,56,7,6,18,71,83.47,Placed
1606,7,85,6,1,16,88,100.0,Placed
1607,10,61,9,2,5,91,100.0,Placed
1608,10,43,7,6,11,68,100.0,Placed
1609,11,58,9,2,5,37,91.88,Placed
1610,5,41,4,11,2,64,70.67,Placed
1611,7,78,4,4,14,89,100.0,Placed
1612,2,48,7,4,2,37,41.03,Not Placed
1613,4,99,9,10,14,52,82.62,Placed
1614,2,58,9,9,0,57,44.18,Not Placed
1615,7,55,6,10,20,42,100.0,Placed
1616,2,93,6,7,2,43,69.35,Not Placed
1617,11,64,7,7,4,36,69.23,Not Placed
1618,1,87,8,11,13,95,100.0,Placed
1619,9,57,6,1,3,36,83.57,Placed
1620,1,62,5,11,8,61,66.02,Not Placed
1621,8,92,6,5,17,82,100.0,Placed
1622,2,60,8,3,9,73,71.26,Placed
1623,8,50,9,3,7,70,97.42,Placed
1624,3,78,4,6,12,39,73.55,Placed
1625,6,80,4,4,1,35,68.89,Not Placed
1626,3,43,9,8,19,56,95.89,Placed
1627,7,64,4,4,19,44,78.82,Placed
1628,10,71,6,8,6,79,100.0,Placed
1629,9,69,4,4,10,58,100.0,Placed
1630,2,84,8,3,4,93,91.92,Placed
1631,5,98,8,5,17,49,91.03,Placed
1632,6,65,6,5,7,67,78.82,Placed
1633,4,96,9,10,9,84,100.0,Placed
1634,4,100,5,10,1,57,43.74,Not Placed
1635,4,75,6,1,2,48,52.53,Not Placed
1636,2,90,4,8,4,52,64.8,Not Placed
1637,4,73,6,8,15,59,92.02,Placed
1638,11,48,8,8,9,56,93.25,Placed
1639,1,51,6,10,10,78,58.02,Not Placed
1640,6,41,6,4,18,78,100.0,Placed
1641,1,77,5,9,15,71,86.07,Placed
1642,10,44,8,10,11,41,86.7,Placed
1643,6,44,7,3,1,60,60.82,Not Placed
1644,1,91,7,7,10,58,89.85,Placed
1645,6,61,8,6,0,47,57.03,Not Placed
1646,10,44,7,9,4,75,99.16,Placed
1647,8,98,4,4,20,40,100.0,Placed
1648,11,43,7,4,13,55,100.0,Placed
1649,2,100,4,6,17,41,74.81,Placed
1650,2,48,8,8,6,52,42.46,Not Placed
1651,4,68,7,3,4,49,73.02,Placed
1652,11,61,7,11,7,42,75.77,Placed
1653,3,66,9,8,20,94,100.0,Placed
1654,4,49,4,8,14,86,64.24,Not Placed
1655,7,55,4,7,4,50,53.33,Not Placed
1656,11,81,6,7,12,83,100.0,Placed
1657,1,100,5,5,18,37,88.2,Placed
1658,6,81,7,2,1,79,90.16,Placed
1659,3,100,9,2,4,43,91.31,Placed
1660,11,90,5,10,4,86,100.0,Placed
1661,10,49,9,8,5,81,100.0,Placed
1662,7,45,5,11,15,60,71.49,Placed
1663,10,88,7,6,1,60,91.57,Placed
1664,2,44,9,8,4,64,74.71,Placed
1665,2,97,4,3,14,61,84.32,Placed
1666,4,45,6,1,0,50,69.8,Not Placed
1667,1,98,9,6,18,82,90.78,Placed
1668,3,95,8,2,2,85,81.57,Placed
1669,9,98,7,9,18,38,100.0,Placed
1670,7,86,7,5,14,85,100.0,Placed
1671,7,64,8,5,2,53,69.27,Not Placed
1672,11,98,5,10,7,68,100.0,Placed
1673,4,90,6,8,14,40,95.58,Placed
1674,2,89,5,6,0,79,72.77,Placed
1675,4,100,8,3,5,49,83.42,Placed
1676,6,43,8,9,16,44,85.35,Placed
1677,11,79,6,10,15,88,100.0,Placed
1678,11,98,8,4,12,76,100.0,Placed
1679,3,87,8,10,0,70,74.51,Placed
1680,1,71,9,4,2,80,75.87,Placed
1681,8,95,6,2,5,74,100.0,Placed
1682,5,90,7,3,19,40,100.0,Placed
1683,5,91,5,4,20,78,100.0,Placed
1684,11,74,7,7,2,74,79.26,Placed
1685,4,49,7,3,14,40,81.46,Placed
1686,6,73,9,8,14,49,90.03,Placed
1687,3,75,5,8,10,63,71.23,Placed
1688,9,45,7,10,5,59,78.88,Placed
1689,5,82,6,11,5,53,75.02,Placed
1690,3,85,5,2,8,48,61.6,Not Placed
1691,11,55,4,4,13,37,80.84,Placed
1692,1,98,9,8,10,84,78.02,Placed
1693,10,92,7,1,5,76,100.0,Placed
1694,6,58,8,1,17,80,100.0,Placed
1695,2,73,5,4,19,48,87.85,Placed
1696,3,64,4,11,14,88,87.0,Placed
1697,1,70,8,2,8,73,83.77,Placed
1698,9,88,4,1,10,73,100.0,Placed
1699,8,80,7,8,1,55,78.68,Placed
1700,2,56,8,2,5,88,87.79,Placed
1701,11,86,7,4,13,89,100.0,Placed
1702,8,69,8,3,13,45,86.74,Placed
1703,9,78,5,2,12,84,100.0,Placed
1704,1,93,6,8,4,44,56.41,Not Placed
1705,5,94,6,3,8,49,92.83,Placed
1706,8,70,4,9,10,64,91.06,Placed
1707,11,58,9,10,6,78,100.0,Placed
1708,2,74,8,5,1,89,92.86,Placed
1709,4,68,7,9,11,51,82.58,Placed
1710,7,98,9,3,4,88,100.0,Placed
1711,3,40,5,5,1,90,54.31,Not Placed
1712,5,43,5,10,13,63,76.81,Placed
1713,8,67,5,6,6,51,75.77,Placed
1714,10,57,6,9,4,67,74.57,Placed
1715,3,65,7,8,3,72,65.13,Not Placed
1716,4,79,5,2,9,55,79.35,Placed
1717,9,58,5,2,15,81,100.0,Placed
1718,7,94,4,5,5,85,100.0,Placed
1719,1,94,8,5,20,48,98.09,Placed
1720,4,99,8,5,5,44,79.92,Placed
1721,4,96,8,4,8,95,100.0,Placed
1722,9,45,9,8,0,76,93.85,Placed
1723,6,40,4,11,15,57,82.53,Placed
1724,9,47,6,5,16,73,100.0,Placed
1725,6,72,9,1,12,73,100.0,Placed
1726,6,90,4,10,5,48,73.02,Placed
1727,5,82,5,5,1,81,79.68,Placed
1728,5,60,7,1,7,56,61.5,Not Placed
1729,2,63,9,4,3,86,75.6,Placed
1730,8,64,9,1,8,75,100.0,Placed
1731,8,86,5,6,6,62,95.37,Placed
1732,11,94,5,6,20,81,100.0,Placed
1733,1,96,7,1,0,43,64.17,Not Placed
1734,8,82,8,8,13,57,86.65,Placed
1735,5,58,9,4,1,41,58.86,Not Placed
1736,2,68,4,2,7,58,60.55,Not Placed
1737,2,92,6,1,10,77,81.7,Placed
1738,6,49,5,11,4,71,100.0,Placed
1739,11,95,5,3,17,93,100.0,Placed
1740,9,51,6,7,11,43,95.35,Placed
1741,1,72,4,10,20,72,90.36,Placed
1742,6,95,5,11,19,41,89.79,Placed
1743,9,46,6,10,18,94,100.0,Placed
1744,8,56,5,8,4,57,84.1,Placed
1745,11,100,8,5,6,59,100.0,Placed
1746,6,100,8,7,1,89,81.04,Placed
1747,3,97,5,2,16,80,100.0,Placed
1748,8,99,5,4,12,85,100.0,Placed
1749,9,49,8,6,10,56,100.0,Placed
1750,1,70,5,5,4,88,56.41,Not Placed
1751,9,99,4,6,12,77,100.0,Placed
1752,6,45,4,2,12,94,98.42,Placed
1753,6,56,7,7,7,41,72.3,Placed
1754,4,89,4,8,10,40,55.37,Not Placed
1755,1,76,9,11,7,70,81.12,Placed
1756,10,57,9,9,9,80,100.0,Placed
1757,8,65,9,6,10,56,100.0,Placed
1758,2,88,5,7,0,69,59.35,Not Placed
1759,1,93,5,1,6,83,80.74,Placed
1760,2,55,6,9,7,81,65.74,Not Placed
1761,1,47,9,6,5,67,49.29,Not Placed
1762,1,63,9,4,13,55,84.61,Placed
1763,9,52,4,10,19,45,94.34,Placed
1764,1,68,8,9,6,47,64.27,Not Placed
1765,4,71,8,1,2,90,93.69,Placed
1766,10,63,7,2,1,37,76.75,Placed
1767,6,55,6,3,17,47,83.95,Placed
1768,7,50,8,1,2,84,100.0,Placed
1769,2,71,7,2,13,90,100.0,Placed
1770,6,45,4,2,17,75,94.8,Placed
1771,7,98,6,7,12,91,100.0,Placed
1772,10,74,6,10,7,68,91.19,Placed
1773,10,72,9,6,3,62,100.0,Placed
1774,2,57,5,9,14,74,61.32,Not Placed
1775,2,76,9,5,11,68,88.47,Placed
1776,10,52,4,9,13,66,97.33,Placed
1777,7,49,9,10,19,57,100.0,Placed
1778,1,76,6,9,6,58,66.71,Not Placed
1779,8,65,9,2,11,35,100.0,Placed
1780,11,85,7,9,8,58,100.0,Placed
1781,3,56,9,3,9,37,51.59,Not Placed
1782,11,40,8,11,7,95,90.13,Placed
1783,6,64,4,3,19,51,92.68,Placed
1784,9,73,4,11,1,41,70.94,Placed
1785,6,78,6,9,15,44,92.45,Placed
1786,9,49,9,7,20,53,100.0,Placed
1787,7,59,6,11,17,58,100.0,Placed
1788,9,46,6,8,19,43,100.0,Placed
1789,2,95,7,7,9,84,90.16,Placed
1790,8,55,5,9,5,49,78.41,Placed
1791,8,76,6,8,5,83,90.25,Placed
1792,2,68,5,4,19,90,98.65,Placed
1793,4,99,5,2,12,92,100.0,Placed
1794,11,51,4,11,18,56,100.0,Placed
1795,7,56,8,5,16,92,100.0,Placed
1796,11,87,8,2,1,51,100.0,Placed
1797,4,59,9,4,17,53,94.52,Placed
1798,4,65,7,2,6,43,76.47,Placed
1799,6,87,7,5,13,91,100.0,Placed
1800,10,58,8,6,14,72,100.0,Placed
1801,6,97,9,11,7,53,100.0,Placed
1802,10,86,8,1,8,42,100.0,Placed
1803,3,51,9,8,20,40,92.41,Placed
1804,9,60,9,2,10,83,100.0,Placed
1805,10,81,9,5,2,72,93.57,Placed
1806,11,100,9,11,19,79,100.0,Placed
1807,2,97,4,8,13,55,75.46,Placed
1808,6,100,4,5,7,90,100.0,Placed
1809,7,93,8,3,2,63,100.0,Placed
1810,9,73,9,6,17,68,100.0,Placed
1811,3,46,6,1,13,46,64.44,Not Placed
1812,10,84,9,1,19,73,100.0,Placed
1813,3,74,6,8,7,66,68.28,Not Placed
1814,7,54,4,7,16,40,90.28,Placed
1815,4,40,9,10,7,51,62.71,Not Placed
1816,8,65,5,10,4,66,71.19,Placed
1817,7,74,8,11,11,94,100.0,Placed
1818,5,64,9,11,1,42,55.03,Not Placed
1819,7,81,7,3,16,72,100.0,Placed
1820,3,98,6,8,12,63,75.65,Placed
1821,2,98,9,11,13,65,76.59,Placed
1822,6,54,5,8,8,53,74.39,Placed
1823,2,61,6,1,8,87,74.39,Placed
1824,3,98,5,10,8,89,100.0,Placed
1825,6,45,8,7,19,43,97.69,Placed
1826,5,91,8,2,5,86,100.0,Placed
1827,8,54,8,2,11,62,100.0,Placed
1828,9,63,4,2,9,82,100.0,Placed
1829,11,60,5,5,4,84,100.0,Placed
1830,3,46,9,7,17,85,67.86,Not Placed
1831,10,96,7,4,6,73,100.0,Placed
1832,3,100,7,11,12,74,72.2,Placed
1833,3,68,8,4,0,87,80.67,Placed
1834,6,71,7,9,5,65,70.43,Placed
1835,1,71,6,10,20,53,75.29,Placed
1836,7,92,5,9,20,67,100.0,Placed
1837,1,98,5,7,7,60,83.77,Placed
1838,5,44,5,10,8,79,97.41,Placed
1839,10,43,6,4,6,35,92.27,Placed
1840,8,61,9,8,9,45,99.93,Placed
1841,4,57,4,10,7,36,53.57,Not Placed
1842,5,74,6,3,1,87,80.62,Placed
1843,4,56,5,3,17,69,73.03,Placed
1844,4,89,5,7,14,47,85.92,Placed
1845,8,89,5,11,5,73,89.19,Placed
1846,2,95,9,9,13,68,92.64,Placed
1847,1,63,7,11,17,68,69.29,Not Placed
1848,3,41,4,4,2,69,43.19,Not Placed
1849,9,52,6,4,0,66,73.61,Placed
1850,4,93,5,1,0,79,99.62,Placed
1851,10,54,8,1,13,46,100.0,Placed
1852,5,44,4,3,0,67,48.68,Not Placed
1853,2,42,8,7,0,52,42.3,Not Placed
1854,4,76,4,9,3,39,38.64,Not Placed
1855,2,76,5,4,11,53,74.31,Placed
1856,2,76,4,2,14,65,84.27,Placed
1857,4,42,4,6,3,61,57.14,Not Placed
1858,6,74,5,6,9,76,87.86,Placed
1859,7,91,9,9,10,72,100.0,Placed
1860,10,62,8,4,5,84,100.0,Placed
1861,3,99,9,8,9,49,90.14,Placed
1862,3,67,8,3,11,80,100.0,Placed
1863,10,99,7,2,2,90,100.0,Placed
1864,6,69,8,9,14,82,97.85,Placed
1865,3,57,8,6,15,38,85.13,Placed
1866,2,97,4,11,9,53,60.98,Not Placed
1867,8,91,7,8,10,55,98.56,Placed
1868,5,75,5,11,15,74,85.92,Placed
1869,1,72,5,10,16,91,100.0,Placed
1870,3,65,6,9,13,35,72.05,Placed
1871,10,87,7,1,15,54,100.0,Placed
1872,8,79,4,1,13,56,100.0,Placed
1873,4,56,6,11,5,88,78.35,Placed
1874,7,79,6,5,9,47,78.77,Placed
1875,10,46,5,9,16,75,100.0,Placed
1876,2,96,8,7,9,35,70.39,Placed
1877,7,47,4,7,20,49,79.05,Placed
1878,5,92,7,2,9,95,97.23,Placed
1879,5,95,6,3,13,49,100.0,Placed
1880,6,70,4,4,19,48,87.51,Placed
1881,9,98,5,2,16,39,100.0,Placed
1882,6,97,6,10,8,92,100.0,Placed
1883,8,51,6,9,14,83,96.47,Placed
1884,7,87,9,5,6,40,96.09,Placed
1885,9,70,5,7,1,75,93.38,Placed
1886,4,83,9,11,3,65,85.27,Placed
1887,2,58,5,9,19,86,89.25,Placed
1888,7,49,5,5,17,60,92.88,Placed
1889,6,78,9,6,10,92,100.0,Placed
1890,1,51,4,4,4,59,59.41,Not Placed
1891,11,59,4,8,7,85,98.17,Placed
1892,9,76,4,1,19,93,100.0,Placed
1893,9,87,8,1,4,89,100.0,Placed
1894,2,80,6,5,1,87,89.29,Placed
1895,3,46,4,10,4,92,62.82,Not Placed
1896,5,91,8,9,2,83,93.58,Placed
1897,5,93,6,2,11,73,100.0,Placed
1898,1,97,4,11,18,74,73.5,Placed
1899,8,53,5,3,6,49,88.0,Placed
1900,8,50,7,8,18,40,72.88,Placed
1901,4,46,4,5,3,35,59.4,Not Placed
1902,7,68,7,3,13,75,100.0,Placed
1903,11,49,4,6,18,41,72.64,Placed
1904,10,68,5,6,17,88,100.0,Placed
1905,3,48,7,5,6,86,60.19,Not Placed
1906,6,75,8,5,14,85,100.0,Placed
1907,10,87,5,6,20,38,100.0,Placed
1908,10,49,7,2,0,35,97.72,Placed
1909,9,58,7,6,11,75,100.0,Placed
1910,1,95,9,2,18,36,85.7,Placed
1911,5,70,9,3,5,82,100.0,Placed
1912,4,56,5,2,12,68,91.8,Placed
1913,8,48,5,1,5,69,100.0,Placed
1914,11,84,5,1,12,80,100.0,Placed
1915,1,72,6,9,14,47,66.66,Not Placed
1916,9,73,8,4,15,51,96.94,Placed
1917,6,84,4,5,7,44,92.8,Placed
1918,4,63,9,10,12,37,72.46,Placed
1919,9,48,7,7,12,38,80.31,Placed
1920,11,46,9,2,19,59,100.0,Placed
1921,5,55,4,11,19,71,76.7,Placed
1922,5,58,5,10,11,77,86.72,Placed
1923,5,78,9,9,18,72,100.0,Placed
1924,1,45,8,4,16,63,87.82,Placed
1925,1,89,8,10,2,35,67.9,Not Placed
1926,8,90,6,10,14,85,92.65,Placed
1927,8,50,9,1,16,64,100.0,Placed
1928,6,100,5,8,5,73,92.49,Placed
1929,11,51,7,4,18,89,100.0,Placed
1930,4,100,6,7,11,44,75.32,Placed
1931,2,97,5,3,3,63,75.45,Placed
1932,2,81,6,11,20,78,81.4,Placed
1933,9,52,9,9,11,66,100.0,Placed
1934,5,51,4,5,1,78,71.38,Placed
1935,4,60,9,5,6,95,89.75,Placed
1936,10,49,5,3,15,35,100.0,Placed
1937,1,59,7,11,11,75,80.9,Placed
1938,7,89,7,9,15,51,97.61,Placed
1939,3,75,5,3,13,89,93.39,Placed
1940,6,67,6,2,0,46,80.07,Placed
1941,5,63,8,11,8,94,91.78,Placed
1942,5,44,5,9,6,36,55.93,Not Placed
1943,11,76,9,9,4,43,90.33,Placed
1944,5,100,7,10,9,46,89.89,Placed
1945,1,99,4,4,9,94,81.6,Placed
1946,1,51,7,4,17,59,71.2,Placed
1947,3,97,8,11,6,91,92.19,Placed
1948,10,74,7,10,17,70,100.0,Placed
1949,4,100,8,6,12,88,100.0,Placed
1950,5,79,5,9,10,95,77.75,Placed
1951,2,93,7,8,9,78,87.38,Placed
1952,8,41,6,10,8,84,69.83,Not Placed
1953,11,89,9,3,14,69,100.0,Placed
1954,11,80,6,6,13,56,100.0,Placed
1955,2,84,9,7,2,67,74.19,Placed
1956,9,78,7,6,13,89,100.0,Placed
1957,2,81,7,3,20,84,100.0,Placed
1958,9,48,9,9,15,90,100.0,Placed
1959,7,61,4,4,2,55,93.01,Placed
1960,8,86,7,2,7,89,100.0,Placed
1961,11,44,4,9,1,74,94.26,Placed
1962,2,51,4,3,1,85,52.05,Not Placed
1963,7,40,9,6,17,56,94.77,Placed
1964,6,83,4,5,6,62,77.2,Placed
1965,4,61,4,2,16,91,94.33,Placed
1966,7,77,5,1,5,38,86.83,Placed
1967,4,90,6,9,9,60,86.37,Placed
1968,2,58,4,3,6,57,65.68,Not Placed
1969,10,55,6,7,3,82,88.68,Placed
1970,7,70,4,9,10,83,95.7,Placed
1971,8,90,6,9,15,94,100.0,Placed
1972,2,42,7,10,16,57,84.06,Placed
1973,5,62,7,6,5,75,73.64,Placed
1974,1,81,6,8,19,92,91.28,Placed
1975,7,98,4,9,18,42,98.98,Placed
1976,8,57,5,3,19,86,100.0,Placed
1977,6,65,6,6,20,66,100.0,Placed
1978,5,52,8,5,17,85,100.0,Placed
1979,6,97,5,7,14,73,96.07,Placed
1980,2,57,8,7,1,95,65.41,Not Placed
1981,1,42,6,9,18,78,87.94,Placed
1982,7,97,4,1,5,35,86.85,Placed
1983,7,99,8,6,11,90,100.0,Placed
1984,10,62,6,5,0,64,82.58,Placed
1985,11,42,5,4,10,62,97.91,Placed
1986,10,94,4,10,18,51,100.0,Placed
1987,2,64,8,11,3,57,63.7,Not Placed
1988,2,66,6,1,20,72,97.37,Placed
1989,1,97,4,4,18,92,91.0,Placed
1990,10,83,4,10,20,58,100.0,Placed
1991,8,66,7,11,5,56,71.32,Placed
1992,8,91,4,7,7,39,83.68,Placed
1993,1,78,6,4,8,59,92.74,Placed
1994,11,64,5,1,9,86,100.0,Placed
1995,8,63,9,10,9,41,90.07,Placed
1996,9,47,7,1,9,88,95.07,Placed
1997,4,48,6,1,3,92,91.76,Placed
1998,1,85,6,11,17,56,82.87,Placed
1999,1,76,6,10,11,93,100.0,Placed
2000,3,69,8,5,10,78,89.65,Placed
2001,5,92,8,7,15,71,100.0,Placed
2002,5,58,5,9,18,68,80.82,Placed
2003,9,92,6,8,10,70,100.0,Placed
2004,10,55,8,2,3,83,100.0,Placed
2005,2,63,8,9,11,91,82.44,Placed
2006,2,83,8,4,16,91,99.47,Placed
2007,6,60,5,10,12,74,100.0,Placed
2008,9,75,5,11,3,54,77.28,Placed
2009,1,79,6,5,5,71,76.6,Placed
2010,9,78,7,11,6,51,94.22,Placed
2011,9,86,6,5,7,86,90.47,Placed
2012,9,45,8,4,1,38,99.53,Placed
2013,5,44,9,6,8,87,72.27,Placed
2014,9,53,8,1,9,84,100.0,Placed
2015,11,92,4,2,18,52,100.0,Placed
2016,4,84,9,4,0,62,71.95,Placed
2017,2,81,9,4,15,84,99.31,Placed
2018,6,89,6,8,17,50,90.88,Placed
2019,4,100,8,9,7,77,100.0,Placed
2020,6,43,8,4,9,42,84.31,Placed
2021,3,47,7,6,10,95,79.69,Placed
2022,6,63,4,4,16,78,92.93,Placed
2023,2,50,6,4,6,52,54.35,Not Placed
2024,2,56,5,11,2,88,50.75,Not Placed
2025,9,89,6,9,6,84,94.51,Placed
2026,7,60,9,4,5,63,100.0,Placed
2027,3,96,6,6,2,74,74.3,Placed
2028,11,65,7,9,7,50,100.0,Placed
2029,1,82,6,3,0,64,63.25,Not Placed
2030,8,87,7,7,4,83,100.0,Placed
2031,6,83,9,7,18,68,100.0,Placed
2032,7,84,7,1,12,64,100.0,Placed
2033,9,66,8,11,10,55,100.0,Placed
2034,5,55,5,2,10,56,74.45,Placed
2035,1,94,9,5,1,81,76.22,Placed
2036,10,65,7,8,8,59,100.0,Placed
2037,7,92,4,6,1,56,88.74,Placed
2038,5,72,9,7,20,90,100.0,Placed
2039,3,70,4,3,18,62,88.86,Placed
2040,9,87,5,6,11,73,100.0,Placed
2041,1,86,7,9,8,67,95.11,Placed
2042,1,45,9,3,8,36,64.92,Not Placed
2043,1,83,9,6,9,38,79.21,Placed
2044,3,47,5,7,4,50,49.81,Not Placed
2045,6,46,8,5,8,46,70.7,Placed
2046,10,73,4,10,17,51,99.56,Placed
2047,11,83,9,8,9,90,100.0,Placed
2048,3,92,6,8,16,70,100.0,Placed
2049,8,53,4,6,9,50,67.98,Not Placed
2050,10,55,7,7,13,73,100.0,Placed
2051,2,82,5,3,3,57,75.16,Placed
2052,9,91,4,7,9,42,100.0,Placed
2053,3,48,6,7,17,91,100.0,Placed
2054,5,49,6,4,4,43,61.04,Not Placed
2055,10,56,5,10,8,48,84.72,Placed
2056,8,51,5,4,5,89,100.0,Placed
2057,2,45,4,3,15,43,63.1,Not Placed
2058,6,58,7,10,15,81,100.0,Placed
2059,5,82,8,7,10,87,95.36,Placed
2060,10,80,6,5,20,60,100.0,Placed
2061,9,92,5,3,14,70,100.0,Placed
2062,5,68,8,6,18,37,86.95,Placed
2063,2,45,8,6,2,88,60.24,Not Placed
2064,5,98,8,6,15,44,91.65,Placed
2065,4,64,7,2,20,93,100.0,Placed
2066,11,96,5,11,19,59,100.0,Placed
2067,7,63,6,10,4,38,62.12,Not Placed
2068,6,64,5,7,8,64,81.98,Placed
2069,2,55,4,7,4,84,75.85,Placed
2070,11,91,6,10,3,45,92.6,Placed
2071,11,55,5,4,12,85,100.0,Placed
2072,5,45,6,11,19,53,81.49,Placed
2073,7,76,4,6,16,84,100.0,Placed
2074,11,60,9,4,19,47,100.0,Placed
2075,7,43,6,4,11,91,100.0,Placed
2076,5,73,9,6,19,70,100.0,Placed
2077,9,67,8,9,19,37,99.17,Placed
2078,4,77,7,7,6,82,83.07,Placed
2079,11,80,4,2,0,48,100.0,Placed
2080,3,67,6,6,15,44,70.43,Placed
2081,4,56,4,5,6,72,76.8,Placed
2082,5,53,8,6,1,74,80.58,Placed
2083,6,46,9,8,11,61,76.35,Placed
2084,3,61,7,8,10,58,58.43,Not Placed
2085,2,90,4,3,7,50,66.67,Not Placed
2086,4,40,9,9,0,44,60.86,Not Placed
2087,5,68,8,6,2,88,72.69,Placed
2088,4,91,8,7,7,87,87.48,Placed
2089,11,70,8,9,7,61,100.0,Placed
2090,3,69,9,7,10,41,63.01,Not Placed
2091,8,96,6,10,20,85,100.0,Placed
2092,10,54,5,9,4,62,100.0,Placed
2093,4,57,4,1,7,60,66.25,Not Placed
2094,2,74,5,1,20,52,100.0,Placed
2095,2,89,8,3,8,47,81.18,Placed
2096,1,69,5,9,16,42,56.78,Not Placed
2097,4,73,9,1,4,61,100.0,Placed
2098,10,81,8,1,18,94,100.0,Placed
2099,9,50,8,5,18,48,100.0,Placed
2100,11,66,7,8,1,75,100.0,Placed
2101,7,63,7,2,18,78,100.0,Placed
2102,10,74,9,4,14,40,100.0,Placed
2103,7,78,9,6,7,54,83.15,Placed
2104,7,47,5,1,7,88,91.95,Placed
2105,8,90,4,4,0,62,86.19,Placed
2106,1,57,5,4,13,57,70.72,Placed
2107,10,52,9,9,10,46,74.91,Placed
2108,10,84,4,9,6,58,100.0,Placed
2109,8,63,5,6,17,85,100.0,Placed
2110,4,90,6,8,14,78,100.0,Placed
2111,4,62,6,10,9,56,90.99,Placed
2112,4,51,4,4,3,60,79.21,Placed
2113,6,88,7,10,20,56,100.0,Placed
2114,7,69,4,8,0,92,78.2,Placed
2115,6,70,5,3,13,41,93.53,Placed
2116,1,67,8,2,19,49,100.0,Placed
2117,8,61,6,6,19,82,100.0,Placed
2118,10,83,8,5,8,64,100.0,Placed
2119,11,67,6,8,12,38,100.0,Placed
2120,7,52,5,1,16,40,100.0,Placed
2121,6,64,6,11,19,82,87.35,Placed
2122,6,83,4,10,3,81,69.85,Not Placed
2123,5,90,8,3,4,36,99.63,Placed
2124,6,85,9,7,17,65,100.0,Placed
2125,9,46,8,10,16,58,100.0,Placed
2126,10,84,5,4,20,69,100.0,Placed
2127,9,45,9,10,6,81,100.0,Placed
2128,10,63,8,5,9,65,100.0,Placed
2129,8,58,5,8,8,59,81.27,Placed
2130,10,58,7,1,12,42,94.95,Placed
2131,9,75,4,1,17,46,88.56,Placed
2132,10,90,6,7,11,88,100.0,Placed
2133,8,48,6,9,7,92,86.24,Placed
2134,8,87,6,4,17,36,100.0,Placed
2135,1,98,7,8,4,49,57.33,Not Placed
2136,10,75,4,10,6,74,83.63,Placed
2137,11,77,8,7,14,93,100.0,Placed
2138,5,79,8,2,2,66,91.93,Placed
2139,4,98,4,5,17,88,100.0,Placed
2140,2,68,9,9,5,45,60.01,Not Placed
2141,8,63,4,9,5,51,82.01,Placed
2142,3,87,6,3,19,88,100.0,Placed
2143,4,44,8,11,0,95,74.02,Placed
2144,7,92,4,3,20,55,100.0,Placed
2145,10,93,8,2,16,56,100.0,Placed
2146,9,81,4,7,10,95,100.0,Placed
2147,2,94,5,6,1,67,34.15,Not Placed
2148,3,84,6,5,8,86,80.17,Placed
2149,4,100,4,7,18,89,97.55,Placed
2150,10,65,7,4,5,63,90.48,Placed
2151,1,53,4,5,6,49,46.68,Not Placed
2152,7,78,5,9,3,55,74.34,Placed
2153,2,68,7,11,2,88,56.75,Not Placed
2154,5,91,7,9,1,36,78.99,Placed
2155,1,45,4,4,9,90,76.19,Placed
2156,3,46,5,6,9,76,74.56,Placed
2157,2,76,7,2,16,86,100.0,Placed
2158,1,92,6,3,15,72,74.11,Placed
2159,7,57,9,9,0,37,49.62,Not Placed
2160,5,62,6,6,11,59,95.68,Placed
2161,1,83,8,8,19,47,100.0,Placed
2162,6,77,8,11,19,58,100.0,Placed
2163,5,98,5,5,9,65,100.0,Placed
2164,3,40,7,2,0,49,55.21,Not Placed
2165,7,43,6,7,15,40,75.91,Placed
2166,11,90,6,6,10,75,100.0,Placed
2167,10,83,9,11,3,44,70.29,Placed
2168,9,86,5,2,2,43,83.73,Placed
2169,9,74,7,6,12,84,100.0,Placed
2170,9,62,5,8,20,75,100.0,Placed
2171,2,66,4,1,14,90,86.62,Placed
2172,3,99,6,4,9,84,98.9,Placed
2173,7,65,5,1,5,75,100.0,Placed
2174,5,91,5,2,10,39,95.92,Placed
2175,2,99,9,1,0,79,70.16,Placed
2176,3,47,4,6,19,78,100.0,Placed
2177,10,82,8,11,3,75,100.0,Placed
2178,6,55,6,6,9,53,80.4,Placed
2179,7,80,9,1,14,54,100.0,Placed
2180,9,42,5,4,0,67,71.39,Placed
2181,1,71,6,4,20,77,100.0,Placed
2182,11,44,8,8,14,71,93.65,Placed
2183,7,59,5,6,2,65,74.43,Placed
2184,8,53,4,2,0,73,96.34,Placed
2185,3,99,6,5,5,47,69.42,Not Placed
2186,4,71,9,4,18,89,100.0,Placed
2187,10,65,4,10,3,72,82.76,Placed
2188,6,86,8,4,11,79,100.0,Placed
2189,10,45,8,8,1,40,67.28,Not Placed
2190,7,98,6,5,16,81,100.0,Placed
2191,4,97,8,3,5,42,69.81,Not Placed
2192,8,75,7,10,11,77,100.0,Placed
2193,5,79,9,4,14,44,100.0,Placed
2194,1,90,6,1,16,75,88.44,Placed
2195,4,98,7,6,0,38,52.84,Not Placed
2196,3,44,8,11,13,48,60.92,Not Placed
2197,9,52,6,10,1,38,64.34,Not Placed
2198,8,71,7,4,3,58,99.39,Placed
2199,1,55,8,6,19,81,88.72,Placed
2200,11,40,5,2,1,55,87.13,Placed
2201,6,52,5,5,13,44,66.65,Not Placed
2202,9,93,4,11,17,80,100.0,Placed
2203,7,50,5,9,7,59,90.66,Placed
2204,4,92,7,8,19,40,100.0,Placed
2205,1,47,9,3,0,50,47.47,Not Placed
2206,2,64,5,1,15,91,100.0,Placed
2207,5,79,6,10,6,78,82.5,Placed
2208,11,71,6,3,5,62,100.0,Placed
2209,5,63,6,8,18,70,93.35,Placed
2210,8,67,5,11,9,67,79.53,Placed
2211,6,53,5,3,5,64,69.22,Not Placed
2212,8,84,4,5,9,70,100.0,Placed
2213,2,42,9,2,18,59,60.33,Not Placed
2214,3,75,9,1,2,47,83.74,Placed
2215,6,66,8,11,19,73,100.0,Placed
2216,10,59,4,10,2,49,69.88,Not Placed
2217,3,86,7,5,19,72,100.0,Placed
2218,6,54,6,5,5,64,51.63,Not Placed
2219,6,66,5,6,16,48,94.42,Placed
2220,2,92,8,2,17,84,100.0,Placed
2221,7,84,8,9,9,38,73.38,Placed
2222,2,80,5,2,5,35,56.55,Not Placed
2223,6,67,4,2,12,95,100.0,Placed
2224,1,64,8,5,5,37,39.79,Not Placed
2225,3,81,9,9,11,79,94.06,Placed
2226,2,100,4,4,13,84,100.0,Placed
2227,7,83,5,6,16,95,100.0,Placed
2228,4,85,4,2,7,70,88.54,Placed
2229,8,72,9,4,4,38,75.96,Placed
2230,6,85,6,9,3,77,99.3,Placed
2231,10,53,5,2,5,48,62.94,Not Placed
2232,4,47,9,1,10,59,85.13,Placed
2233,5,87,5,4,4,73,95.66,Placed
2234,9,53,9,4,13,95,97.6,Placed
2235,7,40,9,1,9,37,64.96,Not Placed
2236,10,55,8,4,10,41,84.33,Placed
2237,9,57,8,3,2,42,99.03,Placed
2238,7,46,8,2,7,78,90.74,Placed
2239,1,54,6,10,20,41,75.57,Placed
2240,8,63,6,4,4,90,100.0,Placed
2241,4,88,9,8,19,82,95.49,Placed
2242,3,90,7,7,20,59,94.31,Placed
2243,7,94,5,9,9,51,87.02,Placed
2244,3,52,8,8,7,60,73.61,Placed
2245,8,48,5,1,20,88,100.0,Placed
2246,6,95,9,2,8,38,94.64,Placed
2247,5,95,4,2,14,83,100.0,Placed
2248,4,54,9,8,0,52,72.9,Placed
2249,8,96,6,4,4,92,96.32,Placed
2250,8,97,7,9,14,38,96.01,Placed
2251,1,74,4,2,3,51,57.02,Not Placed
2252,9,63,5,4,18,81,100.0,Placed
2253,5,72,6,1,9,88,100.0,Placed
2254,4,55,8,3,1,51,70.53,Placed
2255,6,47,4,6,4,79,82.46,Placed
2256,6,68,6,9,17,59,100.0,Placed
2257,2,62,5,11,5,92,64.87,Not Placed
2258,8,84,9,1,9,37,98.93,Placed
2259,7,70,5,5,14,46,100.0,Placed
2260,1,79,4,2,8,61,64.74,Not Placed
2261,5,88,4,7,12,51,91.8,Placed
2262,6,93,9,4,17,88,100.0,Placed
2263,4,94,4,5,6,56,80.95,Placed
2264,2,53,7,8,1,73,63.07,Not Placed
2265,4,98,8,2,15,73,100.0,Placed
2266,1,92,6,3,1,92,94.2,Placed
2267,7,69,9,11,3,77,78.81,Placed
2268,2,92,5,5,1,82,75.39,Placed
2269,2,78,5,10,16,70,88.02,Placed
2270,9,66,8,4,5,50,100.0,Placed
2271,5,86,4,5,9,71,86.61,Placed
2272,2,55,4,3,13,85,86.25,Placed
2273,11,90,5,9,14,88,100.0,Placed
2274,9,45,8,8,20,63,100.0,Placed
2275,9,94,5,6,11,48,100.0,Placed
2276,1,72,4,1,18,41,75.16,Placed
2277,11,83,9,4,10,75,100.0,Placed
2278,3,57,6,7,0,91,64.11,Not Placed
2279,4,55,4,10,7,62,56.21,Not Placed
2280,7,51,9,5,5,47,68.34,Not Placed
2281,10,59,6,4,11,50,100.0,Placed
2282,4,84,7,9,19,55,87.55,Placed
2283,2,79,8,8,15,38,72.84,Placed
2284,7,98,9,3,17,73,100.0,Placed
2285,6,68,7,6,11,69,92.65,Placed
2286,3,69,4,4,19,86,100.0,Placed
2287,6,65,8,7,1,49,76.05,Placed
2288,11,61,9,1,6,91,100.0,Placed
2289,6,72,4,1,8,87,89.0,Placed
2290,5,97,8,6,17,60,100.0,Placed
2291,4,92,8,10,8,80,87.58,Placed
2292,10,78,4,11,7,41,96.94,Placed
2293,1,86,4,7,0,52,69.89,Not Placed
2294,10,68,9,9,4,59,100.0,Placed
2295,6,61,8,7,15,71,93.39,Placed
2296,2,84,9,9,13,55,82.45,Placed
2297,3,52,8,10,12,86,81.73,Placed
2298,8,99,9,9,10,42,94.81,Placed
2299,10,48,4,8,19,93,100.0,Placed
2300,6,63,4,7,12,54,80.78,Placed
2301,3,54,5,3,14,52,94.77,Placed
2302,7,75,9,11,15,87,100.0,Placed
2303,4,52,5,3,12,53,85.46,Placed
2304,9,66,5,11,7,86,100.0,Placed
2305,5,83,7,5,17,37,100.0,Placed
2306,3,76,8,7,18,89,100.0,Placed
2307,2,46,6,10,14,72,67.88,Not Placed
2308,11,47,7,7,9,52,100.0,Placed
2309,2,76,8,1,3,61,94.12,Placed
2310,3,80,6,8,5,49,58.29,Not Placed
2311,2,53,5,1,7,80,71.8,Placed
2312,4,97,6,11,6,90,84.75,Placed
2313,2,51,4,4,11,55,86.56,Placed
2314,10,75,4,2,17,56,100.0,Placed
2315,9,91,9,5,17,42,100.0,Placed
2316,2,100,8,6,18,45,96.72,Placed
2317,9,79,7,4,3,77,98.71,Placed
2318,6,56,5,4,0,46,54.49,Not Placed
2319,1,79,8,7,4,82,65.9,Not Placed
2320,4,92,5,11,6,73,76.1,Placed
2321,1,68,4,4,10,61,61.65,Not Placed
2322,6,66,7,2,20,69,100.0,Placed
2323,4,40,7,4,20,36,76.34,Placed
2324,3,91,4,7,10,69,76.14,Placed
2325,3,73,6,1,9,65,88.14,Placed
2326,9,43,7,4,6,42,86.8,Placed
2327,6,63,6,6,15,54,59.93,Not Placed
2328,9,60,5,8,0,42,62.51,Not Placed
2329,5,72,7,8,0,38,56.15,Not Placed
2330,2,46,9,9,11,65,61.39,Not Placed
2331,8,40,4,5,15,89,100.0,Placed
2332,5,80,6,2,4,66,71.04,Placed
2333,2,42,9,3,13,47,83.81,Placed
2334,4,83,5,2,17,56,75.25,Placed
2335,9,90,5,9,8,60,99.01,Placed
2336,4,54,7,6,1,51,76.54,Placed
2337,4,70,7,11,11,63,73.55,Placed
2338,2,93,9,1,9,61,90.83,Placed
2339,6,55,8,3,1,90,100.0,Placed
2340,11,49,8,7,14,56,100.0,Placed
2341,2,93,7,7,3,52,69.82,Not Placed
2342,7,68,8,5,18,39,99.18,Placed
2343,3,98,4,3,3,46,66.78,Not Placed
2344,3,98,9,7,8,36,63.5,Not Placed
2345,5,45,4,5,12,76,73.65,Placed
2346,3,68,8,6,9,41,71.46,Placed
2347,2,56,7,3,13,81,89.83,Placed
2348,10,92,4,6,2,93,100.0,Placed
2349,9,99,5,7,2,60,100.0,Placed
2350,2,61,7,8,19,88,90.91,Placed
2351,11,63,9,2,15,73,100.0,Placed
2352,2,100,6,2,8,49,61.56,Not Placed
2353,8,56,6,6,13,82,100.0,Placed
2354,9,60,7,8,15,88,100.0,Placed
2355,7,90,8,5,8,92,100.0,Placed
2356,3,89,4,1,4,67,77.64,Placed
2357,9,50,4,11,12,81,100.0,Placed
2358,3,95,7,1,14,37,86.41,Placed
2359,5,46,5,10,3,76,70.66,Placed
2360,9,81,9,9,13,82,100.0,Placed
2361,3,78,8,4,19,36,78.21,Placed
2362,7,44,5,10,19,51,100.0,Placed
2363,1,83,7,1,6,35,62.85,Not Placed
2364,4,87,7,11,3,70,79.82,Placed
2365,4,100,5,8,16,77,93.35,Placed
2366,7,96,6,2,8,51,87.54,Placed
2367,8,60,7,2,3,36,75.05,Placed
2368,1,57,9,1,2,67,71.95,Placed
2369,5,74,8,1,18,63,88.57,Placed
2370,7,59,5,9,8,94,96.57,Placed
2371,4,54,6,1,7,94,97.91,Placed
2372,4,44,5,6,6,40,48.18,Not Placed
2373,4,52,6,7,6,77,77.41,Placed
2374,6,90,6,4,3,70,92.34,Placed
2375,7,51,9,5,18,58,96.83,Placed
2376,2,94,8,4,11,45,80.43,Placed
2377,5,60,7,4,19,39,91.16,Placed
2378,4,76,6,10,5,64,63.19,Not Placed
2379,3,45,7,1,11,44,68.92,Not Placed
2380,7,46,8,6,19,71,100.0,Placed
2381,11,65,7,10,3,61,97.27,Placed
2382,6,81,9,10,1,61,99.1,Placed
2383,7,87,9,7,14,58,98.22,Placed
2384,5,47,4,7,5,93,91.93,Placed
2385,6,48,9,8,17,92,100.0,Placed
2386,5,66,6,7,20,88,100.0,Placed
2387,7,43,8,6,4,88,100.0,Placed
2388,2,60,9,8,3,37,58.1,Not Placed
2389,11,70,5,3,10,95,100.0,Placed
2390,5,60,8,9,10,72,97.86,Placed
2391,6,79,6,3,8,60,95.33,Placed
2392,6,64,8,4,2,79,83.44,Placed
2393,5,78,9,10,10,82,95.89,Placed
2394,10,54,5,6,1,73,93.97,Placed
2395,7,92,4,8,8,52,92.66,Placed
2396,10,74,6,3,9,37,100.0,Placed
2397,8,88,6,10,10,72,95.05,Placed
2398,7,82,8,6,2,76,94.68,Placed
2399,5,80,7,5,16,82,100.0,Placed
2400,1,76,7,5,10,59,81.06,Placed
2401,5,96,5,5,16,47,93.16,Placed
2402,10,81,4,9,18,59,100.0,Placed
2403,2,86,4,7,3,58,55.96,Not Placed
2404,5,67,8,9,1,90,83.66,Placed
2405,5,100,8,9,13,75,100.0,Placed
2406,2,53,7,6,14,93,76.76,Placed
2407,5,43,9,6,2,50,77.61,Placed
2408,4,92,4,4,19,77,100.0,Placed
2409,1,59,9,8,12,75,65.41,Not Placed
2410,3,73,4,2,12,76,79.71,Placed
2411,1,51,9,5,17,45,68.85,Not Placed
2412,11,72,9,1,19,95,100.0,Placed
2413,5,63,4,10,20,91,100.0,Placed
2414,4,59,5,2,6,55,74.47,Placed
2415,7,44,5,1,15,65,82.68,Placed
2416,5,77,8,6,15,88,100.0,Placed
2417,10,69,9,2,5,49,100.0,Placed
2418,4,63,9,4,5,87,86.95,Placed
2419,2,82,9,5,3,79,93.92,Placed
2420,4,79,9,7,2,83,83.5,Placed
2421,2,46,9,10,0,70,67.61,Not Placed
2422,8,75,7,1,2,77,97.42,Placed
2423,3,77,6,11,18,95,90.34,Placed
2424,9,55,9,5,8,35,78.04,Placed
2425,4,91,7,4,13,62,96.0,Placed
2426,6,54,5,7,18,67,96.04,Placed
2427,10,85,9,10,18,37,100.0,Placed
2428,5,62,5,7,12,89,84.71,Placed
2429,10,51,8,8,15,49,100.0,Placed
2430,1,68,6,4,7,67,76.32,Placed
2431,9,83,4,4,15,66,100.0,Placed
2432,1,87,6,10,8,57,48.73,Not Placed
2433,8,54,9,5,8,92,100.0,Placed
2434,9,68,9,5,2,60,87.53,Placed
2435,9,84,6,11,6,95,93.85,Placed
2436,1,82,6,3,19,82,100.0,Placed
2437,2,88,8,5,17,51,71.7,Placed
2438,1,60,5,5,1,43,55.53,Not Placed
2439,10,54,4,8,0,39,71.92,Placed
2440,2,53,6,7,11,63,62.16,Not Placed
2441,10,81,4,8,15,40,100.0,Placed
2442,8,83,6,5,11,81,100.0,Placed
2443,5,55,5,11,20,94,100.0,Placed
2444,11,54,4,2,9,75,100.0,Placed
2445,7,81,7,8,8,93,99.59,Placed
2446,2,43,5,9,20,69,67.15,Not Placed
2447,8,66,4,2,17,85,100.0,Placed
2448,11,62,6,1,3,55,86.38,Placed
2449,6,68,6,6,7,79,87.0,Placed
2450,8,80,5,3,20,79,100.0,Placed
2451,1,92,5,1,3,57,64.58,Not Placed
2452,1,91,6,6,15,69,77.23,Placed
2453,7,48,4,8,20,86,100.0,Placed
2454,8,92,7,9,20,80,100.0,Placed
2455,3,96,8,6,7,36,67.08,Not Placed
2456,5,95,5,6,6,91,100.0,Placed
2457,1,91,6,1,12,76,72.41,Placed
2458,7,82,4,5,7,43,79.0,Placed
2459,5,82,5,3,6,47,70.55,Placed
2460,8,46,4,7,4,77,82.78,Placed
2461,8,92,5,9,17,68,100.0,Placed
2462,9,81,6,11,18,50,100.0,Placed
2463,7,43,4,6,9,39,67.26,Not Placed
2464,11,44,6,5,10,35,100.0,Placed
2465,1,44,4,7,7,74,35.98,Not Placed
2466,3,50,5,11,5,56,54.1,Not Placed
2467,8,80,8,9,10,82,100.0,Placed
2468,3,67,8,5,15,80,87.25,Placed
2469,8,55,7,5,3,92,97.81,Placed
2470,1,80,7,10,1,60,60.32,Not Placed
2471,5,93,9,4,12,68,100.0,Placed
2472,4,69,6,5,6,84,82.45,Placed
2473,5,43,4,7,16,92,88.91,Placed
2474,8,41,7,3,12,55,88.69,Placed
2475,10,85,5,4,9,41,100.0,Placed
2476,4,42,8,9,12,59,66.04,Not Placed
2477,11,89,4,2,9,91,100.0,Placed
2478,4,60,9,8,6,46,53.57,Not Placed
2479,3,45,8,9,9,65,69.55,Not Placed
2480,7,82,4,5,15,81,95.7,Placed
2481,3,92,7,7,2,61,72.12,Placed
2482,3,57,7,6,3,56,70.88,Placed
2483,11,83,6,1,3,68,100.0,Placed
2484,10,44,9,8,3,88,95.27,Placed
2485,5,48,4,9,15,51,81.67,Placed
2486,5,59,9,10,8,93,65.54,Not Placed
2487,6,67,5,11,5,45,65.73,Not Placed
2488,8,65,9,1,9,63,98.68,Placed
2489,10,57,7,8,3,68,98.14,Placed
2490,6,58,6,3,11,94,78.59,Placed
2491,1,42,7,6,9,85,66.25,Not Placed
2492,8,48,8,10,11,71,88.87,Placed
2493,8,75,7,8,18,92,100.0,Placed
2494,9,70,4,5,18,83,100.0,Placed
2495,9,88,6,8,0,82,95.38,Placed
2496,2,56,4,7,3,94,67.21,Not Placed
2497,2,94,5,7,12,60,79.56,Placed
2498,3,62,5,7,7,79,73.86,Placed
2499,1,73,7,9,13,79,80.82,Placed
2500,4,80,6,6,15,79,98.89,Placed
2501,4,80,9,6,1,66,100.0,Placed
2502,9,44,6,11,7,71,68.97,Not Placed
2503,9,54,6,9,12,39,79.09,Placed
2504,9,86,6,6,0,54,87.73,Placed
2505,10,42,7,7,11,85,100.0,Placed
2506,7,58,4,7,16,41,94.94,Placed
2507,2,67,7,2,6,77,89.88,Placed
2508,10,42,9,8,15,57,100.0,Placed
2509,5,77,4,11,13,35,83.81,Placed
2510,4,43,9,6,9,73,76.41,Placed
2511,11,63,8,4,2,37,100.0,Placed
2512,8,70,8,11,11,79,100.0,Placed
2513,2,84,4,7,7,37,60.17,Not Placed
2514,6,98,7,8,15,40,83.09,Placed
2515,5,84,9,1,0,65,70.3,Placed
2516,2,98,9,10,16,88,99.69,Placed
2517,11,50,5,4,5,61,95.17,Placed
2518,10,76,9,4,0,63,89.99,Placed
2519,1,40,7,10,14,49,67.86,Not Placed
2520,8,48,5,9,12,70,83.37,Placed
2521,2,56,7,6,5,39,60.46,Not Placed
2522,7,93,6,4,20,37,100.0,Placed
2523,9,40,9,1,12,85,100.0,Placed
2524,9,42,6,8,3,59,67.12,Not Placed
2525,8,86,8,11,0,66,70.95,Placed
2526,11,65,8,9,9,55,100.0,Placed
2527,10,92,4,5,3,82,100.0,Placed
2528,9,70,9,5,12,51,100.0,Placed
2529,2,65,5,10,3,43,38.37,Not Placed
2530,6,62,6,8,15,60,98.26,Placed
2531,4,69,7,8,8,56,81.18,Placed
2532,4,49,9,5,3,75,65.78,Not Placed
2533,5,47,4,4,19,80,100.0,Placed
2534,3,83,7,6,7,93,92.83,Placed
2535,1,64,6,10,3,57,51.55,Not Placed
2536,8,61,9,5,8,45,78.47,Placed
2537,5,54,6,8,10,92,98.63,Placed
2538,3,98,9,9,4,44,66.77,Not Placed
2539,10,80,9,1,8,57,100.0,Placed
2540,7,95,6,9,7,39,88.35,Placed
2541,7,96,6,9,3,89,95.92,Placed
2542,1,49,7,6,19,60,63.64,Not Placed
2543,9,59,4,11,0,38,78.99,Placed
2544,2,80,6,10,19,77,93.58,Placed
2545,5,86,8,5,12,61,98.0,Placed
2546,5,62,4,7,4,72,72.69,Placed
2547,8,92,8,11,19,68,100.0,Placed
2548,8,92,7,8,20,92,100.0,Placed
2549,7,40,6,9,9,37,80.91,Placed
2550,7,41,4,9,15,84,100.0,Placed
2551,11,97,6,10,7,66,100.0,Placed
2552,6,58,9,11,11,95,100.0,Placed
2553,6,53,6,3,2,60,81.57,Placed
2554,11,47,4,8,3,52,88.69,Placed
2555,9,77,6,1,16,41,100.0,Placed
2556,6,51,6,7,20,87,100.0,Placed
2557,2,65,5,5,19,79,95.77,Placed
2558,2,66,5,2,12,47,65.85,Not Placed
2559,5,68,4,2,5,40,72.53,Placed
2560,4,54,4,8,2,69,50.74,Not Placed
2561,11,85,9,5,13,65,100.0,Placed
2562,2,92,9,11,6,76,82.99,Placed
2563,3,100,6,3,2,87,73.88,Placed
2564,7,40,8,1,5,71,86.01,Placed
2565,8,99,4,11,12,77,97.89,Placed
2566,6,82,6,7,13,38,93.93,Placed
2567,11,67,8,11,14,76,100.0,Placed
2568,5,96,5,3,15,38,78.67,Placed
2569,1,42,9,7,0,94,68.26,Not Placed
2570,8,90,4,2,14,79,100.0,Placed
2571,3,57,6,4,6,42,63.35,Not Placed
2572,6,91,5,2,8,72,88.68,Placed
2573,3,99,7,4,14,45,95.78,Placed
2574,7,73,5,5,13,36,86.67,Placed
2575,7,71,6,8,18,52,97.77,Placed
2576,9,68,9,2,17,52,100.0,Placed
2577,5,64,8,10,8,56,65.38,Not Placed
2578,8,99,7,3,0,46,100.0,Placed
2579,10,65,7,10,11,51,86.87,Placed
2580,10,78,9,5,9,85,100.0,Placed
2581,8,47,7,11,6,51,72.45,Placed
2582,1,58,4,9,13,70,64.2,Not Placed
2583,5,93,6,10,0,63,63.93,Not Placed
2584,3,86,7,11,14,83,84.58,Placed
2585,1,81,5,5,0,50,51.11,Not Placed
2586,4,61,8,9,12,75,91.14,Placed
2587,8,68,6,4,19,45,92.1,Placed
2588,3,72,9,10,1,78,68.34,Not Placed
2589,10,77,5,5,2,77,100.0,Placed
2590,2,84,4,9,3,79,64.11,Not Placed
2591,11,85,7,4,15,56,100.0,Placed
2592,9,74,5,5,11,64,94.05,Placed
2593,10,82,6,5,3,42,100.0,Placed
2594,5,42,5,4,11,80,62.93,Not Placed
2595,7,58,4,4,6,52,88.65,Placed
2596,11,49,8,11,19,80,100.0,Placed
2597,11,66,7,5,2,50,97.2,Placed
2598,2,54,6,6,4,81,68.18,Not Placed
2599,9,50,7,7,11,88,97.91,Placed
2600,9,86,7,6,11,54,100.0,Placed
2601,4,65,9,1,19,73,100.0,Placed
2602,4,98,7,2,6,42,83.08,Placed
2603,6,63,5,7,11,64,99.42,Placed
2604,10,52,5,3,1,72,100.0,Placed
2605,10,71,8,10,13,63,100.0,Placed
2606,10,76,4,11,15,47,100.0,Placed
2607,6,43,6,2,6,51,86.09,Placed
2608,1,52,5,6,3,74,52.17,Not Placed
2609,9,48,7,11,19,77,100.0,Placed
2610,2,96,4,4,4,51,90.2,Placed
2611,5,88,6,11,13,43,70.5,Placed
2612,9,73,6,5,8,36,95.09,Placed
2613,4,95,6,6,4,93,82.42,Placed
2614,11,76,6,3,1,76,100.0,Placed
2615,3,87,8,1,4,88,89.34,Placed
2616,7,46,6,3,2,58,80.83,Placed
2617,6,40,4,3,9,55,96.16,Placed
2618,8,99,5,6,7,80,100.0,Placed
2619,3,97,4,4,9,36,82.29,Placed
2620,5,51,7,7,1,39,48.98,Not Placed
2621,10,60,9,11,13,51,98.31,Placed
2622,4,50,8,2,3,58,85.43,Placed
2623,4,83,8,4,20,42,100.0,Placed
2624,4,90,7,8,11,64,85.38,Placed
2625,10,97,4,11,19,84,100.0,Placed
2626,8,83,4,6,13,56,100.0,Placed
2627,6,83,7,10,15,93,100.0,Placed
2628,3,53,9,3,4,58,66.7,Not Placed
2629,10,73,6,10,15,60,100.0,Placed
2630,5,73,6,2,3,95,92.22,Placed
2631,6,64,5,3,2,42,63.57,Not Placed
2632,5,100,4,1,0,46,58.85,Not Placed
2633,6,43,4,1,3,48,82.92,Placed
2634,8,91,7,2,8,64,100.0,Placed
2635,7,94,7,3,0,89,100.0,Placed
2636,5,65,6,9,15,69,83.41,Placed
2637,10,55,4,8,2,95,100.0,Placed
2638,6,49,4,11,5,65,71.68,Placed
2639,4,84,8,11,12,62,80.31,Placed
2640,9,41,5,9,16,80,100.0,Placed
2641,4,74,5,7,14,61,86.01,Placed
2642,1,58,6,7,20,70,84.34,Placed
2643,7,45,9,5,11,35,92.62,Placed
2644,7,58,4,7,7,75,90.51,Placed
2645,4,98,8,4,15,48,100.0,Placed
2646,3,92,4,5,2,92,99.73,Placed
2647,8,91,7,1,3,44,100.0,Placed
2648,5,90,6,11,6,84,100.0,Placed
2649,10,47,9,4,14,76,100.0,Placed
2650,7,53,5,3,10,41,79.24,Placed
2651,4,49,4,2,15,74,73.26,Placed
2652,4,42,9,2,13,48,94.94,Placed
2653,8,77,6,8,12,70,90.58,Placed
2654,8,68,5,1,8,61,99.15,Placed
2655,2,54,4,8,17,45,73.32,Placed
2656,2,62,8,9,2,76,54.47,Not Placed
2657,3,62,6,6,19,83,90.8,Placed
2658,3,57,4,1,4,71,59.66,Not Placed
2659,1,85,5,10,1,76,80.05,Placed
2660,3,58,5,7,20,44,85.94,Placed
2661,6,67,8,5,16,88,100.0,Placed
2662,8,65,6,9,15,41,76.2,Placed
2663,10,49,6,7,19,51,98.48,Placed
2664,6,86,9,5,12,95,100.0,Placed
2665,5,43,4,2,19,86,95.85,Placed
2666,4,94,9,4,10,46,98.72,Placed
2667,3,41,5,2,7,71,56.69,Not Placed
2668,4,42,5,9,20,71,97.07,Placed
2669,7,46,8,2,4,89,78.93,Placed
2670,1,94,8,2,1,70,74.55,Placed
2671,7,55,6,2,3,92,88.44,Placed
2672,1,70,9,1,2,41,71.15,Placed
2673,2,49,5,9,1,58,61.0,Not Placed
2674,4,58,4,8,2,68,70.09,Placed
2675,1,67,7,2,15,35,76.63,Placed
2676,11,56,4,2,19,63,100.0,Placed
2677,11,67,8,5,8,60,100.0,Placed
2678,11,58,4,4,5,44,79.69,Placed
2679,9,76,5,2,14,35,100.0,Placed
2680,6,62,9,8,4,79,99.45,Placed
2681,1,59,6,8,8,51,65.66,Not Placed
2682,1,52,9,4,5,75,75.59,Placed
2683,6,52,7,4,2,70,84.82,Placed
2684,4,82,6,9,12,43,85.92,Placed
2685,4,50,7,4,14,73,89.07,Placed
2686,11,87,7,10,10,57,100.0,Placed
2687,6,54,5,11,15,63,100.0,Placed
2688,11,56,5,9,14,36,76.91,Placed
2689,7,93,8,3,5,52,92.66,Placed
2690,9,89,8,2,13,62,100.0,Placed
2691,10,67,7,11,10,87,100.0,Placed
2692,5,58,9,8,19,81,100.0,Placed
2693,9,43,8,3,9,76,100.0,Placed
2694,4,61,5,2,15,83,95.95,Placed
2695,10,61,8,11,11,41,100.0,Placed
2696,2,94,7,8,6,45,60.23,Not Placed
2697,3,76,6,8,6,41,58.55,Not Placed
2698,11,78,9,5,17,77,100.0,Placed
2699,1,73,9,9,14,58,73.99,Placed
2700,6,72,4,11,5,89,70.61,Placed
2701,6,83,8,6,18,90,100.0,Placed
2702,1,81,9,5,7,49,79.78,Placed
2703,11,79,5,3,19,65,100.0,Placed
2704,3,72,6,7,14,85,100.0,Placed
2705,5,51,5,9,3,53,64.37,Not Placed
2706,3,41,8,4,17,90,81.12,Placed
2707,10,98,7,11,12,91,100.0,Placed
2708,3,67,4,7,0,44,42.07,Not Placed
2709,10,49,4,3,7,82,100.0,Placed
2710,3,61,6,11,18,86,94.54,Placed
2711,5,56,9,2,16,42,100.0,Placed
2712,5,65,9,11,9,35,61.94,Not Placed
2713,4,42,9,1,0,36,50.31,Not Placed
2714,1,46,4,6,0,63,39.06,Not Placed
2715,5,83,7,5,20,76,100.0,Placed
2716,10,47,9,2,4,44,89.67,Placed
2717,5,59,5,3,0,76,79.85,Placed
2718,4,51,9,9,20,43,85.14,Placed
2719,6,74,7,3,20,84,100.0,Placed
2720,10,56,6,7,19,65,100.0,Placed
2721,4,67,6,1,12,66,99.22,Placed
2722,7,80,4,7,8,36,84.74,Placed
2723,7,49,7,9,15,58,79.51,Placed
2724,2,61,5,11,7,71,65.35,Not Placed
2725,3,77,7,8,13,87,100.0,Placed
2726,1,96,5,7,16,77,92.25,Placed
2727,8,72,5,10,3,40,83.41,Placed
2728,9,61,7,8,6,42,100.0,Placed
2729,4,83,8,4,16,74,100.0,Placed
2730,6,76,7,2,15,59,100.0,Placed
2731,9,52,5,11,13,76,100.0,Placed
2732,6,66,9,9,15,77,100.0,Placed
2733,9,54,6,3,1,85,94.51,Placed
2734,4,61,6,11,14,59,66.23,Not Placed
2735,8,69,4,4,10,80,100.0,Placed
2736,9,82,6,7,12,45,100.0,Placed
2737,4,79,8,2,3,69,89.4,Placed
2738,5,76,5,8,0,35,61.59,Not Placed
2739,8,73,7,10,14,94,100.0,Placed
2740,10,83,7,8,11,93,100.0,Placed
2741,6,99,8,5,20,87,100.0,Placed
2742,7,73,6,9,8,57,68.06,Not Placed
2743,3,97,5,8,6,37,66.22,Not Placed
2744,7,87,6,1,2,75,88.08,Placed
2745,8,92,4,9,15,35,92.97,Placed
2746,10,74,6,5,3,88,100.0,Placed
2747,6,81,4,9,13,78,100.0,Placed
2748,10,58,7,9,12,46,98.42,Placed
2749,9,47,5,10,19,72,100.0,Placed
2750,6,78,9,10,18,95,100.0,Placed
2751,9,72,4,3,1,74,82.49,Placed
2752,4,83,6,8,9,65,93.15,Placed
2753,8,100,6,7,18,63,100.0,Placed
2754,11,67,7,7,14,69,100.0,Placed
2755,4,76,8,10,6,62,83.91,Placed
2756,2,87,9,2,14,55,87.12,Placed
2757,10,64,8,2,16,45,100.0,Placed
2758,11,75,6,2,15,60,100.0,Placed
2759,9,56,8,11,16,45,96.35,Placed
2760,5,63,9,2,15,39,96.9,Placed
2761,4,60,9,4,17,90,98.03,Placed
2762,2,41,5,7,16,41,67.53,Not Placed
2763,1,70,8,2,3,85,87.43,Placed
2764,11,83,5,5,1,65,98.36,Placed
2765,7,72,6,7,16,73,100.0,Placed
2766,6,69,6,9,16,76,92.35,Placed
2767,2,51,6,8,1,42,72.61,Placed
2768,8,83,7,9,1,87,96.46,Placed
2769,11,51,8,7,14,61,100.0,Placed
2770,4,90,4,3,15,55,89.22,Placed
2771,8,96,9,1,10,64,100.0,Placed
2772,7,88,4,10,1,48,80.74,Placed
2773,5,91,6,7,7,93,74.53,Placed
2774,10,63,8,11,20,35,87.46,Placed
2775,10,63,5,6,11,79,100.0,Placed
2776,8,97,4,2,13,58,100.0,Placed
2777,9,99,6,1,13,95,100.0,Placed
2778,5,50,4,10,11,40,58.32,Not Placed
2779,10,52,4,4,1,40,59.58,Not Placed
2780,5,66,9,4,13,87,100.0,Placed
2781,2,47,4,6,11,39,52.32,Not Placed
2782,5,49,6,11,8,69,62.28,Not Placed
2783,3,47,9,5,7,78,87.66,Placed
2784,7,59,6,9,19,49,98.57,Placed
2785,10,47,7,8,15,69,98.74,Placed
2786,5,48,7,9,9,82,68.57,Not Placed
2787,8,46,7,10,6,84,93.95,Placed
2788,1,53,4,7,14,75,60.94,Not Placed
2789,3,67,8,9,8,42,56.51,Not Placed
2790,3,41,6,3,3,77,66.91,Not Placed
2791,9,96,7,9,5,69,100.0,Placed
2792,5,82,8,2,11,39,95.33,Placed
2793,9,47,7,9,14,65,100.0,Placed
2794,9,52,7,6,18,76,100.0,Placed
2795,1,60,8,4,1,65,66.58,Not Placed
2796,2,86,7,11,18,71,88.26,Placed
2797,5,67,4,2,19,42,100.0,Placed
2798,4,74,4,10,19,40,70.22,Placed
2799,10,62,9,3,1,57,100.0,Placed
2800,9,85,4,5,14,87,100.0,Placed
2801,7,54,5,9,11,50,70.83,Placed
2802,6,41,9,7,0,78,72.54,Placed
2803,7,100,7,11,13,83,90.48,Placed
2804,1,90,5,11,3,42,58.97,Not Placed
2805,1,51,6,3,10,38,49.17,Not Placed
2806,8,96,8,4,6,66,100.0,Placed
2807,2,91,6,11,12,87,77.23,Placed
2808,10,75,5,2,13,83,100.0,Placed
2809,11,42,4,8,6,37,81.47,Placed
2810,9,44,7,6,10,84,100.0,Placed
2811,7,42,9,3,19,50,100.0,Placed
2812,6,96,7,5,19,94,100.0,Placed
2813,1,86,4,5,10,68,77.32,Placed
2814,1,58,7,1,20,47,92.49,Placed
2815,2,41,8,5,8,67,57.63,Not Placed
2816,6,83,8,6,3,56,78.89,Placed
2817,6,76,8,10,1,65,67.79,Not Placed
2818,2,93,6,10,1,58,66.6,Not Placed
2819,1,56,4,11,8,37,46.81,Not Placed
2820,10,53,8,11,18,67,100.0,Placed
2821,5,67,5,11,14,64,58.0,Not Placed
2822,5,66,8,2,20,60,100.0,Placed
2823,2,93,9,3,20,68,83.7,Placed
2824,6,49,6,10,17,85,100.0,Placed
2825,9,42,5,5,15,56,98.77,Placed
2826,2,75,4,3,1,64,53.83,Not Placed
2827,10,77,4,5,11,69,100.0,Placed
2828,2,95,9,5,0,59,71.92,Placed
2829,3,64,8,8,1,62,83.67,Placed
2830,7,61,5,10,13,67,88.68,Placed
2831,6,87,9,9,6,57,90.96,Placed
2832,8,78,5,8,16,60,97.87,Placed
2833,8,86,8,3,14,90,100.0,Placed
2834,6,69,8,1,16,43,100.0,Placed
2835,11,60,7,3,8,42,81.64,Placed
2836,10,69,7,1,12,71,100.0,Placed
2837,3,67,8,11,1,67,67.68,Not Placed
2838,3,70,6,9,14,49,67.04,Not Placed
2839,1,96,9,3,19,83,98.97,Placed
2840,7,91,7,8,10,81,86.8,Placed
2841,5,65,8,6,18,42,98.53,Placed
2842,4,82,5,3,13,89,88.51,Placed
2843,10,61,9,9,3,55,95.1,Placed
2844,4,60,7,8,10,92,79.32,Placed
2845,4,40,6,3,15,37,61.75,Not Placed
2846,6,76,9,7,1,43,75.6,Placed
2847,8,52,9,5,1,86,100.0,Placed
2848,8,60,4,2,8,48,79.12,Placed
2849,5,85,5,8,20,72,100.0,Placed
2850,6,48,6,1,20,61,100.0,Placed
2851,4,56,6,4,3,54,65.31,Not Placed
2852,11,86,6,11,7,91,100.0,Placed
2853,9,60,5,11,17,38,91.66,Placed
2854,8,70,6,4,14,58,86.99,Placed
2855,10,78,4,10,1,61,98.35,Placed
2856,10,98,7,5,10,46,100.0,Placed
2857,1,93,5,4,16,62,83.77,Placed
2858,2,61,6,1,6,69,63.71,Not Placed
2859,9,51,8,7,7,58,88.95,Placed
2860,8,94,7,10,9,65,100.0,Placed
2861,3,45,9,11,2,93,57.19,Not Placed
2862,8,92,5,2,12,37,91.61,Placed
2863,1,55,8,10,16,64,73.25,Placed
2864,10,65,9,3,12,61,100.0,Placed
2865,4,44,8,5,18,87,91.29,Placed
2866,3,48,6,8,8,51,58.44,Not Placed
2867,6,85,5,10,20,40,68.99,Not Placed
2868,7,79,6,8,15,81,100.0,Placed
2869,4,53,9,2,4,77,71.15,Placed
2870,7,83,4,9,8,52,94.73,Placed
2871,9,81,8,6,8,94,100.0,Placed
2872,11,69,4,9,5,69,100.0,Placed
2873,2,91,9,4,20,61,100.0,Placed
2874,11,91,6,3,9,51,100.0,Placed
2875,3,65,7,5,17,45,86.52,Placed
2876,5,92,8,5,10,72,100.0,Placed
2877,3,84,7,4,14,71,96.3,Placed
2878,11,68,5,7,6,76,100.0,Placed
2879,8,58,8,8,13,68,100.0,Placed
2880,10,86,4,5,7,81,100.0,Placed
2881,8,47,7,9,18,66,99.0,Placed
2882,8,62,9,7,14,77,82.96,Placed
2883,9,92,5,7,18,90,100.0,Placed
2884,4,81,8,8,17,91,95.56,Placed
2885,5,74,9,4,16,80,100.0,Placed
2886,5,70,5,10,2,80,85.76,Placed
2887,8,92,4,6,2,69,95.88,Placed
2888,7,74,9,5,6,62,91.02,Placed
2889,9,71,8,1,9,88,100.0,Placed
2890,8,97,5,9,16,56,100.0,Placed
2891,2,44,6,2,14,50,77.01,Placed
2892,10,55,8,6,7,80,100.0,Placed
2893,4,56,8,8,16,76,100.0,Placed
2894,6,71,8,3,2,88,94.51,Placed
2895,2,77,8,5,3,74,57.22,Not Placed
2896,7,97,6,7,7,46,76.35,Placed
2897,3,71,9,4,12,39,80.27,Placed
2898,3,91,9,5,0,60,72.61,Placed
2899,11,59,9,1,17,60,100.0,Placed
2900,2,87,4,4,10,47,81.47,Placed
2901,11,95,6,7,20,58,100.0,Placed
2902,8,41,6,10,5,78,70.5,Placed
2903,6,59,5,7,15,37,86.22,Placed
2904,1,86,7,10,20,66,90.99,Placed
2905,1,57,9,10,18,57,83.25,Placed
2906,7,40,7,4,16,83,99.15,Placed
2907,8,97,5,6,17,86,100.0,Placed
2908,5,68,6,5,10,71,72.35,Placed
2909,11,68,5,1,13,89,100.0,Placed
2910,5,58,8,8,11,72,96.25,Placed
2911,4,83,5,7,19,79,100.0,Placed
2912,6,79,5,5,6,72,89.6,Placed
2913,6,45,8,10,16,47,90.51,Placed
2914,3,83,7,10,4,49,73.55,Placed
2915,9,78,8,7,13,36,100.0,Placed
2916,11,89,4,10,12,45,100.0,Placed
2917,7,93,5,3,11,50,100.0,Placed
2918,1,85,5,8,13,52,70.41,Placed
2919,7,47,7,5,8,68,100.0,Placed
2920,5,63,6,2,3,44,80.57,Placed
2921,5,59,8,2,18,47,94.04,Placed
2922,2,93,6,4,0,66,62.32,Not Placed
2923,4,53,4,7,12,94,94.83,Placed
2924,6,44,8,10,5,42,66.36,Not Placed
2925,10,80,4,4,0,41,77.67,Placed
2926,11,79,4,9,16,82,100.0,Placed
2927,7,73,4,2,2,51,85.38,Placed
2928,11,99,9,6,16,75,100.0,Placed
2929,5,55,8,4,1,61,88.06,Placed
2930,9,84,8,6,6,93,100.0,Placed
2931,3,46,9,10,0,42,43.59,Not Placed
2932,1,55,7,9,20,63,69.6,Not Placed
2933,4,46,9,10,14,91,81.01,Placed
2934,9,66,5,9,3,86,85.94,Placed
2935,4,53,6,9,5,71,63.91,Not Placed
2936,2,53,6,9,20,61,75.3,Placed
2937,10,83,4,3,12,71,94.05,Placed
2938,5,72,8,11,12,93,87.67,Placed
2939,3,72,8,9,19,91,100.0,Placed
2940,9,83,4,3,0,58,81.48,Placed
2941,4,59,5,10,1,79,75.21,Placed
2942,6,92,6,3,5,50,85.08,Placed
2943,2,86,9,5,10,60,90.72,Placed
2944,6,75,7,6,17,88,100.0,Placed
2945,3,46,5,9,12,65,78.15,Placed
2946,9,71,8,1,20,61,100.0,Placed
2947,11,87,4,8,11,60,100.0,Placed
2948,2,42,6,4,19,77,100.0,Placed
2949,9,78,4,10,6,49,69.43,Not Placed
2950,5,68,8,7,19,92,100.0,Placed
2951,8,63,4,6,6,83,97.82,Placed
2952,2,61,9,6,6,49,51.43,Not Placed
2953,6,45,6,7,1,57,68.88,Not Placed
2954,3,87,4,4,10,59,83.31,Placed
2955,10,63,6,6,0,78,93.99,Placed
2956,5,79,4,3,20,38,100.0,Placed
2957,8,62,4,5,12,70,100.0,Placed
2958,10,93,6,2,11,87,100.0,Placed
2959,1,77,9,3,12,50,93.52,Placed
2960,5,49,4,9,6,81,65.18,Not Placed
2961,3,55,9,6,11,74,80.17,Placed
2962,4,50,5,3,16,93,92.01,Placed
2963,2,71,7,2,7,55,68.29,Not Placed
2964,9,84,5,5,2,86,97.68,Placed
2965,3,100,7,10,6,74,81.24,Placed
2966,2,45,5,5,18,77,79.45,Placed
2967,10,63,7,1,19,87,100.0,Placed
2968,11,72,4,3,7,90,100.0,Placed
2969,9,92,6,7,13,51,98.34,Placed
2970,7,90,6,9,13,37,100.0,Placed
2971,6,51,8,5,1,41,75.27,Placed
2972,1,95,7,4,5,46,55.82,Not Placed
2973,5,66,8,3,15,35,88.5,Placed
2974,11,77,9,10,8,77,100.0,Placed
2975,11,57,9,9,20,71,100.0,Placed
2976,3,84,8,7,14,40,81.85,Placed
2977,1,78,7,7,18,80,91.67,Placed
2978,4,94,6,8,14,94,100.0,Placed
2979,2,52,7,10,11,95,78.38,Placed
2980,2,92,9,1,8,83,91.01,Placed
2981,3,79,4,11,15,57,74.84,Placed
2982,8,69,8,4,5,59,100.0,Placed
2983,8,92,8,5,19,59,100.0,Placed
2984,7,88,9,5,14,37,100.0,Placed
2985,6,80,7,1,12,38,89.28,Placed
2986,9,91,8,3,20,64,100.0,Placed
2987,4,52,6,2,9,67,100.0,Placed
2988,1,73,8,7,13,63,83.85,Placed
2989,8,75,7,5,2,38,84.24,Placed
2990,7,69,9,3,11,48,100.0,Placed
2991,7,100,6,11,0,55,88.79,Placed
2992,3,64,6,8,20,41,71.63,Placed
2993,4,41,8,1,15,55,92.58,Placed
2994,10,75,7,1,9,90,100.0,Placed
2995,9,57,8,6,8,41,68.64,Not Placed
2996,6,44,4,1,17,35,85.98,Placed
2997,5,58,9,4,0,94,78.3,Placed
2998,3,81,4,6,9,68,78.93,Placed
2999,9,57,6,1,6,57,100.0,Placed
3000,5,96,8,9,9,37,72.96,Placed
3001,5,71,4,4,11,52,80.61,Placed
3002,4,60,5,9,10,77,74.74,Placed
3003,4,49,4,9,8,46,69.71,Not Placed
3004,1,76,8,6,4,48,55.3,Not Placed
3005,7,88,8,7,3,75,98.67,Placed
3006,9,61,9,1,19,62,100.0,Placed
3007,3,52,4,5,12,76,85.6,Placed
3008,2,94,8,3,7,79,81.01,Placed
3009,3,56,8,10,15,58,75.96,Placed
3010,1,48,9,10,0,58,63.61,Not Placed
3011,6,63,9,6,16,37,92.34,Placed
3012,11,83,9,4,14,93,100.0,Placed
3013,11,53,9,9,14,92,100.0,Placed
3014,7,85,5,7,17,43,97.12,Placed
3015,11,47,6,4,5,58,100.0,Placed
3016,11,94,8,11,1,94,100.0,Placed
3017,2,76,7,6,4,36,44.41,Not Placed
3018,8,58,9,2,18,89,100.0,Placed
3019,6,67,6,3,6,74,100.0,Placed
3020,4,85,9,11,8,62,67.32,Not Placed
3021,5,80,6,7,1,41,64.36,Not Placed
3022,8,69,7,11,6,43,80.85,Placed
3023,3,46,4,4,13,79,79.11,Placed
3024,3,98,5,10,14,73,87.59,Placed
3025,11,97,8,7,11,94,100.0,Placed
3026,4,65,4,9,19,73,94.25,Placed
3027,1,79,7,5,3,67,59.54,Not Placed
3028,9,85,5,1,12,68,100.0,Placed
3029,8,93,5,5,8,55,79.03,Placed
3030,8,99,5,6,11,95,100.0,Placed
3031,10,85,7,11,9,63,100.0,Placed
3032,6,50,9,2,8,61,91.78,Placed
3033,7,53,9,8,20,51,100.0,Placed
3034,6,60,9,2,6,94,95.33,Placed
3035,9,47,4,9,11,76,74.76,Placed
3036,3,42,8,2,15,81,86.53,Placed
3037,3,67,5,3,14,82,73.16,Placed
3038,3,100,5,8,6,57,67.2,Not Placed
3039,10,68,4,11,7,87,100.0,Placed
3040,3,62,9,6,6,79,81.01,Placed
3041,9,57,5,1,10,55,100.0,Placed
3042,4,74,5,4,3,42,70.4,Placed
3043,7,52,7,5,17,43,100.0,Placed
3044,9,51,6,11,18,92,100.0,Placed
3045,11,86,4,3,6,67,96.08,Placed
3046,7,89,4,1,12,92,100.0,Placed
3047,9,44,9,3,8,38,100.0,Placed
3048,3,78,4,9,17,93,97.09,Placed
3049,4,50,9,2,6,52,62.65,Not Placed
3050,8,97,7,1,19,66,100.0,Placed
3051,6,98,7,7,15,64,91.52,Placed
3052,5,50,8,7,4,59,76.81,Placed
3053,4,98,9,5,6,91,100.0,Placed
3054,8,86,7,2,5,67,100.0,Placed
3055,1,81,9,1,1,69,71.56,Placed
3056,9,86,4,5,6,76,100.0,Placed
3057,1,70,8,10,20,90,79.69,Placed
3058,8,70,6,4,8,68,100.0,Placed
3059,4,52,5,9,12,84,77.96,Placed
3060,9,53,5,5,16,36,98.04,Placed
3061,11,88,8,11,16,47,100.0,Placed
3062,5,84,9,10,14,87,98.06,Placed
3063,3,81,9,2,17,75,100.0,Placed
3064,9,64,9,4,14,57,100.0,Placed
3065,11,72,6,9,10,95,100.0,Placed
3066,9,72,5,8,11,57,99.3,Placed
3067,4,54,8,3,16,65,87.87,Placed
3068,11,55,9,8,11,36,80.16,Placed
3069,4,83,7,2,6,36,76.65,Placed
3070,8,97,4,3,6,39,100.0,Placed
3071,2,95,6,5,20,94,96.73,Placed
3072,9,77,9,11,9,48,100.0,Placed
3073,6,45,5,10,15,57,57.09,Not Placed
3074,9,83,4,10,10,89,100.0,Placed
3075,8,64,8,8,15,91,100.0,Placed
3076,7,54,9,1,1,69,94.43,Placed
3077,1,43,5,4,1,80,50.08,Not Placed
3078,3,95,4,1,17,35,80.92,Placed
3079,11,43,7,1,4,75,94.37,Placed
3080,2,69,6,5,13,82,65.51,Not Placed
3081,5,73,8,6,7,83,91.46,Placed
3082,5,66,5,1,5,74,78.59,Placed
3083,5,70,7,11,8,49,69.23,Not Placed
3084,4,95,6,6,5,64,78.98,Placed
3085,5,71,6,5,20,55,90.9,Placed
3086,3,83,7,4,16,42,88.09,Placed
3087,1,78,5,10,7,41,50.12,Not Placed
3088,5,91,6,5,2,75,94.56,Placed
3089,9,48,8,8,11,68,100.0,Placed
3090,9,80,4,9,12,91,100.0,Placed
3091,4,47,8,11,17,76,99.87,Placed
3092,3,53,9,2,10,71,88.15,Placed
3093,1,72,6,6,1,82,69.35,Not Placed
3094,2,62,4,3,13,87,82.04,Placed
3095,8,60,7,2,0,66,86.97,Placed
3096,1,94,4,1,14,67,78.85,Placed
3097,8,51,4,4,17,40,100.0,Placed
3098,7,96,4,8,17,76,100.0,Placed
3099,8,41,6,3,16,44,96.85,Placed
3100,6,52,9,5,0,60,65.35,Not Placed
3101,9,98,9,10,13,92,100.0,Placed
3102,3,43,5,5,19,85,100.0,Placed
3103,10,59,9,5,15,79,100.0,Placed
3104,4,89,6,11,3,60,70.77,Placed
3105,6,90,5,9,5,53,91.15,Placed
3106,8,87,7,8,15,69,100.0,Placed
3107,5,98,7,8,19,79,100.0,Placed
3108,3,53,7,1,5,38,42.49,Not Placed
3109,6,69,7,1,14,59,93.49,Placed
3110,4,68,7,2,0,95,89.13,Placed
3111,9,47,8,8,6,42,70.13,Placed
3112,3,51,6,10,10,46,64.94,Not Placed
3113,4,80,5,1,0,88,84.39,Placed
3114,7,77,7,4,7,58,77.94,Placed
3115,7,65,8,9,13,58,77.48,Placed
3116,4,89,9,2,4,51,88.03,Placed
3117,6,41,8,3,12,59,78.83,Placed
3118,3,94,8,11,14,67,86.23,Placed
3119,6,79,6,6,8,61,95.21,Placed
3120,2,95,7,11,7,36,61.38,Not Placed
3121,8,53,8,10,18,43,91.87,Placed
3122,2,45,8,3,16,89,78.33,Placed
3123,11,81,7,4,18,92,100.0,Placed
3124,7,79,6,9,17,67,100.0,Placed
3125,9,70,8,9,17,53,100.0,Placed
3126,1,56,5,10,3,83,47.47,Not Placed
3127,8,64,4,5,1,39,64.68,Not Placed
3128,7,100,9,7,4,81,96.21,Placed
3129,6,71,4,9,16,54,85.13,Placed
3130,6,51,4,8,6,58,81.06,Placed
3131,6,88,6,11,15,91,100.0,Placed
3132,9,52,8,7,0,65,95.28,Placed
3133,2,58,4,8,11,78,58.52,Not Placed
3134,1,83,4,5,18,38,62.74,Not Placed
3135,6,87,9,5,8,66,100.0,Placed
3136,10,64,7,5,15,81,100.0,Placed
3137,11,70,8,1,6,69,100.0,Placed
3138,8,98,8,6,14,48,100.0,Placed
3139,3,76,9,5,11,70,96.35,Placed
3140,10,64,7,8,3,85,86.77,Placed
3141,1,55,8,8,5,40,27.82,Not Placed
3142,9,96,5,2,5,51,100.0,Placed
3143,1,77,9,11,14,52,52.11,Not Placed
3144,3,82,6,6,2,42,72.16,Placed
3145,8,88,7,11,1,85,99.81,Placed
3146,3,97,9,10,4,86,83.82,Placed
3147,4,62,4,10,7,46,47.18,Not Placed
3148,8,53,8,6,18,51,94.73,Placed
3149,1,45,5,3,20,65,49.63,Not Placed
3150,6,64,5,1,15,85,100.0,Placed
3151,1,62,6,7,18,35,69.14,Not Placed
3152,1,99,9,10,15,45,78.4,Placed
3153,8,82,5,5,5,76,100.0,Placed
3154,11,51,9,10,0,50,75.82,Placed
3155,4,52,8,5,17,71,93.48,Placed
3156,1,75,8,11,7,83,66.05,Not Placed
3157,10,78,5,8,4,62,100.0,Placed
3158,7,73,8,5,11,43,90.71,Placed
3159,5,45,9,5,17,89,100.0,Placed
3160,5,77,8,1,4,93,100.0,Placed
3161,1,89,4,2,12,42,81.94,Placed
3162,10,91,9,5,20,59,100.0,Placed
3163,11,79,7,7,11,44,100.0,Placed
3164,6,47,8,3,15,74,100.0,Placed
3165,9,100,8,1,13,37,100.0,Placed
3166,9,47,9,11,10,89,100.0,Placed
3167,8,79,6,2,8,57,91.04,Placed
3168,5,72,7,3,9,57,100.0,Placed
3169,1,73,7,9,15,78,87.26,Placed
3170,9,83,7,8,18,90,100.0,Placed
3171,1,54,5,4,9,38,67.83,Not Placed
3172,8,75,4,8,20,93,100.0,Placed
3173,5,99,4,9,3,88,84.51,Placed
3174,3,96,6,3,20,84,100.0,Placed
3175,11,74,7,6,7,57,100.0,Placed
3176,7,85,7,8,10,43,88.49,Placed
3177,7,61,8,10,5,87,73.48,Placed
3178,9,62,9,7,3,38,77.69,Placed
3179,7,79,5,9,20,68,97.17,Placed
3180,11,84,5,7,4,73,85.71,Placed
3181,3,94,6,1,17,52,98.87,Placed
3182,11,90,4,9,2,68,100.0,Placed
3183,1,61,7,5,6,91,67.09,Not Placed
3184,8,44,9,6,11,68,96.9,Placed
3185,3,70,6,2,2,76,81.66,Placed
3186,8,52,5,2,16,37,90.98,Placed
3187,8,67,5,4,2,53,80.14,Placed
3188,5,97,5,4,10,68,94.05,Placed
3189,1,59,7,5,5,60,67.22,Not Placed
3190,10,72,7,7,10,69,100.0,Placed
3191,7,55,7,11,3,75,76.55,Placed
3192,10,68,8,1,16,77,100.0,Placed
3193,5,62,4,10,0,65,52.22,Not Placed
3194,8,63,5,4,11,77,100.0,Placed
3195,9,73,5,9,2,61,90.16,Placed
3196,11,46,8,8,15,37,100.0,Placed
3197,7,77,5,3,2,71,98.28,Placed
3198,7,76,5,6,13,46,91.61,Placed
3199,1,100,7,11,16,81,94.45,Placed
3200,4,43,7,9,18,57,76.2,Placed
3201,2,73,4,8,6,51,69.69,Not Placed
3202,2,81,5,7,10,50,70.52,Placed
3203,2,61,6,7,15,51,76.67,Placed
3204,4,44,5,1,18,49,85.27,Placed
3205,1,89,5,5,4,60,65.54,Not Placed
3206,4,81,4,7,0,79,74.11,Placed
3207,2,62,6,2,9,36,43.56,Not Placed
3208,5,93,5,6,17,51,100.0,Placed
3209,3,99,9,2,9,35,77.68,Placed
3210,8,54,9,3,0,64,85.89,Placed
3211,4,70,6,1,12,66,85.64,Placed
3212,1,98,9,3,3,64,86.21,Placed
3213,1,48,7,7,11,76,62.98,Not Placed
3214,10,82,7,5,15,38,100.0,Placed
3215,3,97,6,4,18,76,99.21,Placed
3216,9,92,5,8,11,78,100.0,Placed
3217,7,64,6,8,5,66,76.2,Placed
3218,2,64,9,1,15,94,91.67,Placed
3219,9,100,6,9,11,69,100.0,Placed
3220,10,88,9,9,9,35,100.0,Placed
3221,2,60,7,2,4,53,55.69,Not Placed
3222,3,48,6,2,18,67,91.06,Placed
3223,11,94,8,8,11,53,100.0,Placed
3224,10,87,9,11,7,70,100.0,Placed
3225,2,77,8,6,3,61,56.89,Not Placed
3226,3,61,7,3,6,47,50.91,Not Placed
3227,6,82,5,2,4,61,94.69,Placed
3228,9,62,9,5,10,80,100.0,Placed
3229,9,88,5,8,16,48,100.0,Placed
3230,7,43,7,6,20,58,100.0,Placed
3231,3,68,5,3,2,69,72.5,Placed
3232,4,54,9,9,1,53,59.92,Not Placed
3233,6,40,4,8,18,95,97.04,Placed
3234,11,93,9,10,1,59,95.72,Placed
3235,5,69,9,6,13,45,80.54,Placed
3236,2,68,8,1,0,43,41.68,Not Placed
3237,6,59,4,2,15,40,92.8,Placed
3238,3,72,4,4,14,92,100.0,Placed
3239,8,80,4,2,17,70,100.0,Placed
3240,2,83,9,3,1,92,98.16,Placed
3241,1,75,7,8,10,71,96.64,Placed
3242,9,99,4,9,20,63,100.0,Placed
3243,3,61,6,6,16,43,81.97,Placed
3244,11,52,5,4,12,67,100.0,Placed
3245,1,46,7,11,11,57,74.0,Placed
3246,7,47,6,2,1,49,67.6,Not Placed
3247,10,67,9,7,20,45,100.0,Placed
3248,5,84,9,10,17,57,100.0,Placed
3249,5,82,6,11,9,60,92.43,Placed
3250,1,48,8,7,11,35,49.26,Not Placed
3251,9,64,8,10,16,64,100.0,Placed
3252,7,95,6,9,13,51,100.0,Placed
3253,8,55,8,5,18,81,100.0,Placed
3254,9,49,5,10,12,80,100.0,Placed
3255,6,50,5,4,2,75,58.21,Not Placed
3256,5,70,9,10,7,57,92.16,Placed
3257,6,51,8,6,4,70,95.06,Placed
3258,11,99,4,2,11,75,100.0,Placed
3259,2,70,6,2,0,94,84.71,Placed
3260,4,53,5,9,20,39,81.62,Placed
3261,3,90,8,7,15,69,87.79,Placed
3262,7,83,8,7,11,84,100.0,Placed
3263,9,71,5,5,16,43,100.0,Placed
3264,5,89,5,7,8,38,61.92,Not Placed
3265,6,92,4,9,12,41,92.18,Placed
3266,10,56,8,10,3,35,100.0,Placed
3267,2,74,8,5,3,50,41.67,Not Placed
3268,3,40,7,9,14,91,87.66,Placed
3269,3,68,9,1,9,94,100.0,Placed
3270,9,90,4,3,5,59,86.96,Placed
3271,7,100,5,7,2,92,100.0,Placed
3272,8,43,5,4,14,40,76.18,Placed
3273,11,62,6,2,5,72,100.0,Placed
3274,10,67,9,3,10,48,100.0,Placed
3275,11,55,5,7,1,88,88.54,Placed
3276,9,51,8,8,1,71,91.31,Placed
3277,6,92,5,11,0,45,59.28,Not Placed
3278,4,60,8,9,10,35,81.0,Placed
3279,1,84,8,6,4,86,78.62,Placed
3280,8,56,4,10,5,76,91.3,Placed
3281,7,79,5,9,2,35,75.88,Placed
3282,2,52,4,4,19,87,100.0,Placed
3283,8,91,9,5,4,95,100.0,Placed
3284,5,97,8,1,19,70,100.0,Placed
3285,7,71,9,9,8,42,76.42,Placed
3286,4,76,5,9,18,66,92.8,Placed
3287,5,89,9,9,4,67,78.71,Placed
3288,8,54,9,3,11,42,100.0,Placed
3289,1,51,5,10,11,48,43.84,Not Placed
3290,1,100,4,10,15,58,71.34,Placed
3291,4,88,4,10,6,83,86.05,Placed
3292,3,96,8,8,13,75,100.0,Placed
3293,10,54,8,3,8,63,94.35,Placed
3294,2,73,5,6,14,59,71.3,Placed
3295,3,45,5,5,10,40,57.42,Not Placed
3296,11,56,7,8,3,35,82.02,Placed
3297,11,87,7,3,10,89,100.0,Placed
3298,11,88,6,1,8,57,100.0,Placed
3299,1,96,8,9,5,75,74.09,Placed
3300,1,59,9,10,16,67,79.44,Placed
3301,6,48,6,9,8,48,62.95,Not Placed
3302,5,98,6,3,5,90,100.0,Placed
3303,8,44,4,2,5,62,87.22,Placed
3304,2,62,9,4,3,63,66.65,Not Placed
3305,4,72,4,8,19,77,100.0,Placed
3306,8,77,7,6,10,74,100.0,Placed
3307,6,95,6,10,2,57,80.5,Placed
3308,1,53,7,1,17,78,89.45,Placed
3309,4,56,9,8,15,72,100.0,Placed
3310,1,96,9,5,20,83,100.0,Placed
3311,2,58,8,6,15,77,97.49,Placed
3312,5,72,5,5,11,44,80.02,Placed
3313,8,40,4,10,13,61,97.29,Placed
3314,8,52,8,5,8,42,83.79,Placed
3315,11,85,8,3,6,78,100.0,Placed
3316,3,66,4,4,13,87,97.4,Placed
3317,11,45,4,5,19,38,100.0,Placed
3318,4,98,9,11,19,55,100.0,Placed
3319,10,45,9,11,9,55,100.0,Placed
3320,11,72,6,2,10,64,100.0,Placed
3321,6,69,7,6,6,47,78.38,Placed
3322,11,85,9,2,18,92,100.0,Placed
3323,11,74,8,4,18,37,100.0,Placed
3324,10,62,6,1,20,54,100.0,Placed
3325,3,49,6,4,10,70,94.13,Placed
3326,2,90,8,7,5,74,92.88,Placed
3327,6,58,9,8,7,39,89.85,Placed
3328,11,90,8,2,0,56,100.0,Placed
3329,5,67,5,3,7,92,90.93,Placed
3330,10,62,9,1,4,36,99.15,Placed
3331,5,43,7,7,9,59,61.44,Not Placed
3332,10,59,8,4,1,74,100.0,Placed
3333,5,58,9,11,3,58,52.06,Not Placed
3334,10,81,4,10,1,92,97.32,Placed
3335,5,66,5,8,14,39,76.79,Placed
3336,3,96,7,5,19,50,100.0,Placed
3337,7,73,9,9,9,87,100.0,Placed
3338,6,43,4,6,20,49,92.36,Placed
3339,4,95,9,11,1,85,61.3,Not Placed
3340,2,77,4,10,5,47,51.72,Not Placed
3341,9,46,7,2,13,45,92.56,Placed
3342,1,87,5,1,4,50,66.39,Not Placed
3343,11,100,4,1,1,52,100.0,Placed
3344,4,46,6,9,13,59,76.31,Placed
3345,1,89,7,1,12,81,81.97,Placed
3346,6,91,7,3,1,72,93.02,Placed
3347,4,65,8,2,8,74,100.0,Placed
3348,5,65,5,4,2,38,84.19,Placed
3349,5,93,6,1,14,87,100.0,Placed
3350,9,58,6,1,2,92,85.7,Placed
3351,1,48,8,4,11,82,76.0,Placed
3352,2,100,4,4,5,55,65.71,Not Placed
3353,6,59,4,7,18,45,87.83,Placed
3354,5,81,6,8,16,92,100.0,Placed
3355,11,84,5,8,5,86,100.0,Placed
3356,7,89,4,8,18,93,100.0,Placed
3357,3,55,7,9,16,68,94.51,Placed
3358,3,93,9,1,15,64,100.0,Placed
3359,10,56,8,9,20,88,100.0,Placed
3360,2,61,5,10,7,38,60.1,Not Placed
3361,3,52,4,8,18,48,68.81,Not Placed
3362,10,51,9,1,7,45,88.79,Placed
3363,1,49,6,7,19,38,68.17,Not Placed
3364,5,40,8,9,14,60,78.76,Placed
3365,5,71,4,4,7,37,70.53,Placed
3366,11,69,6,9,2,90,100.0,Placed
3367,7,47,4,1,15,88,100.0,Placed
3368,4,60,8,9,2,91,97.0,Placed
3369,3,61,7,6,0,71,68.45,Not Placed
3370,1,57,7,4,7,72,66.74,Not Placed
3371,8,41,9,5,8,75,85.7,Placed
3372,3,87,6,7,11,38,75.64,Placed
3373,2,83,7,10,17,60,75.24,Placed
3374,11,48,8,4,16,73,100.0,Placed
3375,4,42,6,8,7,79,71.97,Placed
3376,3,93,4,3,19,76,100.0,Placed
3377,1,65,5,2,10,78,78.15,Placed
3378,3,60,4,1,6,76,78.53,Placed
3379,2,69,8,6,13,45,74.66,Placed
3380,8,67,9,2,9,45,100.0,Placed
3381,6,75,6,8,14,88,97.38,Placed
3382,9,65,4,11,11,72,100.0,Placed
3383,8,73,6,10,19,72,100.0,Placed
3384,10,47,7,4,16,54,97.83,Placed
3385,3,49,5,9,7,60,60.96,Not Placed
3386,5,87,8,4,13,72,100.0,Placed
3387,7,94,4,4,14,46,100.0,Placed
3388,5,82,5,8,10,89,96.92,Placed
3389,8,89,8,8,11,63,100.0,Placed
3390,5,93,8,5,19,48,84.63,Placed
3391,1,53,9,3,15,84,89.41,Placed
3392,5,79,7,2,19,93,100.0,Placed
3393,4,94,9,9,17,59,93.31,Placed
3394,6,54,9,9,9,89,100.0,Placed
3395,3,56,6,5,18,85,100.0,Placed
3396,11,92,6,8,17,76,100.0,Placed
3397,5,57,5,7,0,76,77.61,Placed
3398,2,71,7,3,3,73,61.43,Not Placed
3399,11,77,8,5,6,60,100.0,Placed
3400,6,62,7,9,0,44,74.5,Placed
3401,6,85,7,4,7,48,63.21,Not Placed
3402,5,62,5,3,16,39,100.0,Placed
3403,6,74,6,7,7,91,84.16,Placed
3404,11,78,7,8,4,56,91.3,Placed
3405,7,54,7,5,0,45,77.86,Placed
3406,5,92,7,8,14,63,100.0,Placed
3407,1,63,4,5,3,41,36.46,Not Placed
3408,8,67,7,9,6,86,90.84,Placed
3409,4,55,7,7,13,52,90.95,Placed
3410,9,55,8,5,11,65,100.0,Placed
3411,10,79,9,9,20,77,100.0,Placed
3412,6,78,4,5,2,54,76.1,Placed
3413,1,45,7,8,19,91,100.0,Placed
3414,3,41,9,4,17,69,98.3,Placed
3415,3,93,7,9,7,41,73.55,Placed
3416,10,52,5,6,1,95,100.0,Placed
3417,4,83,5,6,5,64,80.96,Placed
3418,6,86,9,3,6,38,97.53,Placed
3419,7,98,4,3,6,85,98.42,Placed
3420,10,48,8,4,12,64,100.0,Placed
3421,4,73,4,1,0,64,70.1,Placed
3422,6,56,4,6,7,64,68.44,Not Placed
3423,11,66,5,1,12,87,100.0,Placed
3424,1,68,5,11,19,52,84.46,Placed
3425,8,76,8,4,18,77,100.0,Placed
3426,7,82,7,7,16,80,100.0,Placed
3427,11,61,8,6,12,44,100.0,Placed
3428,11,90,7,8,15,48,100.0,Placed
3429,9,63,9,4,14,70,100.0,Placed
3430,3,46,9,9,10,57,80.88,Placed
3431,2,73,6,10,11,46,52.07,Not Placed
3432,1,87,5,8,2,46,54.95,Not Placed
3433,3,51,6,5,8,68,81.75,Placed
3434,5,62,6,6,13,60,86.06,Placed
3435,11,54,5,5,6,40,93.61,Placed
3436,2,72,6,6,10,71,93.64,Placed
3437,3,96,4,1,9,85,92.8,Placed
3438,4,52,7,4,2,87,82.8,Placed
3439,7,62,8,9,18,49,100.0,Placed
3440,3,77,5,4,1,76,69.01,Not Placed
3441,9,71,4,2,16,73,100.0,Placed
3442,8,84,9,6,1,53,98.0,Placed
3443,4,89,8,2,20,74,100.0,Placed
3444,1,74,8,3,15,81,93.23,Placed
3445,1,40,8,7,16,57,72.1,Placed
3446,1,86,6,4,9,70,66.68,Not Placed
3447,1,97,6,1,3,47,64.7,Not Placed
3448,8,84,6,9,10,65,100.0,Placed
3449,3,44,6,6,16,95,91.97,Placed
3450,6,96,4,9,11,71,89.74,Placed
3451,3,52,6,3,20,60,82.61,Placed
3452,11,93,5,5,9,77,100.0,Placed
3453,5,44,8,9,15,82,100.0,Placed
3454,7,99,4,6,3,86,100.0,Placed
3455,2,71,9,2,2,52,63.14,Not Placed
3456,6,90,6,1,8,94,100.0,Placed
3457,6,60,9,9,5,81,90.24,Placed
3458,11,63,8,1,11,91,100.0,Placed
3459,3,99,4,5,0,67,71.69,Placed
3460,6,57,8,1,13,74,94.97,Placed
3461,10,60,9,5,9,66,100.0,Placed
3462,10,93,4,5,17,38,100.0,Placed
3463,5,49,7,7,12,75,73.07,Placed
3464,2,63,4,7,8,53,74.08,Placed
3465,9,79,6,11,18,41,95.45,Placed
3466,8,86,9,10,3,81,82.51,Placed
3467,3,60,8,1,2,69,88.21,Placed
3468,8,64,8,9,5,60,94.01,Placed
3469,9,91,8,1,8,78,100.0,Placed
3470,3,99,5,5,9,57,82.48,Placed
3471,3,96,5,7,8,68,80.43,Placed
3472,2,98,6,8,16,85,81.94,Placed
3473,8,62,7,2,9,90,97.72,Placed
3474,10,61,5,1,5,41,100.0,Placed
3475,1,43,4,4,15,45,64.73,Not Placed
3476,8,73,9,4,16,85,100.0,Placed
3477,7,95,6,10,10,42,100.0,Placed
3478,7,45,7,6,19,47,62.51,Not Placed
3479,3,67,4,1,6,66,70.22,Placed
3480,1,70,8,1,3,75,62.75,Not Placed
3481,4,74,5,3,9,68,84.02,Placed
3482,9,78,4,5,20,52,93.67,Placed
3483,5,81,7,6,13,49,96.17,Placed
3484,1,62,6,5,16,89,94.8,Placed
3485,5,45,4,5,13,77,100.0,Placed
3486,8,55,6,9,19,58,100.0,Placed
3487,8,41,8,2,12,81,100.0,Placed
3488,5,63,7,1,1,55,84.9,Placed
3489,9,56,7,6,8,52,100.0,Placed
3490,1,84,5,9,2,48,39.29,Not Placed
3491,4,40,9,7,3,92,87.85,Placed
3492,3,45,7,8,11,87,85.18,Placed
3493,2,44,4,5,14,53,49.23,Not Placed
3494,8,96,4,10,19,47,100.0,Placed
3495,7,84,4,4,7,91,100.0,Placed
3496,9,99,8,6,17,50,100.0,Placed
3497,2,94,7,3,4,36,66.24,Not Placed
3498,4,89,7,1,1,91,94.18,Placed
3499,6,68,4,11,8,68,78.88,Placed
3500,11,51,5,4,13,83,100.0,Placed
3501,3,78,5,9,0,60,52.6,Not Placed
3502,8,86,7,4,19,88,100.0,Placed
3503,3,42,7,1,3,93,83.97,Placed
3504,2,87,6,4,16,56,100.0,Placed
3505,3,40,7,7,9,54,79.68,Placed
3506,11,66,4,3,1,63,100.0,Placed
3507,6,87,9,10,5,52,80.7,Placed
3508,2,63,8,6,18,63,86.22,Placed
3509,8,83,7,1,8,76,90.58,Placed
3510,1,58,7,11,18,78,74.24,Placed
3511,7,98,4,4,18,61,96.2,Placed
3512,2,47,6,3,8,69,66.65,Not Placed
3513,10,94,9,1,2,63,100.0,Placed
3514,6,83,7,3,5,40,93.45,Placed
3515,2,86,5,4,5,86,77.6,Placed
3516,2,41,5,5,16,71,70.95,Placed
3517,10,100,5,6,12,93,100.0,Placed
3518,8,69,8,2,12,59,100.0,Placed
3519,2,69,8,2,6,55,70.16,Placed
3520,7,88,9,6,8,92,100.0,Placed
3521,3,78,7,5,17,65,100.0,Placed
3522,8,84,7,1,0,93,100.0,Placed
3523,7,71,7,3,19,74,89.95,Placed
3524,8,40,8,11,12,84,100.0,Placed
3525,7,77,9,5,7,50,94.59,Placed
3526,11,52,7,2,20,94,100.0,Placed
3527,6,50,4,1,8,48,90.82,Placed
3528,7,49,6,9,0,40,61.88,Not Placed
3529,5,87,5,5,8,45,64.62,Not Placed
3530,7,98,5,2,19,61,100.0,Placed
3531,1,65,4,10,10,72,61.2,Not Placed
3532,1,95,7,4,19,39,100.0,Placed
3533,9,94,9,3,3,49,93.96,Placed
3534,5,59,9,7,15,72,91.71,Placed
3535,5,56,8,1,13,87,100.0,Placed
3536,3,56,7,10,19,50,100.0,Placed
3537,5,43,9,4,20,52,94.58,Placed
3538,3,44,7,7,17,87,86.63,Placed
3539,9,99,5,11,8,67,100.0,Placed
3540,9,62,5,10,0,69,76.9,Placed
3541,6,85,8,5,2,89,94.65,Placed
3542,1,91,5,4,19,86,100.0,Placed
3543,7,49,7,4,0,58,70.13,Placed
3544,7,85,4,11,2,69,75.39,Placed
3545,10,67,8,2,13,41,100.0,Placed
3546,10,72,4,8,13,48,84.41,Placed
3547,4,82,7,4,12,84,97.93,Placed
3548,8,65,8,2,0,64,74.06,Placed
3549,6,94,4,9,14,58,88.61,Placed
3550,4,89,8,10,19,49,91.29,Placed
3551,4,87,7,7,6,47,72.16,Placed
3552,2,68,9,3,15,53,82.6,Placed
3553,2,66,8,7,19,63,91.91,Placed
3554,4,57,9,1,20,56,91.12,Placed
3555,5,79,7,1,0,36,74.8,Placed
3556,8,99,8,4,14,73,100.0,Placed
3557,6,49,8,4,19,47,100.0,Placed
3558,4,97,9,4,14,70,100.0,Placed
3559,11,81,5,9,18,72,100.0,Placed
3560,7,44,9,6,5,52,67.2,Not Placed
3561,8,49,9,3,5,85,100.0,Placed
3562,2,89,9,6,0,49,63.18,Not Placed
3563,7,60,7,2,15,69,100.0,Placed
3564,2,63,6,2,17,86,100.0,Placed
3565,2,77,9,7,12,51,74.24,Placed
3566,8,42,8,3,11,82,82.73,Placed
3567,2,79,4,7,17,47,84.47,Placed
3568,11,70,5,3,9,56,100.0,Placed
3569,9,80,9,2,13,93,100.0,Placed
3570,1,76,9,4,19,88,100.0,Placed
3571,9,100,5,4,10,86,100.0,Placed
3572,1,41,9,3,17,74,94.28,Placed
3573,10,41,8,9,11,55,100.0,Placed
3574,10,78,6,6,16,60,100.0,Placed
3575,2,88,9,5,2,80,88.24,Placed
3576,6,81,5,6,20,38,97.35,Placed
3577,6,83,9,11,0,41,75.49,Placed
3578,1,73,7,8,0,44,49.46,Not Placed
3579,7,81,8,5,5,49,100.0,Placed
3580,8,59,8,4,18,60,99.09,Placed
3581,2,72,6,7,3,50,53.36,Not Placed
3582,8,43,7,5,12,74,99.61,Placed
3583,9,84,7,4,11,68,100.0,Placed
3584,6,83,6,5,7,95,90.57,Placed
3585,5,50,4,11,19,51,71.26,Placed
3586,9,100,9,4,6,72,100.0,Placed
3587,11,81,7,8,20,50,100.0,Placed
3588,9,86,4,8,6,68,79.25,Placed
3589,1,44,4,1,6,93,66.55,Not Placed
3590,11,64,8,3,13,90,100.0,Placed
3591,3,88,9,11,17,63,99.91,Placed
3592,9,99,8,4,18,87,100.0,Placed
3593,11,76,5,2,19,52,100.0,Placed
3594,2,73,8,5,18,45,86.98,Placed
3595,4,48,7,11,17,46,64.36,Not Placed
3596,4,45,7,8,5,71,38.34,Not Placed
3597,2,57,9,2,15,36,89.03,Placed
3598,3,53,4,9,2,88,59.04,Not Placed
3599,3,58,7,7,20,90,78.68,Placed
3600,1,53,8,6,1,52,66.67,Not Placed
3601,6,79,8,8,14,88,100.0,Placed
3602,8,56,9,2,19,72,100.0,Placed
3603,3,99,8,5,10,67,97.77,Placed
3604,5,74,6,4,18,43,100.0,Placed
3605,1,68,9,8,17,49,72.82,Placed
3606,10,81,9,1,10,62,100.0,Placed
3607,7,56,7,3,2,42,94.36,Placed
3608,10,98,9,10,3,94,100.0,Placed
3609,1,82,5,8,5,80,64.94,Not Placed
3610,11,47,7,5,11,70,97.5,Placed
3611,9,40,7,4,20,73,100.0,Placed
3612,8,84,6,6,3,86,100.0,Placed
3613,7,92,7,5,11,42,97.92,Placed
3614,10,75,4,3,3,76,82.01,Placed
3615,7,46,8,11,1,84,59.18,Not Placed
3616,5,85,8,5,11,84,100.0,Placed
3617,5,44,9,4,12,53,76.61,Placed
3618,11,63,6,1,15,38,100.0,Placed
3619,5,67,8,1,3,61,93.33,Placed
3620,1,82,4,7,7,47,51.83,Not Placed
3621,8,56,6,4,4,72,93.14,Placed
3622,11,76,5,1,13,55,100.0,Placed
3623,1,59,8,6,14,60,100.0,Placed
3624,4,42,7,11,10,79,70.72,Placed
3625,9,76,4,11,9,92,96.92,Placed
3626,9,65,4,11,9,57,82.05,Placed
3627,5,54,8,11,5,88,93.34,Placed
3628,4,90,9,1,15,64,100.0,Placed
3629,3,87,5,8,20,65,100.0,Placed
3630,3,47,7,9,3,65,60.15,Not Placed
3631,5,52,5,11,8,50,65.02,Not Placed
3632,10,87,5,3,9,86,100.0,Placed
3633,1,42,8,7,4,93,49.34,Not Placed
3634,5,40,7,5,9,76,85.23,Placed
3635,6,48,8,3,15,75,100.0,Placed
3636,7,70,8,5,10,41,94.34,Placed
3637,9,80,9,10,5,51,79.24,Placed
3638,3,93,4,7,6,58,60.3,Not Placed
3639,2,65,9,7,11,54,77.98,Placed
3640,3,56,9,9,12,73,59.85,Not Placed
3641,9,95,8,8,16,61,100.0,Placed
3642,7,73,9,4,8,36,77.2,Placed
3643,9,48,9,5,7,94,100.0,Placed
3644,2,95,6,5,15,85,97.43,Placed
3645,5,90,7,10,20,35,96.79,Placed
3646,4,52,4,2,2,68,58.73,Not Placed
3647,2,44,7,7,4,61,59.85,Not Placed
3648,9,80,4,7,20,71,100.0,Placed
3649,9,52,6,9,12,84,95.81,Placed
3650,6,40,8,9,17,95,100.0,Placed
3651,11,64,4,4,20,40,100.0,Placed
3652,6,86,4,5,15,72,96.72,Placed
3653,8,43,4,7,13,88,91.32,Placed
3654,6,75,6,10,10,94,100.0,Placed
3655,1,91,7,7,17,61,70.68,Placed
3656,4,49,6,11,7,82,59.87,Not Placed
3657,7,67,4,10,11,50,85.4,Placed
3658,2,96,9,11,18,69,100.0,Placed
3659,9,45,4,8,19,61,94.76,Placed
3660,8,66,9,8,1,69,84.4,Placed
3661,8,95,8,2,8,92,100.0,Placed
3662,7,51,6,9,8,89,87.36,Placed
3663,4,91,9,11,13,95,100.0,Placed
3664,2,87,6,4,14,95,94.17,Placed
3665,3,42,5,1,10,70,78.27,Placed
3666,6,85,7,1,12,72,100.0,Placed
3667,5,72,5,5,4,62,77.98,Placed
3668,8,49,9,7,5,90,98.18,Placed
3669,6,70,5,5,4,37,63.72,Not Placed
3670,6,54,7,3,0,91,75.24,Placed
3671,1,46,9,11,17,75,65.11,Not Placed
3672,4,75,8,7,7,65,67.62,Not Placed
3673,5,53,8,1,16,37,95.82,Placed
3674,11,95,7,11,10,72,100.0,Placed
3675,3,87,7,1,10,87,100.0,Placed
3676,9,53,9,2,2,86,97.76,Placed
3677,1,42,6,1,7,58,60.37,Not Placed
3678,6,88,9,9,7,60,88.71,Placed
3679,6,92,6,4,20,75,100.0,Placed
3680,10,85,6,7,20,81,100.0,Placed
3681,5,89,6,5,2,62,88.92,Placed
3682,5,42,9,7,9,43,58.93,Not Placed
3683,10,61,4,7,18,71,100.0,Placed
3684,5,58,4,1,13,87,100.0,Placed
3685,6,74,8,1,17,61,100.0,Placed
3686,8,51,4,11,2,82,71.87,Placed
3687,2,93,4,3,19,37,95.52,Placed
3688,6,44,6,10,13,75,96.01,Placed
3689,1,49,6,2,10,83,74.14,Placed
3690,4,80,7,7,9,62,75.3,Placed
3691,10,72,6,3,13,66,100.0,Placed
3692,3,52,9,7,0,69,60.08,Not Placed
3693,9,74,7,9,15,41,100.0,Placed
3694,3,90,7,11,5,41,58.0,Not Placed
3695,6,71,4,1,17,55,97.4,Placed
3696,1,50,6,3,15,66,95.34,Placed
3697,6,87,4,11,18,72,99.93,Placed
3698,4,77,6,6,15,54,100.0,Placed
3699,8,63,4,9,4,42,55.68,Not Placed
3700,11,74,4,5,11,38,82.57,Placed
3701,9,58,4,3,5,60,95.13,Placed
3702,4,45,9,8,1,49,51.31,Not Placed
3703,10,79,8,5,15,40,100.0,Placed
3704,10,93,4,6,20,82,100.0,Placed
3705,6,84,5,2,10,66,77.88,Placed
3706,1,83,5,4,11,39,66.34,Not Placed
3707,4,81,5,1,10,78,90.46,Placed
3708,7,74,9,4,19,80,100.0,Placed
3709,1,43,7,1,18,92,100.0,Placed
3710,8,72,4,4,7,40,88.06,Placed
3711,10,52,5,2,17,37,100.0,Placed
3712,11,95,9,6,4,63,100.0,Placed
3713,6,75,7,6,11,53,100.0,Placed
3714,5,93,5,8,9,44,89.23,Placed
3715,10,82,6,9,14,41,98.14,Placed
3716,11,58,8,8,4,79,100.0,Placed
3717,9,82,4,1,16,35,100.0,Placed
3718,2,51,8,3,3,35,64.94,Not Placed
3719,5,50,8,6,11,51,83.46,Placed
3720,6,45,6,1,17,56,87.0,Placed
3721,7,51,6,8,7,70,71.33,Placed
3722,5,66,6,6,19,48,79.77,Placed
3723,9,80,7,1,16,40,100.0,Placed
3724,1,64,5,10,7,64,47.82,Not Placed
3725,7,81,4,2,12,80,95.83,Placed
3726,10,42,6,6,2,81,100.0,Placed
3727,7,42,9,10,2,67,61.1,Not Placed
3728,4,59,4,8,6,54,66.75,Not Placed
3729,9,67,4,5,17,50,100.0,Placed
3730,11,62,4,1,20,38,100.0,Placed
3731,5,87,6,10,6,68,83.2,Placed
3732,4,42,6,2,1,35,55.98,Not Placed
3733,7,81,5,4,6,47,70.53,Placed
3734,4,63,6,4,1,82,80.73,Placed
3735,3,82,6,7,6,42,69.35,Not Placed
3736,9,79,4,2,13,56,100.0,Placed
3737,11,45,5,7,14,38,78.41,Placed
3738,8,59,8,7,15,68,100.0,Placed
3739,1,50,6,7,7,94,73.07,Placed
3740,7,71,9,3,15,79,100.0,Placed
3741,9,99,6,6,20,71,100.0,Placed
3742,8,66,8,6,6,91,98.23,Placed
3743,8,60,4,4,10,57,100.0,Placed
3744,6,83,5,1,3,54,82.56,Placed
3745,11,87,4,9,17,87,100.0,Placed
3746,4,89,7,2,12,58,90.2,Placed
3747,8,52,6,9,16,61,100.0,Placed
3748,3,61,9,8,11,47,84.78,Placed
3749,9,74,7,1,17,39,96.97,Placed
3750,2,86,6,11,9,50,65.09,Not Placed
3751,2,61,7,7,6,94,76.35,Placed
3752,7,67,8,10,11,72,87.86,Placed
3753,10,60,6,3,11,82,100.0,Placed
3754,4,85,9,10,12,63,87.78,Placed
3755,10,57,6,10,0,60,71.02,Placed
3756,8,70,7,9,6,56,90.52,Placed
3757,9,99,5,5,15,58,100.0,Placed
3758,7,100,7,11,15,47,100.0,Placed
3759,5,85,6,3,20,77,100.0,Placed
3760,8,76,6,8,15,55,80.21,Placed
3761,4,60,5,3,15,35,69.76,Not Placed
3762,2,53,4,7,13,38,47.68,Not Placed
3763,11,64,5,7,10,37,92.9,Placed
3764,6,66,4,7,18,84,100.0,Placed
3765,9,79,9,1,10,57,100.0,Placed
3766,1,99,6,11,1,50,44.94,Not Placed
3767,11,99,8,5,6,79,100.0,Placed
3768,10,62,8,11,8,47,93.95,Placed
3769,7,70,7,1,8,73,100.0,Placed
3770,10,86,5,7,13,65,100.0,Placed
3771,9,99,5,8,9,58,99.16,Placed
3772,10,68,8,7,15,81,100.0,Placed
3773,9,86,4,1,17,92,100.0,Placed
3774,10,69,5,3,0,49,94.09,Placed
3775,11,90,4,10,1,39,100.0,Placed
3776,3,65,4,3,19,83,100.0,Placed
3777,11,59,4,7,3,56,80.57,Placed
3778,5,77,4,4,1,56,55.16,Not Placed
3779,8,58,7,3,3,45,69.81,Not Placed
3780,8,66,7,6,5,58,91.7,Placed
3781,4,64,8,10,3,79,86.57,Placed
3782,11,79,7,6,17,44,100.0,Placed
3783,11,77,9,10,4,81,100.0,Placed
3784,1,91,5,5,10,68,62.84,Not Placed
3785,1,62,9,6,12,45,85.26,Placed
3786,4,68,7,3,2,91,81.35,Placed
3787,6,54,5,10,18,77,80.57,Placed
3788,8,98,5,5,19,63,100.0,Placed
3789,6,42,4,9,10,56,71.23,Placed
3790,9,49,8,4,10,67,100.0,Placed
3791,9,54,4,11,20,91,100.0,Placed
3792,2,95,4,2,1,42,72.03,Placed
3793,10,55,9,5,14,92,100.0,Placed
3794,1,56,7,3,7,83,75.82,Placed
3795,2,58,9,3,1,66,73.76,Placed
3796,5,50,7,4,7,74,92.42,Placed
3797,4,87,9,4,19,79,100.0,Placed
3798,4,44,5,5,14,57,63.12,Not Placed
3799,9,44,7,7,15,39,87.01,Placed
3800,11,97,7,4,12,65,100.0,Placed
3801,8,53,9,11,16,63,100.0,Placed
3802,6,89,6,7,13,40,100.0,Placed
3803,1,65,5,9,13,86,68.0,Not Placed
3804,2,47,5,3,0,59,47.48,Not Placed
3805,6,44,6,5,0,59,64.28,Not Placed
3806,11,46,9,4,2,95,100.0,Placed
3807,2,55,9,9,14,65,74.15,Placed
3808,10,94,5,5,4,92,100.0,Placed
3809,5,53,9,10,4,48,67.46,Not Placed
3810,5,76,8,2,3,51,49.6,Not Placed
3811,6,95,8,10,13,50,90.99,Placed
3812,6,80,6,1,19,62,100.0,Placed
3813,6,43,7,7,6,43,63.74,Not Placed
3814,2,75,8,11,14,85,93.42,Placed
3815,10,87,9,1,10,94,100.0,Placed
3816,3,95,6,8,13,36,81.98,Placed
3817,6,56,8,9,5,38,62.35,Not Placed
3818,8,86,4,7,9,54,99.61,Placed
3819,11,75,6,9,6,75,100.0,Placed
3820,1,45,5,10,9,70,66.71,Not Placed
3821,1,55,8,6,13,71,76.27,Placed
3822,11,68,5,7,4,40,79.91,Placed
3823,2,75,6,3,0,86,78.68,Placed
3824,11,77,8,9,18,35,100.0,Placed
3825,6,76,5,3,7,79,89.99,Placed
3826,9,87,7,6,18,84,100.0,Placed
3827,4,96,7,4,16,37,88.23,Placed
3828,3,87,4,9,18,86,84.93,Placed
3829,8,49,9,1,15,71,100.0,Placed
3830,11,80,6,9,3,79,100.0,Placed
3831,10,75,9,4,7,76,96.55,Placed
3832,9,68,9,10,3,92,100.0,Placed
3833,11,53,5,5,12,37,100.0,Placed
3834,5,43,4,11,6,77,58.26,Not Placed
3835,9,83,6,1,0,67,100.0,Placed
3836,2,95,7,1,8,93,100.0,Placed
3837,3,81,9,6,3,93,93.12,Placed
3838,7,75,5,10,13,49,100.0,Placed
3839,7,89,9,1,8,90,100.0,Placed
3840,6,84,8,2,2,90,100.0,Placed
3841,6,52,7,3,14,95,100.0,Placed
3842,2,85,9,7,4,38,69.38,Not Placed
3843,10,57,8,2,0,49,100.0,Placed
3844,6,72,8,5,10,41,91.57,Placed
3845,4,60,5,9,18,81,100.0,Placed
3846,3,55,5,10,4,38,36.52,Not Placed
3847,11,54,8,8,16,37,100.0,Placed
3848,2,93,4,8,18,57,100.0,Placed
3849,1,96,9,11,16,48,62.6,Not Placed
3850,11,44,8,2,4,40,85.1,Placed
3851,11,100,8,1,19,67,100.0,Placed
3852,5,45,5,9,8,43,60.83,Not Placed
3853,2,77,9,10,5,46,61.92,Not Placed
3854,2,42,6,4,20,84,100.0,Placed
3855,7,87,7,9,12,95,100.0,Placed
3856,8,51,5,11,20,69,98.01,Placed
3857,10,75,9,11,10,87,100.0,Placed
3858,8,72,9,7,0,65,79.93,Placed
3859,4,75,4,6,16,85,91.69,Placed
3860,1,72,7,10,5,37,38.15,Not Placed
3861,11,70,5,9,2,90,94.59,Placed
3862,7,60,5,10,15,80,98.59,Placed
3863,1,66,6,4,12,70,68.51,Not Placed
3864,11,66,4,1,11,47,100.0,Placed
3865,4,47,4,5,10,47,61.86,Not Placed
3866,8,95,9,6,1,92,94.31,Placed
3867,2,76,9,6,18,68,100.0,Placed
3868,6,71,5,1,7,55,100.0,Placed
3869,6,65,6,7,12,68,89.0,Placed
3870,9,41,5,8,13,76,100.0,Placed
3871,5,51,8,5,14,77,100.0,Placed
3872,10,61,9,2,16,62,100.0,Placed
3873,4,56,8,2,14,90,100.0,Placed
3874,5,46,6,11,20,81,78.95,Placed
3875,10,82,5,5,9,69,100.0,Placed
3876,11,43,9,7,0,48,77.55,Placed
3877,5,76,6,7,11,52,72.39,Placed
3878,8,77,5,4,8,53,85.61,Placed
3879,10,71,5,11,4,53,90.43,Placed
3880,8,50,8,3,14,67,100.0,Placed
3881,2,40,7,9,2,85,67.29,Not Placed
3882,7,64,4,7,18,69,86.68,Placed
3883,8,81,9,2,6,54,100.0,Placed
3884,11,91,4,1,6,63,100.0,Placed
3885,6,63,6,11,6,42,61.68,Not Placed
3886,5,92,4,2,1,59,76.12,Placed
3887,11,82,8,3,1,51,100.0,Placed
3888,9,95,7,5,11,35,100.0,Placed
3889,3,56,9,3,4,72,85.64,Placed
3890,10,47,5,10,3,83,100.0,Placed
3891,4,98,5,9,6,94,100.0,Placed
3892,9,84,8,10,15,87,100.0,Placed
3893,6,66,9,4,2,64,81.57,Placed
3894,8,91,4,7,20,62,100.0,Placed
3895,7,57,5,4,1,67,73.06,Placed
3896,11,66,4,3,16,47,100.0,Placed
3897,2,61,8,10,8,58,66.49,Not Placed
3898,3,55,5,1,19,78,88.94,Placed
3899,1,41,6,9,7,71,52.08,Not Placed
3900,9,44,7,11,11,56,86.16,Placed
3901,7,57,4,1,6,86,89.75,Placed
3902,1,42,9,11,13,47,57.14,Not Placed
3903,3,66,4,1,15,74,86.39,Placed
3904,4,93,4,1,0,46,89.53,Placed
3905,4,56,4,5,9,91,100.0,Placed
3906,5,55,8,7,10,75,84.84,Placed
3907,3,45,8,7,6,83,70.73,Placed
3908,3,90,9,10,17,80,100.0,Placed
3909,1,46,8,1,18,41,78.39,Placed
3910,7,89,9,6,13,70,100.0,Placed
3911,11,53,9,9,16,63,100.0,Placed
3912,10,77,8,6,18,63,100.0,Placed
3913,1,79,5,4,12,60,66.22,Not Placed
3914,2,54,8,10,2,61,49.66,Not Placed
3915,4,86,5,9,1,58,51.29,Not Placed
3916,4,86,6,3,8,65,84.19,Placed
3917,5,87,8,10,6,41,75.87,Placed
3918,11,72,6,4,13,51,100.0,Placed
3919,2,82,8,4,4,83,95.53,Placed
3920,4,66,6,4,19,67,89.56,Placed
3921,1,68,7,6,14,68,63.08,Not Placed
3922,2,96,6,11,19,92,100.0,Placed
3923,1,76,5,11,0,52,42.56,Not Placed
3924,10,44,4,7,19,75,100.0,Placed
3925,10,68,9,9,6,39,93.02,Placed
3926,4,71,6,11,4,35,68.9,Not Placed
3927,4,99,4,3,3,41,69.6,Not Placed
3928,7,92,7,8,10,92,100.0,Placed
3929,10,45,7,8,18,68,100.0,Placed
3930,11,41,5,1,5,37,92.22,Placed
3931,11,45,5,5,19,70,100.0,Placed
3932,9,85,6,10,17,69,100.0,Placed
3933,9,82,8,5,4,85,100.0,Placed
3934,5,43,7,8,19,91,100.0,Placed
3935,10,95,4,8,14,46,100.0,Placed
3936,1,68,8,2,20,49,100.0,Placed
3937,1,98,7,3,19,38,81.7,Placed
3938,6,64,6,2,5,90,100.0,Placed
3939,2,48,7,1,3,67,67.23,Not Placed
3940,8,95,5,2,16,50,100.0,Placed
3941,9,42,4,10,14,63,89.58,Placed
3942,4,65,4,6,17,40,60.14,Not Placed
3943,5,87,5,1,5,83,100.0,Placed
3944,11,82,8,6,19,71,100.0,Placed
3945,8,66,5,1,18,57,91.18,Placed
3946,3,75,4,2,11,47,73.54,Placed
3947,5,71,6,8,8,78,90.26,Placed
3948,3,40,8,6,7,35,65.85,Not Placed
3949,10,96,9,9,14,91,100.0,Placed
3950,3,92,7,1,0,46,68.33,Not Placed
3951,3,93,9,5,1,61,81.48,Placed
3952,7,55,6,7,2,59,67.89,Not Placed
3953,7,90,9,9,18,56,100.0,Placed
3954,7,87,8,11,9,68,98.63,Placed
3955,10,50,4,9,13,52,94.44,Placed
3956,8,65,4,4,18,75,100.0,Placed
3957,5,79,6,4,10,50,85.66,Placed
3958,5,94,9,4,20,63,100.0,Placed
3959,4,40,8,3,5,64,57.46,Not Placed
3960,7,65,7,8,18,64,100.0,Placed
3961,10,67,9,5,13,54,100.0,Placed
3962,4,92,9,7,7,81,75.57,Placed
3963,2,97,7,10,1,56,59.77,Not Placed
3964,4,48,5,6,17,95,100.0,Placed
3965,8,99,6,9,3,76,100.0,Placed
3966,9,98,8,3,2,68,100.0,Placed
3967,3,83,6,6,1,38,43.43,Not Placed
3968,7,61,7,3,3,84,95.6,Placed
3969,9,47,8,2,17,65,100.0,Placed
3970,11,97,4,3,10,85,100.0,Placed
3971,4,88,4,2,8,84,100.0,Placed
3972,10,81,8,2,7,48,99.64,Placed
3973,3,66,6,10,20,42,78.63,Placed
3974,5,78,6,11,7,71,76.66,Placed
3975,1,58,4,7,4,39,52.63,Not Placed
3976,3,64,4,10,12,42,43.66,Not Placed
3977,8,77,7,3,6,45,100.0,Placed
3978,11,60,8,8,20,90,100.0,Placed
3979,8,63,6,2,4,63,97.65,Placed
3980,4,63,7,11,12,89,91.57,Placed
3981,2,99,6,11,19,55,66.59,Not Placed
3982,8,99,4,7,15,73,100.0,Placed
3983,8,58,8,3,13,47,100.0,Placed
3984,10,89,5,9,4,83,100.0,Placed
3985,4,86,8,7,18,53,91.07,Placed
3986,3,41,9,9,3,37,65.43,Not Placed
3987,2,53,5,2,10,68,65.03,Not Placed
3988,9,92,7,6,1,72,100.0,Placed
3989,1,71,5,5,12,53,73.78,Placed
3990,7,81,5,2,15,66,100.0,Placed
3991,5,71,7,4,8,81,100.0,Placed
3992,8,67,8,4,15,70,100.0,Placed
3993,4,87,7,8,6,85,95.33,Placed
3994,7,78,9,7,15,73,100.0,Placed
3995,5,79,4,5,12,86,100.0,Placed
3996,5,81,4,9,4,87,81.33,Placed
3997,9,86,5,1,14,48,100.0,Placed
3998,9,79,7,4,6,41,95.29,Placed
3999,9,52,7,5,17,54,88.48,Placed
4000,6,51,7,8,19,66,90.35,Placed
4001,6,47,9,3,1,80,97.51,Placed
4002,5,54,9,5,7,88,100.0,Placed
4003,9,65,8,3,9,91,100.0,Placed
4004,10,51,6,7,9,65,92.97,Placed
4005,8,82,6,10,10,56,87.86,Placed
4006,7,90,6,3,20,39,100.0,Placed
4007,7,85,8,7,20,65,100.0,Placed
4008,6,66,7,2,7,49,79.36,Placed
4009,5,57,6,7,15,78,95.19,Placed
4010,4,84,7,9,15,95,90.46,Placed
4011,3,75,5,5,16,51,83.72,Placed
4012,3,88,6,6,5,90,76.26,Placed
4013,6,90,5,10,17,87,100.0,Placed
4014,4,66,8,11,16,71,85.8,Placed
4015,6,48,4,3,11,53,78.69,Placed
4016,3,94,9,10,14,44,79.16,Placed
4017,4,78,8,5,6,78,90.55,Placed
4018,9,40,8,5,13,68,100.0,Placed
4019,5,46,8,3,3,83,92.57,Placed
4020,7,65,6,8,16,59,100.0,Placed
4021,10,46,5,6,10,71,99.25,Placed
4022,2,91,9,3,5,92,93.29,Placed
4023,5,46,6,1,9,62,84.98,Placed
4024,9,47,4,10,14,49,71.37,Placed
4025,11,55,9,1,5,54,100.0,Placed
4026,3,42,8,11,15,89,81.75,Placed
4027,9,84,7,10,11,47,98.06,Placed
4028,11,49,4,2,18,54,100.0,Placed
4029,6,89,5,10,15,77,94.28,Placed
4030,4,46,4,5,13,65,69.89,Not Placed
4031,7,60,6,7,5,52,81.8,Placed
4032,8,92,7,1,8,75,100.0,Placed
4033,6,76,6,1,0,82,100.0,Placed
4034,5,70,9,4,7,90,100.0,Placed
4035,6,62,8,10,6,62,85.75,Placed
4036,5,96,8,6,13,81,100.0,Placed
4037,8,66,4,9,7,38,78.16,Placed
4038,1,95,8,1,10,58,89.83,Placed
4039,11,61,8,11,8,78,79.17,Placed
4040,7,78,9,10,18,79,100.0,Placed
4041,10,96,5,5,6,43,100.0,Placed
4042,10,66,5,9,5,81,91.28,Placed
4043,11,93,6,8,17,84,100.0,Placed
4044,2,88,6,7,4,86,85.59,Placed
4045,9,43,5,10,18,66,100.0,Placed
4046,1,63,4,2,10,93,79.61,Placed
4047,11,62,5,9,4,66,78.62,Placed
4048,10,87,6,8,8,88,100.0,Placed
4049,6,58,7,11,7,73,77.7,Placed
4050,9,81,8,10,10,55,93.63,Placed
4051,1,42,9,10,5,92,64.08,Not Placed
4052,4,66,7,9,14,78,87.73,Placed
4053,4,42,7,9,5,76,67.52,Not Placed
4054,9,67,8,9,10,95,100.0,Placed
4055,11,56,5,3,14,73,100.0,Placed
4056,5,70,4,7,11,80,91.76,Placed
4057,5,49,7,1,8,61,86.6,Placed
4058,6,88,4,9,9,81,97.66,Placed
4059,1,61,9,9,14,70,64.76,Not Placed
4060,1,69,9,3,16,42,90.04,Placed
4061,9,88,9,5,15,53,100.0,Placed
4062,3,60,6,8,7,63,58.48,Not Placed
4063,4,75,7,6,16,53,83.75,Placed
4064,1,92,9,10,10,39,62.71,Not Placed
4065,9,62,6,10,10,56,94.99,Placed
4066,8,77,9,9,5,69,96.04,Placed
4067,2,51,5,3,1,44,43.65,Not Placed
4068,8,64,7,7,0,49,82.26,Placed
4069,7,93,6,6,19,36,100.0,Placed
4070,11,96,9,5,5,87,100.0,Placed
4071,6,59,6,4,4,76,86.74,Placed
4072,1,88,9,5,8,56,76.39,Placed
4073,7,88,5,4,4,82,94.06,Placed
4074,10,81,4,3,17,69,100.0,Placed
4075,7,46,9,7,18,73,97.18,Placed
4076,9,68,4,6,14,53,100.0,Placed
4077,1,87,7,4,14,81,98.96,Placed
4078,2,68,5,9,8,46,60.24,Not Placed
4079,11,52,7,1,13,95,100.0,Placed
4080,9,42,4,1,4,68,100.0,Placed
4081,9,41,5,9,16,79,97.62,Placed
4082,6,55,8,7,14,92,97.4,Placed
4083,6,69,5,2,19,54,99.31,Placed
4084,4,77,5,11,16,85,100.0,Placed
4085,4,45,8,10,8,41,76.23,Placed
4086,5,84,6,5,12,58,100.0,Placed
4087,3,46,6,4,12,37,52.71,Not Placed
4088,1,44,6,1,4,40,49.41,Not Placed
4089,1,95,4,9,13,67,71.19,Placed
4090,7,46,5,6,6,87,92.37,Placed
4091,1,73,9,11,4,68,60.98,Not Placed
4092,1,71,8,6,11,67,85.15,Placed
4093,3,88,9,4,2,63,75.25,Placed
4094,10,52,4,2,8,57,87.56,Placed
4095,4,69,8,8,9,92,100.0,Placed
4096,4,64,9,8,0,38,58.48,Not Placed
4097,2,60,4,3,13,39,74.35,Placed
4098,1,99,4,7,0,68,48.98,Not Placed
4099,3,98,4,7,9,50,64.97,Not Placed
4100,11,60,8,5,10,74,100.0,Placed
4101,4,67,9,5,19,81,100.0,Placed
4102,3,87,9,8,1,77,72.03,Placed
4103,8,97,7,4,1,95,100.0,Placed
4104,10,59,4,1,10,76,100.0,Placed
4105,1,73,6,1,7,37,52.0,Not Placed
4106,2,44,5,9,2,89,51.43,Not Placed
4107,7,57,7,4,8,77,99.27,Placed
4108,4,99,7,1,15,83,100.0,Placed
4109,8,78,8,2,15,76,100.0,Placed
4110,11,82,7,10,9,83,100.0,Placed
4111,3,96,9,7,5,48,74.42,Placed
4112,6,96,8,2,19,89,100.0,Placed
4113,9,50,8,1,19,67,100.0,Placed
4114,1,93,6,10,19,62,74.98,Placed
4115,1,56,4,9,10,91,79.63,Placed
4116,8,87,7,5,7,75,100.0,Placed
4117,3,84,4,4,19,90,95.8,Placed
4118,5,61,4,4,0,90,77.29,Placed
4119,1,76,4,11,5,49,35.1,Not Placed
4120,5,59,8,1,7,38,86.48,Placed
4121,11,87,4,3,13,54,100.0,Placed
4122,6,99,7,1,2,87,100.0,Placed
4123,8,93,8,5,1,59,98.2,Placed
4124,3,93,7,5,0,69,75.06,Placed
4125,3,87,8,9,10,86,97.64,Placed
4126,11,87,5,8,20,92,100.0,Placed
4127,11,85,5,5,5,87,100.0,Placed
4128,10,45,5,5,7,73,100.0,Placed
4129,9,73,5,7,6,87,100.0,Placed
4130,4,53,8,2,5,91,83.7,Placed
4131,4,87,4,7,17,56,100.0,Placed
4132,7,62,6,1,11,69,94.54,Placed
4133,2,59,9,5,7,88,100.0,Placed
4134,8,52,6,6,20,88,100.0,Placed
4135,6,86,5,11,18,81,100.0,Placed
4136,3,83,4,10,4,62,68.25,Not Placed
4137,9,80,7,1,18,44,100.0,Placed
4138,5,71,4,9,8,50,72.33,Placed
4139,8,65,7,9,11,83,100.0,Placed
4140,7,89,6,1,14,57,100.0,Placed
4141,8,92,4,4,12,53,100.0,Placed
4142,7,53,4,8,12,35,68.24,Not Placed
4143,3,91,9,2,20,35,100.0,Placed
4144,2,96,6,11,20,87,95.98,Placed
4145,7,75,4,8,4,80,98.3,Placed
4146,3,47,7,10,1,92,80.82,Placed
4147,3,79,4,9,18,60,84.69,Placed
4148,2,61,7,9,7,68,72.44,Placed
4149,4,61,5,1,13,36,79.84,Placed
4150,8,55,4,9,5,62,77.3,Placed
4151,1,66,7,4,6,54,61.4,Not Placed
4152,1,95,6,8,13,76,73.47,Placed
4153,5,99,5,9,5,81,82.19,Placed
4154,11,100,4,3,15,61,100.0,Placed
4155,5,99,9,6,3,62,100.0,Placed
4156,11,49,7,3,6,94,100.0,Placed
4157,1,64,9,1,15,65,99.88,Placed
4158,6,70,4,10,3,81,60.47,Not Placed
4159,1,60,7,6,6,41,67.83,Not Placed
4160,5,66,4,5,20,42,95.17,Placed
4161,9,56,5,3,1,66,97.49,Placed
4162,5,72,5,4,7,45,55.87,Not Placed
4163,6,70,4,2,9,82,92.96,Placed
4164,8,89,4,10,1,60,69.71,Not Placed
4165,11,81,8,10,5,89,100.0,Placed
4166,1,65,4,4,3,59,59.9,Not Placed
4167,2,60,4,4,20,41,84.95,Placed
4168,9,75,9,3,0,54,90.71,Placed
4169,3,40,9,6,5,75,80.5,Placed
4170,6,43,5,1,11,91,98.63,Placed
4171,5,43,9,9,13,85,100.0,Placed
4172,11,65,4,11,14,92,100.0,Placed
4173,2,43,6,10,17,64,64.74,Not Placed
4174,7,88,4,3,16,90,100.0,Placed
4175,4,48,8,3,8,35,54.96,Not Placed
4176,1,69,7,3,14,52,88.84,Placed
4177,4,90,5,7,17,42,93.55,Placed
4178,6,84,9,8,20,63,100.0,Placed
4179,7,43,6,2,17,74,100.0,Placed
4180,7,44,7,1,4,56,84.61,Placed
4181,7,100,6,5,15,66,98.31,Placed
4182,3,84,5,8,8,74,88.85,Placed
4183,6,62,9,3,2,48,71.84,Placed
4184,8,55,8,6,11,90,100.0,Placed
4185,4,61,5,3,13,36,82.12,Placed
4186,8,76,6,6,0,69,81.97,Placed
4187,2,47,6,4,8,41,59.38,Not Placed
4188,10,87,5,11,8,37,96.97,Placed
4189,9,72,4,7,19,95,100.0,Placed
4190,9,94,5,11,12,49,100.0,Placed
4191,8,99,9,10,7,77,100.0,Placed
4192,10,77,9,1,10,68,100.0,Placed
4193,10,82,8,1,13,56,100.0,Placed
4194,1,55,5,5,15,52,54.95,Not Placed
4195,2,44,7,9,10,80,63.38,Not Placed
4196,6,55,9,5,18,52,91.43,Placed
4197,10,46,9,4,9,93,96.7,Placed
4198,5,90,9,8,7,68,87.71,Placed
4199,9,40,4,5,10,70,93.12,Placed
4200,5,48,7,1,7,80,91.31,Placed
4201,2,57,5,7,19,73,79.8,Placed
4202,10,84,4,11,9,81,97.31,Placed
4203,4,97,9,4,16,72,100.0,Placed
4204,9,86,7,10,10,71,100.0,Placed
4205,1,42,7,5,11,86,51.89,Not Placed
4206,11,63,4,6,9,52,89.35,Placed
4207,1,67,9,7,19,77,96.07,Placed
4208,7,49,4,11,16,74,91.0,Placed
4209,11,48,6,2,2,63,98.11,Placed
4210,3,52,9,1,6,46,77.95,Placed
4211,10,87,4,3,2,52,97.03,Placed
4212,2,74,5,10,16,65,79.08,Placed
4213,9,93,9,1,7,49,100.0,Placed
4214,3,62,8,4,20,93,100.0,Placed
4215,2,86,9,6,18,74,100.0,Placed
4216,8,56,6,5,13,92,100.0,Placed
4217,10,85,4,11,4,64,98.98,Placed
4218,6,46,8,4,18,70,94.47,Placed
4219,6,91,6,7,12,62,100.0,Placed
4220,10,55,5,11,17,87,100.0,Placed
4221,11,92,9,11,10,49,100.0,Placed
4222,7,79,8,6,11,77,97.06,Placed
4223,7,75,4,3,7,67,100.0,Placed
4224,11,59,4,9,11,36,78.96,Placed
4225,6,63,5,5,0,93,83.56,Placed
4226,4,86,6,10,17,42,71.06,Placed
4227,11,44,8,1,1,82,100.0,Placed
4228,9,84,5,6,11,67,100.0,Placed
4229,6,45,6,5,18,69,75.23,Placed
4230,4,67,7,10,6,52,69.35,Not Placed
4231,3,98,7,8,6,60,84.0,Placed
4232,4,44,6,4,0,82,60.62,Not Placed
4233,3,88,4,1,17,55,89.86,Placed
4234,2,78,4,11,7,62,59.28,Not Placed
4235,5,77,7,2,9,54,100.0,Placed
4236,2,41,4,8,0,86,55.09,Not Placed
4237,6,82,4,10,14,79,91.73,Placed
4238,3,78,6,8,14,54,69.43,Not Placed
4239,6,93,9,5,3,93,88.49,Placed
4240,11,60,6,6,9,38,94.25,Placed
4241,10,79,4,2,7,70,100.0,Placed
4242,9,76,6,11,13,88,100.0,Placed
4243,1,98,8,9,12,68,69.63,Not Placed
4244,6,57,7,6,20,79,100.0,Placed
4245,9,93,9,9,16,47,100.0,Placed
4246,11,87,8,11,6,65,100.0,Placed
4247,4,85,8,10,5,86,92.48,Placed
4248,11,51,4,3,8,73,100.0,Placed
4249,2,56,4,6,19,41,96.49,Placed
4250,4,76,8,10,19,51,90.87,Placed
4251,1,85,8,5,7,76,94.16,Placed
4252,3,77,5,9,13,46,77.86,Placed
4253,10,54,5,10,19,91,100.0,Placed
4254,9,46,7,1,2,89,100.0,Placed
4255,10,53,8,9,12,93,100.0,Placed
4256,5,89,6,5,20,88,100.0,Placed
4257,11,40,9,1,8,64,100.0,Placed
4258,6,77,5,10,20,82,100.0,Placed
4259,3,42,4,8,8,68,61.71,Not Placed
4260,5,76,8,7,10,56,87.1,Placed
4261,11,83,6,6,5,55,100.0,Placed
4262,8,70,9,2,11,43,92.76,Placed
4263,6,82,6,5,3,46,89.71,Placed
4264,4,52,6,3,3,51,64.17,Not Placed
4265,2,87,4,2,16,50,85.91,Placed
4266,9,57,5,10,6,39,73.72,Placed
4267,1,56,6,1,5,53,56.24,Not Placed
4268,1,56,9,9,19,91,94.89,Placed
4269,4,100,5,2,7,62,100.0,Placed
4270,7,50,7,11,6,51,57.61,Not Placed
4271,1,59,4,1,7,56,50.49,Not Placed
4272,9,49,5,7,8,69,88.61,Placed
4273,4,68,5,9,0,83,60.92,Not Placed
4274,3,87,6,6,2,93,100.0,Placed
4275,1,73,9,8,17,49,75.92,Placed
4276,10,56,6,11,18,53,100.0,Placed
4277,4,93,9,7,10,81,98.06,Placed
4278,9,91,4,9,15,84,91.24,Placed
4279,10,81,5,7,17,60,100.0,Placed
4280,6,52,8,6,5,78,75.39,Placed
4281,6,83,9,1,1,94,100.0,Placed
4282,1,86,9,9,3,78,69.71,Not Placed
4283,10,78,6,10,4,90,97.74,Placed
4284,2,66,6,5,20,69,90.26,Placed
4285,11,93,7,2,13,77,100.0,Placed
4286,6,92,9,11,0,57,89.41,Placed
4287,2,65,4,8,13,44,68.61,Not Placed
4288,3,67,5,4,20,56,100.0,Placed
4289,4,52,5,3,12,81,95.62,Placed
4290,11,51,5,1,15,89,100.0,Placed
4291,5,83,9,5,3,45,85.37,Placed
4292,9,67,6,3,5,89,100.0,Placed
4293,4,41,4,4,8,60,49.5,Not Placed
4294,11,76,5,9,0,35,85.18,Placed
4295,9,96,9,11,16,86,100.0,Placed
4296,11,96,8,7,3,70,93.78,Placed
4297,10,73,7,11,5,87,93.88,Placed
4298,3,62,7,5,15,92,100.0,Placed
4299,8,97,5,8,6,55,79.5,Placed
4300,1,91,6,6,4,42,63.98,Not Placed
4301,11,84,7,10,8,54,100.0,Placed
4302,9,68,7,2,18,79,100.0,Placed
4303,9,74,7,7,0,51,86.23,Placed
4304,10,50,7,1,7,49,90.88,Placed
4305,2,87,5,3,19,55,78.75,Placed
4306,4,72,9,1,3,35,70.95,Placed
4307,8,90,4,1,16,94,100.0,Placed
4308,7,50,4,5,0,37,55.18,Not Placed
4309,1,48,6,6,1,65,43.39,Not Placed
4310,5,53,9,3,20,90,100.0,Placed
4311,7,48,8,3,13,92,100.0,Placed
4312,4,78,4,3,1,65,52.03,Not Placed
4313,1,87,8,1,0,55,71.95,Placed
4314,9,42,4,5,12,57,74.5,Placed
4315,5,68,4,1,7,51,72.17,Placed
4316,11,58,6,10,8,56,100.0,Placed
4317,2,75,7,10,19,94,100.0,Placed
4318,8,71,6,3,20,90,100.0,Placed
4319,11,46,4,6,1,56,100.0,Placed
4320,2,94,9,11,16,70,93.94,Placed
4321,3,67,7,6,5,93,94.18,Placed
4322,10,83,9,3,2,42,92.84,Placed
4323,1,57,9,9,19,81,60.34,Not Placed
4324,11,99,9,8,16,42,100.0,Placed
4325,2,44,7,11,5,48,53.14,Not Placed
4326,7,62,9,3,7,72,100.0,Placed
4327,10,94,7,5,13,58,100.0,Placed
4328,2,61,8,5,9,94,100.0,Placed
4329,6,65,4,5,19,56,85.35,Placed
4330,3,81,5,3,9,49,76.82,Placed
4331,4,51,9,5,14,54,88.41,Placed
4332,11,79,6,5,7,61,100.0,Placed
4333,8,58,8,4,10,62,93.5,Placed
4334,3,86,6,4,15,56,95.13,Placed
4335,10,40,5,2,2,65,100.0,Placed
4336,6,42,7,9,14,43,73.42,Placed
4337,1,66,5,7,12,90,74.34,Placed
4338,7,57,6,1,10,57,83.6,Placed
4339,8,89,5,5,13,39,100.0,Placed
4340,11,69,4,2,6,79,100.0,Placed
4341,8,41,5,10,18,73,100.0,Placed
4342,3,44,9,6,14,51,72.57,Placed
4343,10,68,4,7,5,74,94.71,Placed
4344,1,72,9,2,19,39,75.34,Placed
4345,9,81,5,11,6,89,100.0,Placed
4346,6,59,4,6,13,41,79.42,Placed
4347,11,69,4,3,3,42,78.87,Placed
4348,9,81,5,9,8,41,90.67,Placed
4349,7,44,8,4,6,56,66.85,Not Placed
4350,1,89,7,3,14,78,86.72,Placed
4351,1,60,7,11,2,72,58.86,Not Placed
4352,6,97,7,3,4,87,100.0,Placed
4353,5,54,4,2,16,55,96.75,Placed
4354,9,59,7,9,0,38,85.13,Placed
4355,2,47,4,8,0,66,45.14,Not Placed
4356,8,88,8,5,15,89,100.0,Placed
4357,11,70,5,9,13,63,100.0,Placed
4358,5,51,5,2,10,94,100.0,Placed
4359,2,60,4,6,13,93,68.67,Not Placed
4360,10,69,4,7,7,64,98.99,Placed
4361,11,66,8,6,18,37,100.0,Placed
4362,11,83,7,3,1,39,100.0,Placed
4363,6,65,8,10,9,53,83.27,Placed
4364,10,72,5,10,4,42,78.42,Placed
4365,8,65,5,10,14,71,95.79,Placed
4366,4,65,9,9,0,65,65.02,Not Placed
4367,2,75,7,8,1,61,62.38,Not Placed
4368,11,79,5,8,18,47,100.0,Placed
4369,5,40,9,8,16,76,92.78,Placed
4370,2,98,4,9,14,40,68.36,Not Placed
4371,2,54,5,1,17,35,62.95,Not Placed
4372,6,89,6,8,20,64,100.0,Placed
4373,11,40,7,2,7,45,93.35,Placed
4374,10,50,9,4,20,86,100.0,Placed
4375,9,94,7,1,13,75,100.0,Placed
4376,4,41,7,6,7,65,74.33,Placed
4377,6,40,6,10,7,50,61.9,Not Placed
4378,7,70,8,1,18,49,100.0,Placed
4379,11,83,4,5,12,39,100.0,Placed
4380,6,55,7,9,4,49,76.05,Placed
4381,8,93,5,1,9,35,100.0,Placed
4382,4,61,4,9,6,49,66.58,Not Placed
4383,1,81,5,4,8,70,74.16,Placed
4384,7,57,4,3,13,94,100.0,Placed
4385,3,86,4,8,5,82,95.64,Placed
4386,6,56,9,6,9,88,100.0,Placed
4387,2,69,5,7,0,73,54.69,Not Placed
4388,9,49,5,9,10,89,100.0,Placed
4389,1,74,4,5,7,42,60.16,Not Placed
4390,6,97,7,2,5,87,100.0,Placed
4391,6,60,5,3,16,56,100.0,Placed
4392,5,55,6,3,3,61,74.97,Placed
4393,5,45,6,4,5,93,87.95,Placed
4394,1,42,4,10,14,68,65.69,Not Placed
4395,10,80,8,7,9,64,98.35,Placed
4396,5,82,4,10,16,46,85.73,Placed
4397,2,60,4,6,9,92,63.26,Not Placed
4398,7,52,7,3,4,94,100.0,Placed
4399,3,57,7,7,18,36,81.53,Placed
4400,4,97,9,4,6,80,100.0,Placed
4401,3,93,8,10,18,85,100.0,Placed
4402,3,99,8,11,9,86,100.0,Placed
4403,4,63,8,11,18,72,79.38,Placed
4404,5,66,8,8,10,56,83.41,Placed
4405,1,93,8,7,2,85,86.99,Placed
4406,4,43,4,7,10,51,75.33,Placed
4407,11,61,4,9,5,69,88.87,Placed
4408,8,63,9,8,5,86,100.0,Placed
4409,10,79,6,1,14,91,100.0,Placed
4410,7,84,6,7,2,76,82.15,Placed
4411,9,49,9,3,10,90,100.0,Placed
4412,5,41,9,4,7,79,90.4,Placed
4413,10,79,5,6,7,86,100.0,Placed
4414,4,45,4,5,15,57,85.72,Placed
4415,8,87,8,8,2,63,88.32,Placed
4416,9,57,5,2,7,63,100.0,Placed
4417,7,56,7,5,7,91,100.0,Placed
4418,7,77,4,5,12,84,100.0,Placed
4419,5,84,9,3,0,53,88.82,Placed
4420,4,62,6,10,9,51,66.07,Not Placed
4421,10,85,4,5,4,42,100.0,Placed
4422,1,69,9,4,4,84,80.93,Placed
4423,10,97,4,11,16,41,100.0,Placed
4424,10,60,4,5,13,89,100.0,Placed
4425,7,49,4,10,5,45,63.24,Not Placed
4426,1,95,7,9,13,37,80.41,Placed
4427,1,82,6,7,11,36,59.68,Not Placed
4428,5,52,4,1,19,53,87.46,Placed
4429,9,51,9,3,0,62,90.42,Placed
4430,6,48,7,9,4,90,83.5,Placed
4431,3,43,5,4,17,62,85.04,Placed
4432,3,78,4,4,13,59,70.42,Placed
4433,7,63,7,10,6,45,81.53,Placed
4434,6,100,8,6,14,74,100.0,Placed
4435,9,93,5,3,8,77,94.18,Placed
4436,6,73,6,3,14,36,93.7,Placed
4437,5,78,4,9,15,46,95.64,Placed
4438,10,100,4,5,8,95,100.0,Placed
4439,7,80,7,7,6,75,96.59,Placed
4440,1,44,6,5,6,72,56.72,Not Placed
4441,7,54,8,6,16,46,100.0,Placed
4442,3,89,5,8,10,84,83.43,Placed
4443,9,43,9,8,5,59,87.96,Placed
4444,6,90,6,2,13,71,100.0,Placed
4445,9,91,4,11,14,65,100.0,Placed
4446,5,97,7,9,20,88,100.0,Placed
4447,7,78,8,10,7,51,93.15,Placed
4448,4,97,7,6,3,82,100.0,Placed
4449,7,47,5,7,0,46,66.78,Not Placed
4450,1,88,6,3,5,95,73.39,Placed
4451,7,84,7,4,0,64,91.44,Placed
4452,8,63,9,6,20,36,100.0,Placed
4453,5,92,9,7,4,50,81.14,Placed
4454,2,67,7,6,18,35,69.21,Not Placed
4455,5,94,4,5,4,86,79.6,Placed
4456,6,82,7,2,4,68,87.74,Placed
4457,2,66,8,7,16,79,98.64,Placed
4458,6,40,6,5,11,82,100.0,Placed
4459,6,73,5,9,6,35,89.44,Placed
4460,1,56,9,11,14,85,75.82,Placed
4461,1,76,7,4,18,70,83.23,Placed
4462,11,77,8,10,20,86,100.0,Placed
4463,10,65,9,2,12,37,93.2,Placed
4464,3,96,9,7,11,68,74.26,Placed
4465,10,63,5,7,18,46,100.0,Placed
4466,10,78,9,1,12,90,100.0,Placed
4467,3,99,8,11,5,92,82.04,Placed
4468,4,60,9,5,0,79,84.06,Placed
4469,2,69,9,3,5,61,75.83,Placed
4470,9,86,7,9,12,84,100.0,Placed
4471,10,90,7,9,12,71,100.0,Placed
4472,11,87,6,7,12,89,100.0,Placed
4473,7,96,4,9,19,59,100.0,Placed
4474,7,52,8,2,3,46,76.11,Placed
4475,6,76,4,11,4,85,87.74,Placed
4476,3,42,4,10,12,67,68.75,Not Placed
4477,6,71,9,8,8,43,80.84,Placed
4478,8,74,5,10,16,35,91.58,Placed
4479,8,58,5,10,2,90,100.0,Placed
4480,11,53,9,10,19,84,100.0,Placed
4481,9,87,8,1,17,57,100.0,Placed
4482,1,61,4,3,14,62,66.91,Not Placed
4483,1,56,6,8,0,37,36.08,Not Placed
4484,3,98,4,11,8,72,73.82,Placed
4485,3,43,5,8,5,88,71.97,Placed
4486,10,84,4,10,17,70,100.0,Placed
4487,8,79,7,8,0,90,100.0,Placed
4488,10,58,7,11,6,78,75.04,Placed
4489,1,76,6,11,9,78,61.45,Not Placed
4490,2,41,8,7,5,39,53.63,Not Placed
4491,2,54,4,2,6,89,93.09,Placed
4492,3,41,7,3,5,63,62.37,Not Placed
4493,6,50,8,9,7,87,100.0,Placed
4494,1,84,7,2,1,47,47.78,Not Placed
4495,2,62,8,7,8,78,79.85,Placed
4496,1,49,8,1,8,38,59.1,Not Placed
4497,5,42,7,3,6,40,63.06,Not Placed
4498,7,44,9,1,8,85,100.0,Placed
4499,8,42,5,6,16,72,99.44,Placed
4500,10,77,8,4,2,40,78.24,Placed
4501,1,52,9,1,15,45,57.29,Not Placed
4502,7,81,4,5,15,61,90.59,Placed
4503,5,58,9,4,1,88,93.63,Placed
4504,10,79,7,11,10,80,100.0,Placed
4505,1,89,9,10,15,93,100.0,Placed
4506,3,74,5,11,14,69,78.12,Placed
4507,7,63,7,10,0,95,89.68,Placed
4508,10,63,6,2,20,74,100.0,Placed
4509,1,56,4,7,16,38,57.73,Not Placed
4510,7,79,6,8,2,61,100.0,Placed
4511,5,49,9,4,18,50,100.0,Placed
4512,1,41,8,9,19,52,61.37,Not Placed
4513,1,83,9,3,6,41,56.65,Not Placed
4514,1,62,8,6,10,45,50.0,Not Placed
4515,11,45,6,11,17,42,98.97,Placed
4516,9,41,6,7,13,93,92.3,Placed
4517,11,60,8,7,15,86,100.0,Placed
4518,3,94,5,6,5,40,88.89,Placed
4519,5,95,4,9,1,90,67.18,Not Placed
4520,11,74,7,1,10,82,100.0,Placed
4521,10,88,6,9,10,39,78.58,Placed
4522,9,68,4,9,9,91,100.0,Placed
4523,6,46,7,4,3,40,76.93,Placed
4524,9,68,9,5,16,72,100.0,Placed
4525,8,92,7,3,9,94,100.0,Placed
4526,8,76,6,7,8,95,100.0,Placed
4527,1,62,5,2,12,36,63.04,Not Placed
4528,9,72,5,8,10,65,100.0,Placed
4529,6,47,4,9,9,73,76.13,Placed
4530,9,51,9,6,4,66,100.0,Placed
4531,3,85,4,9,2,43,48.02,Not Placed
4532,3,87,8,6,3,49,67.81,Not Placed
4533,6,49,5,3,2,55,49.46,Not Placed
4534,9,54,4,10,9,80,100.0,Placed
4535,7,92,8,3,12,87,100.0,Placed
4536,3,63,9,2,4,62,88.43,Placed
4537,3,65,7,5,12,79,93.37,Placed
4538,2,86,4,4,0,61,61.34,Not Placed
4539,9,81,8,6,10,39,90.8,Placed
4540,3,92,5,5,2,51,62.38,Not Placed
4541,11,99,7,6,16,71,100.0,Placed
4542,5,78,4,4,18,92,100.0,Placed
4543,9,97,5,3,12,58,91.45,Placed
4544,8,42,7,1,15,65,100.0,Placed
4545,2,41,6,5,17,69,85.94,Placed
4546,3,45,5,6,19,75,83.32,Placed
4547,2,60,6,5,18,75,88.56,Placed
4548,8,48,9,5,5,88,100.0,Placed
4549,6,49,4,6,6,38,49.88,Not Placed
4550,6,75,8,4,14,54,84.12,Placed
4551,9,98,4,4,4,77,100.0,Placed
4552,8,42,5,11,15,51,81.02,Placed
4553,4,80,6,8,5,80,77.64,Placed
4554,4,63,6,11,2,44,60.34,Not Placed
4555,9,61,7,8,11,71,99.65,Placed
4556,1,88,4,3,3,55,65.72,Not Placed
4557,2,53,4,7,2,55,66.25,Not Placed
4558,2,81,5,5,15,94,100.0,Placed
4559,6,84,6,5,15,83,100.0,Placed
4560,4,83,5,3,18,50,70.48,Placed
4561,11,66,5,2,14,67,100.0,Placed
4562,10,72,9,3,8,44,100.0,Placed
4563,3,99,6,7,19,78,100.0,Placed
4564,3,61,5,3,1,52,52.34,Not Placed
4565,3,68,6,11,5,67,61.4,Not Placed
4566,6,58,5,2,13,63,100.0,Placed
4567,8,58,8,4,8,65,93.28,Placed
4568,11,45,5,5,9,58,88.68,Placed
4569,7,84,5,7,17,94,100.0,Placed
4570,4,58,8,1,14,46,88.18,Placed
4571,11,52,4,8,3,54,81.88,Placed
4572,4,98,6,10,4,40,51.29,Not Placed
4573,11,65,7,3,20,42,100.0,Placed
4574,10,61,8,11,5,48,100.0,Placed
4575,11,60,4,6,14,39,100.0,Placed
4576,11,75,5,4,19,88,100.0,Placed
4577,11,95,9,5,1,70,99.8,Placed
4578,2,41,4,10,15,88,80.65,Placed
4579,1,86,8,6,4,82,92.45,Placed
4580,9,83,9,2,3,72,100.0,Placed
4581,2,69,5,3,0,37,37.84,Not Placed
4582,8,66,4,8,7,70,95.1,Placed
4583,9,46,7,8,20,56,100.0,Placed
4584,4,59,6,1,9,42,67.8,Not Placed
4585,8,89,6,10,14,95,100.0,Placed
4586,9,70,8,8,1,48,88.61,Placed
4587,10,62,5,11,18,41,78.87,Placed
4588,10,52,5,2,11,38,89.02,Placed
4589,5,56,6,10,9,53,68.14,Not Placed
4590,7,43,4,10,11,77,83.63,Placed
4591,10,96,5,8,20,81,100.0,Placed
4592,4,53,7,10,19,58,93.49,Placed
4593,1,59,7,5,8,50,69.94,Not Placed
4594,3,99,5,1,7,40,93.16,Placed
4595,5,52,5,8,1,78,72.09,Placed
4596,3,42,6,5,20,42,92.16,Placed
4597,11,65,8,1,6,59,100.0,Placed
4598,7,65,6,4,3,66,97.87,Placed
4599,9,57,8,1,18,59,100.0,Placed
4600,6,71,7,9,7,44,73.22,Placed
4601,10,53,8,10,12,77,100.0,Placed
4602,1,86,6,2,20,75,78.4,Placed
4603,7,42,5,8,2,92,91.85,Placed
4604,3,40,8,4,4,51,71.85,Placed
4605,5,65,6,9,19,94,100.0,Placed
4606,10,63,7,2,7,80,100.0,Placed
4607,4,88,9,3,1,37,83.79,Placed
4608,10,74,8,2,9,43,100.0,Placed
4609,5,53,7,10,15,86,99.1,Placed
4610,5,42,7,5,3,92,81.76,Placed
4611,6,52,4,11,13,94,90.51,Placed
4612,10,86,9,1,2,52,99.61,Placed
4613,10,89,8,3,9,83,100.0,Placed
4614,11,53,6,1,12,64,100.0,Placed
4615,6,60,8,10,4,39,66.88,Not Placed
4616,8,65,8,8,16,86,100.0,Placed
4617,8,42,9,4,16,66,98.76,Placed
4618,11,90,7,3,10,87,100.0,Placed
4619,9,79,7,8,18,61,100.0,Placed
4620,8,43,7,9,17,55,100.0,Placed
4621,11,75,7,8,16,58,96.74,Placed
4622,2,90,9,6,10,72,90.08,Placed
4623,10,82,6,3,14,37,99.56,Placed
4624,11,40,5,8,7,50,86.44,Placed
4625,1,79,4,5,11,49,59.58,Not Placed
4626,10,86,7,5,16,59,100.0,Placed
4627,2,72,7,9,4,42,40.16,Not Placed
4628,2,46,4,1,3,75,67.21,Not Placed
4629,3,92,7,7,10,38,76.02,Placed
4630,10,91,5,8,7,66,100.0,Placed
4631,7,91,8,11,15,79,100.0,Placed
4632,2,95,4,10,15,90,76.9,Placed
4633,1,50,6,3,2,93,56.69,Not Placed
4634,6,66,4,8,11,69,100.0,Placed
4635,9,100,5,1,12,87,100.0,Placed
4636,3,53,9,8,0,64,42.65,Not Placed
4637,6,61,6,7,3,73,77.8,Placed
4638,3,55,8,4,20,82,100.0,Placed
4639,1,85,7,11,5,83,91.83,Placed
4640,5,51,4,7,4,64,82.08,Placed
4641,10,88,6,10,4,51,88.24,Placed
4642,11,85,4,11,20,53,100.0,Placed
4643,4,49,8,7,9,86,68.04,Not Placed
4644,7,63,4,10,18,65,96.93,Placed
4645,6,100,6,1,17,51,100.0,Placed
4646,10,85,5,3,1,90,100.0,Placed
4647,7,57,9,7,15,36,69.59,Not Placed
4648,5,61,6,11,14,93,86.06,Placed
4649,4,48,4,5,4,71,64.55,Not Placed
4650,7,56,8,9,20,82,100.0,Placed
4651,7,77,7,7,8,63,89.89,Placed
4652,6,79,7,3,4,64,100.0,Placed
4653,8,97,8,1,4,88,100.0,Placed
4654,4,52,4,5,8,77,71.48,Placed
4655,10,89,9,10,8,56,96.19,Placed
4656,5,76,8,5,1,72,81.05,Placed
4657,4,45,4,7,6,45,60.84,Not Placed
4658,1,60,6,1,0,67,61.42,Not Placed
4659,8,90,9,10,19,53,100.0,Placed
4660,1,75,5,2,1,37,62.62,Not Placed
4661,5,46,4,11,11,74,88.51,Placed
4662,6,75,7,6,5,56,76.2,Placed
4663,6,64,7,8,19,52,100.0,Placed
4664,5,50,9,4,18,79,95.75,Placed
4665,3,83,5,3,15,64,91.79,Placed
4666,5,53,4,3,3,35,59.2,Not Placed
4667,8,84,5,3,17,54,99.46,Placed
4668,2,68,6,2,4,83,79.19,Placed
4669,6,49,5,1,17,39,87.39,Placed
4670,9,89,6,5,5,46,98.8,Placed
4671,8,87,7,10,13,45,97.59,Placed
4672,11,44,6,5,19,58,100.0,Placed
4673,8,47,4,5,16,92,100.0,Placed
4674,8,85,9,4,17,52,100.0,Placed
4675,7,44,9,3,20,42,99.39,Placed
4676,8,97,4,3,9,63,96.03,Placed
4677,6,99,4,2,18,90,100.0,Placed
4678,2,63,4,5,17,56,86.35,Placed
4679,2,79,8,4,3,90,86.7,Placed
4680,8,96,6,6,19,79,100.0,Placed
4681,11,65,4,2,14,36,100.0,Placed
4682,1,45,9,2,5,57,64.94,Not Placed
4683,6,55,5,8,5,50,60.92,Not Placed
4684,6,99,5,6,2,78,84.07,Placed
4685,11,75,8,3,8,42,100.0,Placed
4686,4,51,6,5,10,38,56.73,Not Placed
4687,11,50,6,3,4,48,85.57,Placed
4688,11,42,6,11,13,43,89.83,Placed
4689,10,83,9,2,1,45,84.9,Placed
4690,3,76,9,3,18,82,100.0,Placed
4691,11,45,8,1,7,72,100.0,Placed
4692,3,58,6,7,12,78,86.49,Placed
4693,1,57,6,6,18,85,83.01,Placed
4694,3,55,4,5,4,50,68.24,Not Placed
4695,4,62,6,6,14,47,83.29,Placed
4696,11,82,9,8,3,70,100.0,Placed
4697,11,76,4,3,3,78,100.0,Placed
4698,5,48,4,3,17,70,87.53,Placed
4699,3,42,6,5,18,51,69.14,Not Placed
4700,6,47,5,5,19,48,79.75,Placed
4701,11,77,7,11,8,63,100.0,Placed
4702,5,43,9,1,14,92,80.27,Placed
4703,3,51,5,4,11,51,58.69,Not Placed
4704,6,83,6,9,3,35,61.65,Not Placed
4705,6,70,6,8,2,54,65.8,Not Placed
4706,8,64,5,3,4,67,96.37,Placed
4707,2,92,6,5,16,88,86.46,Placed
4708,1,55,9,5,4,36,35.96,Not Placed
4709,4,81,4,7,3,51,48.05,Not Placed
4710,7,93,8,8,20,57,100.0,Placed
4711,11,53,6,9,6,56,86.68,Placed
4712,10,52,6,7,6,35,76.03,Placed
4713,3,80,5,2,6,46,88.44,Placed
4714,3,46,4,8,16,47,71.38,Placed
4715,5,51,5,8,14,48,68.61,Not Placed
4716,5,76,9,11,6,44,60.33,Not Placed
4717,10,89,5,2,14,46,100.0,Placed
4718,3,43,6,6,19,91,96.98,Placed
4719,9,41,4,10,3,56,66.85,Not Placed
4720,4,74,9,1,1,52,79.27,Placed
4721,3,97,6,11,12,73,82.93,Placed
4722,11,83,9,7,11,53,100.0,Placed
4723,2,42,6,10,9,64,42.75,Not Placed
4724,10,43,6,2,18,49,100.0,Placed
4725,11,77,6,5,14,73,100.0,Placed
4726,9,51,8,7,16,48,100.0,Placed
4727,4,58,7,10,20,43,73.04,Placed
4728,3,49,4,11,5,39,38.61,Not Placed
4729,7,40,8,9,4,67,72.5,Placed
4730,8,56,7,1,20,82,100.0,Placed
4731,11,55,9,9,12,39,97.48,Placed
4732,2,48,7,11,13,58,55.75,Not Placed
4733,7,96,7,5,13,42,100.0,Placed
4734,5,92,8,6,14,53,100.0,Placed
4735,11,48,4,8,15,86,100.0,Placed
4736,5,98,5,11,9,46,91.13,Placed
4737,3,94,7,2,0,42,53.14,Not Placed
4738,5,48,5,7,10,42,60.17,Not Placed
4739,2,51,5,4,6,89,86.05,Placed
4740,4,94,6,9,16,72,100.0,Placed
4741,6,80,5,6,3,54,69.72,Not Placed
4742,1,54,9,7,6,92,83.96,Placed
4743,10,41,9,11,2,63,74.94,Placed
4744,4,50,6,6,19,75,94.95,Placed
4745,6,50,4,11,13,68,89.86,Placed
4746,9,47,4,8,17,52,98.45,Placed
4747,11,94,9,6,17,35,100.0,Placed
4748,11,71,6,7,0,45,81.25,Placed
4749,2,45,4,8,5,81,66.74,Not Placed
4750,11,92,7,1,8,78,100.0,Placed
4751,7,59,4,10,1,69,68.61,Not Placed
4752,6,78,6,4,7,85,89.76,Placed
4753,2,74,9,6,19,86,100.0,Placed
4754,8,47,7,1,3,66,84.75,Placed
4755,7,89,5,4,20,85,100.0,Placed
4756,11,88,5,6,9,76,100.0,Placed
4757,5,82,5,7,0,50,67.46,Not Placed
4758,5,73,9,6,10,40,97.18,Placed
4759,7,96,6,11,8,43,88.16,Placed
4760,9,92,5,4,18,74,100.0,Placed
4761,11,98,4,7,10,56,100.0,Placed
4762,9,95,5,10,3,82,100.0,Placed
4763,9,58,8,2,4,42,85.99,Placed
4764,6,46,9,6,20,90,100.0,Placed
4765,10,70,8,5,16,66,100.0,Placed
4766,6,57,5,2,17,60,100.0,Placed
4767,3,79,5,9,4,88,82.07,Placed
4768,1,53,8,7,17,52,100.0,Placed
4769,7,78,9,3,16,71,100.0,Placed
4770,4,99,9,7,2,86,76.85,Placed
4771,1,92,5,11,10,46,57.71,Not Placed
4772,8,99,9,11,16,72,100.0,Placed
4773,6,98,7,6,7,68,100.0,Placed
4774,6,75,9,7,7,38,79.28,Placed
4775,2,56,8,4,1,50,64.82,Not Placed
4776,1,76,6,10,6,95,66.13,Not Placed
4777,2,83,8,8,20,58,98.28,Placed
4778,4,48,4,8,19,48,61.96,Not Placed
4779,2,97,7,7,20,51,93.05,Placed
4780,1,59,6,7,5,85,58.69,Not Placed
4781,7,84,5,10,19,65,100.0,Placed
4782,11,96,4,8,17,38,91.39,Placed
4783,11,67,4,1,6,84,100.0,Placed
4784,8,89,7,6,17,78,100.0,Placed
4785,6,59,6,2,11,68,93.89,Placed
4786,4,80,4,1,6,72,88.77,Placed
4787,6,75,6,10,6,72,76.99,Placed
4788,3,92,6,7,0,37,53.07,Not Placed
4789,8,66,9,6,9,42,75.23,Placed
4790,10,47,4,5,9,46,84.76,Placed
4791,2,71,6,5,11,69,94.82,Placed
4792,5,40,7,9,2,36,55.33,Not Placed
4793,1,56,4,9,2,87,40.76,Not Placed
4794,6,96,7,6,12,63,100.0,Placed
4795,2,48,7,3,12,57,86.41,Placed
4796,4,59,6,7,5,67,61.49,Not Placed
4797,6,84,6,4,2,84,90.84,Placed
4798,10,71,9,5,14,52,100.0,Placed
4799,11,41,9,7,8,74,100.0,Placed
4800,8,71,4,7,20,92,100.0,Placed
4801,8,84,9,10,5,56,99.42,Placed
4802,11,48,5,8,5,48,84.23,Placed
4803,6,69,4,1,7,63,99.53,Placed
4804,4,59,7,5,10,79,69.07,Not Placed
4805,8,77,9,9,18,49,97.41,Placed
4806,8,99,9,7,15,49,100.0,Placed
4807,10,40,9,11,8,79,95.63,Placed
4808,1,99,6,2,10,38,79.06,Placed
4809,4,96,7,1,15,70,100.0,Placed
4810,4,44,9,8,5,39,70.15,Placed
4811,7,74,8,9,16,37,98.33,Placed
4812,11,75,8,10,15,46,100.0,Placed
4813,7,40,7,5,19,54,97.86,Placed
4814,11,53,9,11,20,78,100.0,Placed
4815,8,48,5,6,17,54,100.0,Placed
4816,11,69,5,2,0,73,100.0,Placed
4817,5,63,4,11,17,73,80.31,Placed
4818,7,43,4,5,7,35,76.14,Placed
4819,8,89,9,4,9,78,100.0,Placed
4820,9,53,4,8,1,37,67.47,Not Placed
4821,3,64,6,8,8,81,82.36,Placed
4822,3,43,5,5,3,43,58.71,Not Placed
4823,4,64,7,11,10,88,88.1,Placed
4824,5,49,9,8,9,88,89.16,Placed
4825,10,74,9,6,13,54,100.0,Placed
4826,1,94,8,10,6,92,81.6,Placed
4827,7,46,5,6,18,43,100.0,Placed
4828,9,81,5,4,5,65,93.38,Placed
4829,8,52,5,10,15,80,91.64,Placed
4830,5,43,4,11,18,62,89.2,Placed
4831,4,89,6,3,18,69,100.0,Placed
4832,7,82,7,9,12,74,84.0,Placed
4833,5,96,4,5,11,95,100.0,Placed
4834,7,75,6,10,14,72,100.0,Placed
4835,1,95,5,10,7,78,65.24,Not Placed
4836,1,53,6,4,3,36,37.81,Not Placed
4837,10,57,4,6,19,37,100.0,Placed
4838,3,47,5,4,7,48,49.59,Not Placed
4839,11,71,4,6,20,51,100.0,Placed
4840,2,66,7,10,15,69,90.25,Placed
4841,2,81,5,8,15,38,83.41,Placed
4842,7,76,6,8,1,81,80.59,Placed
4843,10,62,4,6,16,64,100.0,Placed
4844,2,46,8,1,4,88,83.67,Placed
4845,11,51,6,1,4,92,100.0,Placed
4846,4,64,6,3,11,73,85.08,Placed
4847,2,42,5,2,6,85,64.22,Not Placed
4848,6,65,9,1,4,48,64.97,Not Placed
4849,8,43,6,1,3,82,100.0,Placed
4850,10,81,4,6,16,61,100.0,Placed
4851,4,75,8,7,5,47,78.9,Placed
4852,5,54,7,8,13,89,96.69,Placed
4853,4,71,8,3,8,95,84.58,Placed
4854,3,68,4,1,3,54,68.76,Not Placed
4855,5,49,5,5,10,83,96.46,Placed
4856,9,60,4,8,19,83,100.0,Placed
4857,8,93,9,11,20,58,100.0,Placed
4858,8,55,9,11,15,44,93.9,Placed
4859,8,86,9,4,15,41,86.22,Placed
4860,8,58,6,2,15,86,100.0,Placed
4861,7,68,5,9,5,51,76.21,Placed
4862,8,91,9,9,14,56,100.0,Placed
4863,11,90,7,3,2,93,100.0,Placed
4864,8,57,7,7,8,78,100.0,Placed
4865,8,97,4,1,0,45,72.13,Placed
4866,10,83,9,8,10,76,100.0,Placed
4867,7,96,6,8,5,57,94.72,Placed
4868,1,55,7,3,4,88,60.45,Not Placed
4869,4,40,8,5,17,94,100.0,Placed
4870,4,87,5,4,20,56,100.0,Placed
4871,5,41,8,7,11,74,100.0,Placed
4872,10,95,7,11,6,81,100.0,Placed
4873,6,54,7,7,1,88,78.63,Placed
4874,4,78,4,11,6,52,63.36,Not Placed
4875,2,67,4,8,8,89,65.63,Not Placed
4876,6,40,9,5,19,79,100.0,Placed
4877,8,44,5,11,7,60,54.75,Not Placed
4878,8,81,9,5,8,82,100.0,Placed
4879,7,61,4,8,9,64,90.79,Placed
4880,6,92,6,5,11,47,99.07,Placed
4881,2,75,5,1,1,38,64.68,Not Placed
4882,7,85,6,11,9,77,86.01,Placed
4883,11,52,9,3,2,61,88.56,Placed
4884,5,40,4,2,0,85,77.56,Placed
4885,6,55,5,10,16,74,82.55,Placed
4886,10,94,9,5,0,44,86.09,Placed
4887,8,80,7,8,4,78,99.74,Placed
4888,8,61,9,9,13,62,100.0,Placed
4889,3,71,8,9,5,55,91.89,Placed
4890,7,55,7,1,8,86,100.0,Placed
4891,1,90,6,1,13,45,81.03,Placed
4892,1,54,7,1,3,54,53.52,Not Placed
4893,7,97,9,1,0,87,100.0,Placed
4894,10,85,7,9,5,94,100.0,Placed
4895,9,91,8,1,6,70,100.0,Placed
4896,7,81,9,7,20,53,100.0,Placed
4897,10,92,8,6,5,86,100.0,Placed
4898,5,51,7,9,0,44,55.3,Not Placed
4899,8,99,8,11,7,49,100.0,Placed
4900,2,40,7,9,11,79,77.72,Placed
4901,9,92,5,4,10,79,100.0,Placed
4902,6,56,7,9,1,87,79.73,Placed
4903,9,80,4,6,1,94,85.96,Placed
4904,2,94,8,5,1,52,50.44,Not Placed
4905,3,90,8,9,7,41,78.55,Placed
4906,8,96,6,7,20,64,100.0,Placed
4907,1,89,6,9,6,48,64.15,Not Placed
4908,10,67,4,5,15,71,100.0,Placed
4909,7,46,8,4,8,75,97.19,Placed
4910,7,48,8,10,15,64,100.0,Placed
4911,1,61,6,3,1,88,66.66,Not Placed
4912,9,65,6,5,2,61,63.91,Not Placed
4913,8,92,7,9,1,83,100.0,Placed
4914,4,51,9,3,18,91,99.4,Placed
4915,10,46,8,1,16,71,100.0,Placed
4916,11,85,8,2,19,82,100.0,Placed
4917,5,86,7,10,20,75,100.0,Placed
4918,2,54,8,5,11,51,87.8,Placed
4919,9,77,4,3,10,64,100.0,Placed
4920,6,60,6,6,19,52,100.0,Placed
4921,3,53,6,11,18,37,66.75,Not Placed
4922,7,41,9,8,5,62,78.15,Placed
4923,9,47,6,6,9,71,93.78,Placed
4924,3,84,5,10,13,64,87.94,Placed
4925,2,94,4,9,0,88,68.9,Not Placed
4926,7,45,4,6,14,55,92.22,Placed
4927,7,76,7,5,5,83,97.73,Placed
4928,4,76,5,4,12,54,93.75,Placed
4929,11,96,8,2,13,56,100.0,Placed
4930,9,72,9,6,12,70,100.0,Placed
4931,8,80,4,2,15,70,100.0,Placed
4932,1,45,5,5,0,55,53.84,Not Placed
4933,1,91,5,1,13,58,100.0,Placed
4934,5,65,4,3,12,55,76.88,Placed
4935,6,78,7,10,9,41,88.12,Placed
4936,3,80,5,5,9,42,77.17,Placed
4937,9,76,6,7,3,56,98.56,Placed
4938,10,53,5,8,13,56,93.54,Placed
4939,6,76,8,7,11,64,97.53,Placed
4940,4,47,4,7,5,68,59.7,Not Placed
4941,7,78,8,11,14,63,100.0,Placed
4942,8,52,7,2,4,95,94.56,Placed
4943,9,52,9,6,9,44,100.0,Placed
4944,11,79,6,5,8,39,100.0,Placed
4945,6,82,4,11,9,83,100.0,Placed
4946,6,67,5,9,11,91,89.6,Placed
4947,8,97,6,10,3,73,96.81,Placed
4948,5,57,5,11,3,68,66.63,Not Placed
4949,3,96,7,4,12,72,100.0,Placed
4950,3,58,9,7,13,44,83.68,Placed
4951,6,77,4,11,11,43,62.3,Not Placed
4952,2,71,7,8,12,94,100.0,Placed
4953,6,61,7,6,19,66,100.0,Placed
4954,6,41,9,3,12,39,69.34,Not Placed
4955,8,99,7,11,1,69,100.0,Placed
4956,7,52,7,5,20,45,86.97,Placed
4957,8,62,5,1,18,76,100.0,Placed
4958,9,64,8,8,8,50,90.64,Placed
4959,6,67,5,11,9,61,77.0,Placed
4960,3,97,9,2,16,54,98.87,Placed
4961,10,50,6,10,9,85,100.0,Placed
4962,3,72,9,7,19,35,76.84,Placed
4963,11,63,9,9,12,60,100.0,Placed
4964,1,41,9,1,19,45,84.95,Placed
4965,11,69,9,4,0,95,100.0,Placed
4966,5,56,7,7,1,49,72.28,Placed
4967,4,79,9,9,16,73,95.02,Placed
4968,9,73,6,2,12,74,100.0,Placed
4969,9,77,9,2,16,82,100.0,Placed
4970,5,61,5,6,12,52,74.32,Placed
4971,10,44,7,3,16,58,100.0,Placed
4972,4,87,5,4,18,62,81.53,Placed
4973,7,79,7,3,13,59,100.0,Placed
4974,6,90,5,1,19,57,100.0,Placed
4975,4,55,4,6,9,45,67.77,Not Placed
4976,10,52,8,11,1,67,92.47,Placed
4977,2,65,8,11,13,50,67.54,Not Placed
4978,1,70,7,2,16,70,93.58,Placed
4979,4,91,4,2,4,57,86.65,Placed
4980,4,78,6,7,17,40,95.48,Placed
4981,1,87,4,5,2,77,71.68,Placed
4982,6,62,7,8,15,58,97.59,Placed
4983,4,87,4,2,18,72,93.65,Placed
4984,1,100,6,10,17,76,97.99,Placed
4985,1,51,7,8,19,40,58.28,Not Placed
4986,1,53,8,7,4,44,54.32,Not Placed
4987,8,95,9,10,7,56,100.0,Placed
4988,10,57,4,8,5,57,90.11,Placed
4989,8,66,8,11,14,39,64.88,Not Placed
4990,2,67,8,3,2,62,76.35,Placed
4991,11,57,5,8,8,93,100.0,Placed
4992,7,55,6,6,10,43,65.66,Not Placed
4993,8,91,9,2,19,73,100.0,Placed
4994,8,55,4,6,13,83,100.0,Placed
4995,11,52,8,5,8,93,100.0,Placed
4996,10,97,8,3,9,78,100.0,Placed
4997,11,68,6,1,14,62,100.0,Placed
4998,7,48,9,7,17,59,91.31,Placed
4999,5,65,9,2,20,77,100.0,Placed
5000,1,67,8,1,18,72,86.95,Placed
5001,9,80,8,1,6,61,89.51,Placed
5002,7,52,8,7,18,58,95.91,Placed
5003,2,100,8,1,4,91,100.0,Placed
5004,6,75,5,9,20,77,100.0,Placed
5005,2,48,5,6,17,77,83.21,Placed
5006,1,86,9,4,0,80,72.11,Placed
5007,7,53,7,4,11,50,88.87,Placed
5008,2,90,4,5,5,36,64.3,Not Placed
5009,2,51,6,2,12,36,73.79,Placed
5010,11,92,7,5,16,39,100.0,Placed
5011,5,97,5,2,8,80,89.84,Placed
5012,5,96,5,4,20,55,100.0,Placed
5013,7,71,5,10,0,94,89.27,Placed
5014,1,77,7,11,11,44,55.36,Not Placed
5015,8,42,5,5,0,76,72.83,Placed
5016,3,97,7,6,3,52,80.2,Placed
5017,4,96,5,6,6,60,88.51,Placed
5018,9,93,8,9,19,54,100.0,Placed
5019,4,91,8,4,4,75,76.97,Placed
5020,10,55,4,5,19,70,100.0,Placed
5021,5,59,5,6,4,83,86.39,Placed
5022,7,71,4,4,6,55,75.06,Placed
5023,4,95,7,6,16,36,84.34,Placed
5024,1,62,4,2,11,80,64.37,Not Placed
5025,9,56,5,7,14,88,100.0,Placed
5026,4,55,7,3,2,67,70.35,Placed
5027,9,77,7,10,16,57,100.0,Placed
5028,6,47,8,4,13,73,100.0,Placed
5029,1,58,7,9,14,65,52.14,Not Placed
5030,3,69,7,5,14,38,80.43,Placed
5031,11,96,4,9,14,75,100.0,Placed
5032,2,97,9,10,18,37,97.22,Placed
5033,9,73,7,10,10,71,95.07,Placed
5034,1,53,6,10,17,87,85.7,Placed
5035,9,61,9,10,20,90,100.0,Placed
5036,9,83,8,6,9,44,92.25,Placed
5037,8,56,8,8,20,76,100.0,Placed
5038,8,99,7,5,8,66,100.0,Placed
5039,11,98,4,5,2,70,100.0,Placed
5040,1,54,9,3,0,83,59.13,Not Placed
5041,11,89,8,7,20,61,100.0,Placed
5042,8,87,8,2,10,87,100.0,Placed
5043,10,71,6,11,15,83,100.0,Placed
5044,3,52,7,3,2,53,62.04,Not Placed
5045,11,60,9,2,20,72,100.0,Placed
5046,7,88,8,8,8,35,100.0,Placed
5047,11,79,8,4,10,60,100.0,Placed
5048,1,72,8,10,16,80,94.65,Placed
5049,1,100,8,8,0,47,79.4,Placed
5050,10,96,4,8,8,69,99.12,Placed
5051,5,97,5,8,2,89,83.13,Placed
5052,5,66,6,8,9,36,62.21,Not Placed
5053,8,74,4,8,4,56,93.41,Placed
5054,7,55,6,9,10,73,91.2,Placed
5055,8,67,8,2,4,62,81.71,Placed
5056,6,73,6,9,11,78,84.0,Placed
5057,6,86,7,8,13,36,94.73,Placed
5058,2,40,7,11,11,45,47.95,Not Placed
5059,6,80,5,10,18,82,88.15,Placed
5060,5,87,5,1,8,93,100.0,Placed
5061,3,70,6,5,6,71,80.09,Placed
5062,6,75,4,11,15,60,80.21,Placed
5063,8,83,4,2,6,62,92.8,Placed
5064,9,72,8,10,13,60,100.0,Placed
5065,1,72,4,5,7,51,56.56,Not Placed
5066,3,78,5,8,20,37,94.25,Placed
5067,3,57,4,9,17,48,78.39,Placed
5068,11,62,8,9,2,50,96.63,Placed
5069,8,99,7,1,1,83,100.0,Placed
5070,1,62,4,7,4,94,58.18,Not Placed
5071,5,54,4,11,7,85,89.91,Placed
5072,3,65,5,8,18,70,86.75,Placed
5073,2,69,6,10,8,62,55.94,Not Placed
5074,8,64,7,3,1,62,100.0,Placed
5075,3,84,6,6,14,87,100.0,Placed
5076,7,55,8,11,7,86,80.82,Placed
5077,11,78,8,3,9,86,100.0,Placed
5078,1,87,6,9,6,59,73.55,Placed
5079,6,84,5,3,18,91,100.0,Placed
5080,3,53,9,2,0,43,51.76,Not Placed
5081,8,56,5,9,1,45,64.9,Not Placed
5082,6,51,9,11,2,71,82.32,Placed
5083,2,68,9,8,13,77,95.06,Placed
5084,6,71,5,8,14,79,92.21,Placed
5085,7,95,9,2,20,55,100.0,Placed
5086,5,63,9,6,13,36,68.37,Not Placed
5087,3,91,9,5,7,88,91.0,Placed
5088,4,52,7,2,17,68,94.7,Placed
5089,4,95,8,5,16,76,100.0,Placed
5090,6,59,9,4,6,47,77.55,Placed
5091,10,54,8,9,19,39,100.0,Placed
5092,1,95,8,1,0,45,63.9,Not Placed
5093,11,92,7,6,8,63,100.0,Placed
5094,4,43,8,7,8,81,84.19,Placed
5095,10,93,6,6,10,62,100.0,Placed
5096,4,73,4,5,18,62,90.02,Placed
5097,10,67,7,4,5,39,74.37,Placed
5098,1,89,4,5,6,54,72.32,Placed
5099,9,41,6,9,14,71,98.07,Placed
5100,4,96,5,5,19,73,100.0,Placed
5101,7,86,5,10,5,44,72.25,Placed
5102,3,69,9,8,8,66,82.55,Placed
5103,10,65,5,7,14,63,100.0,Placed
5104,3,90,7,4,5,36,67.92,Not Placed
5105,8,86,5,10,6,35,85.74,Placed
5106,8,65,7,5,16,54,100.0,Placed
5107,11,59,7,7,5,89,100.0,Placed
5108,1,81,4,6,8,35,60.6,Not Placed
5109,10,67,5,3,2,38,81.69,Placed
5110,2,95,8,10,13,49,88.02,Placed
5111,8,59,5,3,5,81,92.16,Placed
5112,1,50,5,2,3,64,58.2,Not Placed
5113,8,97,5,3,15,40,100.0,Placed
5114,8,49,9,11,15,72,94.13,Placed
5115,2,100,8,10,8,35,75.15,Placed
5116,4,62,8,1,3,41,87.3,Placed
5117,6,76,7,9,7,39,80.84,Placed
5118,11,80,8,2,7,88,100.0,Placed
5119,9,91,7,3,5,83,100.0,Placed
5120,8,58,4,5,7,41,86.61,Placed
5121,8,84,7,10,5,70,96.1,Placed
5122,7,57,5,4,13,37,75.19,Placed
5123,9,88,6,5,13,46,99.79,Placed
5124,2,66,6,6,17,93,91.66,Placed
5125,3,45,9,5,12,95,80.78,Placed
5126,10,49,5,10,14,49,100.0,Placed
5127,8,41,7,1,2,54,72.36,Placed
5128,6,63,5,6,5,75,82.7,Placed
5129,10,77,9,9,19,55,100.0,Placed
5130,9,67,8,3,16,66,100.0,Placed
5131,10,67,7,2,19,46,100.0,Placed
5132,4,92,5,6,15,71,84.21,Placed
5133,8,84,8,3,5,74,100.0,Placed
5134,10,89,9,4,7,81,100.0,Placed
5135,3,78,8,6,12,41,74.62,Placed
5136,3,41,7,6,12,85,100.0,Placed
5137,8,100,9,2,19,79,100.0,Placed
5138,5,85,9,3,16,65,100.0,Placed
5139,3,44,9,9,20,35,79.54,Placed
5140,10,89,4,2,2,94,100.0,Placed
5141,11,50,9,3,12,45,100.0,Placed
5142,1,49,4,9,6,79,71.31,Placed
5143,3,82,8,4,19,68,100.0,Placed
5144,9,98,4,1,4,53,99.94,Placed
5145,5,41,8,11,10,45,80.22,Placed
5146,10,54,4,2,17,67,100.0,Placed
5147,2,78,8,3,3,67,73.21,Placed
5148,7,80,8,9,19,42,100.0,Placed
5149,2,76,9,9,6,79,74.24,Placed
5150,4,46,9,11,3,42,76.33,Placed
5151,7,59,8,6,9,68,100.0,Placed
5152,4,73,9,11,0,74,72.61,Placed
5153,7,74,8,6,16,61,100.0,Placed
5154,7,73,9,3,4,63,100.0,Placed
5155,1,92,6,5,16,48,67.79,Not Placed
5156,6,61,4,11,2,68,59.73,Not Placed
5157,9,70,8,4,8,79,100.0,Placed
5158,2,62,5,10,2,93,60.59,Not Placed
5159,3,58,9,10,2,71,64.7,Not Placed
5160,10,43,9,9,8,35,92.89,Placed
5161,5,63,7,9,4,43,84.7,Placed
5162,9,59,5,1,9,86,100.0,Placed
5163,4,78,5,8,14,44,76.86,Placed
5164,1,67,6,9,11,64,77.46,Placed
5165,4,93,4,5,5,77,84.69,Placed
5166,6,78,6,4,6,52,65.75,Not Placed
5167,5,56,4,10,6,51,74.17,Placed
5168,1,58,8,4,3,40,41.24,Not Placed
5169,4,93,6,2,12,45,90.83,Placed
5170,6,87,7,9,14,58,89.52,Placed
5171,10,74,4,5,17,70,100.0,Placed
5172,10,71,6,11,17,67,100.0,Placed
5173,4,86,7,3,6,67,62.64,Not Placed
5174,9,85,5,6,9,88,100.0,Placed
5175,5,86,9,9,15,52,100.0,Placed
5176,8,85,8,9,7,39,92.47,Placed
5177,9,78,8,5,18,65,100.0,Placed
5178,10,96,5,8,10,50,100.0,Placed
5179,5,74,6,4,20,36,100.0,Placed
5180,6,69,9,5,5,43,98.68,Placed
5181,1,56,5,7,9,36,45.03,Not Placed
5182,11,81,7,7,18,71,100.0,Placed
5183,7,86,9,7,13,54,95.53,Placed
5184,4,68,4,8,19,93,100.0,Placed
5185,11,45,6,11,5,51,79.02,Placed
5186,2,99,9,5,3,92,83.91,Placed
5187,5,56,4,1,19,59,100.0,Placed
5188,3,56,5,11,14,53,79.16,Placed
5189,6,53,8,9,4,76,91.24,Placed
5190,8,63,9,9,15,42,86.85,Placed
5191,7,96,9,7,6,86,100.0,Placed
5192,3,89,4,6,1,45,73.62,Placed
5193,8,96,4,5,12,47,99.62,Placed
5194,2,76,8,5,1,47,64.05,Not Placed
5195,10,100,4,3,8,43,100.0,Placed
5196,9,79,4,10,19,39,97.1,Placed
5197,4,78,9,1,4,52,87.53,Placed
5198,1,94,8,6,2,74,82.49,Placed
5199,8,71,8,8,1,95,100.0,Placed
5200,7,75,9,2,13,86,100.0,Placed
5201,11,89,5,8,7,48,100.0,Placed
5202,5,76,5,8,19,68,93.85,Placed
5203,10,87,9,10,11,56,100.0,Placed
5204,5,53,4,8,16,82,86.78,Placed
5205,7,66,6,10,15,67,96.12,Placed
5206,5,98,5,3,5,58,87.3,Placed
5207,8,58,5,10,5,91,93.39,Placed
5208,11,70,9,8,17,89,100.0,Placed
5209,6,85,9,11,1,63,86.46,Placed
5210,5,48,6,4,7,47,75.35,Placed
5211,9,77,6,3,13,91,100.0,Placed
5212,11,56,8,11,1,84,100.0,Placed
5213,2,58,9,9,16,61,80.45,Placed
5214,1,83,5,8,15,35,51.42,Not Placed
5215,8,43,7,10,17,41,99.74,Placed
5216,3,87,7,2,20,38,80.38,Placed
5217,11,96,4,8,5,44,87.59,Placed
5218,7,50,5,11,16,74,100.0,Placed
5219,10,61,7,11,17,69,98.67,Placed
5220,11,43,5,3,13,89,100.0,Placed
5221,8,56,9,10,9,73,100.0,Placed
5222,6,47,5,6,3,93,83.32,Placed
5223,10,85,7,5,17,92,100.0,Placed
5224,9,98,5,8,10,91,100.0,Placed
5225,7,73,6,9,15,50,98.1,Placed
5226,10,50,4,11,3,61,79.92,Placed
5227,5,70,8,7,18,54,76.81,Placed
5228,8,50,7,6,5,44,91.97,Placed
5229,2,95,9,6,7,79,100.0,Placed
5230,7,93,8,1,17,67,100.0,Placed
5231,4,95,4,5,18,41,83.27,Placed
5232,9,77,6,8,17,76,100.0,Placed
5233,1,92,6,6,15,78,95.55,Placed
5234,7,60,6,1,6,80,100.0,Placed
5235,6,85,6,5,16,56,100.0,Placed
5236,8,69,7,11,2,77,92.75,Placed
5237,5,49,7,5,14,51,91.59,Placed
5238,1,65,5,3,3,43,77.24,Placed
5239,1,66,9,8,15,92,95.91,Placed
5240,9,47,5,9,13,74,100.0,Placed
5241,10,78,9,6,16,44,100.0,Placed
5242,6,47,4,6,8,70,64.58,Not Placed
5243,10,99,5,2,6,65,100.0,Placed
5244,5,47,4,10,13,65,74.8,Placed
5245,1,94,4,2,11,39,60.34,Not Placed
5246,6,73,4,6,16,90,96.8,Placed
5247,6,98,6,8,8,52,94.64,Placed
5248,3,55,8,2,11,40,68.82,Not Placed
5249,8,80,8,9,11,76,100.0,Placed
5250,1,52,7,9,7,84,56.4,Not Placed
5251,1,62,4,4,9,62,55.94,Not Placed
5252,6,51,6,4,11,77,90.05,Placed
5253,10,66,5,4,4,58,93.97,Placed
5254,1,61,5,11,19,39,65.53,Not Placed
5255,6,71,7,5,0,62,73.9,Placed
5256,1,96,7,8,8,92,68.16,Not Placed
5257,6,100,4,2,14,37,84.2,Placed
5258,3,88,4,11,1,52,50.37,Not Placed
5259,8,66,5,5,3,38,85.82,Placed
5260,6,41,5,2,3,74,76.99,Placed
5261,11,84,5,11,2,83,100.0,Placed
5262,1,72,5,11,15,76,89.31,Placed
5263,5,65,8,8,7,66,81.14,Placed
5264,8,67,4,1,6,66,94.2,Placed
5265,3,58,4,7,11,53,67.09,Not Placed
5266,6,82,5,3,11,63,97.33,Placed
5267,5,44,6,4,3,67,61.28,Not Placed
5268,6,72,5,8,14,36,86.4,Placed
5269,10,59,9,3,5,92,100.0,Placed
5270,1,69,7,7,2,45,43.02,Not Placed
5271,7,84,9,1,6,81,100.0,Placed
5272,9,47,6,9,20,89,98.32,Placed
5273,2,77,7,6,5,67,56.86,Not Placed
5274,10,100,6,3,0,75,100.0,Placed
5275,5,56,7,7,7,74,80.34,Placed
5276,10,83,5,5,0,35,96.2,Placed
5277,4,40,5,8,15,76,81.93,Placed
5278,6,42,6,8,2,51,64.6,Not Placed
5279,6,85,7,9,1,84,87.58,Placed
5280,11,65,8,6,5,50,89.7,Placed
5281,2,70,6,4,7,36,65.21,Not Placed
5282,2,47,6,2,6,88,69.2,Not Placed
5283,4,82,9,3,6,83,100.0,Placed
5284,1,98,4,5,20,38,72.25,Placed
5285,9,85,6,8,18,66,100.0,Placed
5286,7,47,8,10,17,41,92.35,Placed
5287,7,100,5,2,2,63,100.0,Placed
5288,3,74,7,5,10,95,100.0,Placed
5289,11,78,4,9,10,94,100.0,Placed
5290,3,67,7,2,2,43,79.27,Placed
5291,1,90,5,8,0,92,72.03,Placed
5292,3,43,6,3,9,69,51.29,Not Placed
5293,3,96,9,8,1,86,79.01,Placed
5294,4,55,8,4,16,87,100.0,Placed
5295,4,52,4,4,8,39,75.48,Placed
5296,3,59,8,7,17,84,92.06,Placed
5297,10,90,8,5,19,95,100.0,Placed
5298,8,44,8,4,8,55,69.9,Not Placed
5299,8,94,8,7,10,92,100.0,Placed
5300,1,76,5,3,16,51,92.0,Placed
5301,7,59,8,9,13,73,88.2,Placed
5302,11,63,9,5,17,48,100.0,Placed
5303,2,75,8,3,17,66,100.0,Placed
5304,1,73,5,2,11,49,82.55,Placed
5305,3,97,7,7,17,55,86.98,Placed
5306,4,84,5,7,7,88,86.18,Placed
5307,6,87,9,5,7,48,97.37,Placed
5308,10,93,9,4,7,75,100.0,Placed
5309,5,73,6,11,19,50,80.14,Placed
5310,4,58,5,2,14,85,92.59,Placed
5311,8,56,7,2,7,35,74.94,Placed
5312,11,44,6,7,13,74,100.0,Placed
5313,4,64,6,10,12,52,86.45,Placed
5314,10,57,4,7,7,68,91.36,Placed
5315,2,99,8,4,16,60,98.2,Placed
5316,3,94,6,4,18,95,96.37,Placed
5317,6,92,6,4,5,70,98.32,Placed
5318,8,89,9,11,16,55,100.0,Placed
5319,8,47,7,2,3,35,69.52,Not Placed
5320,11,66,6,9,6,61,93.91,Placed
5321,9,54,7,1,16,85,100.0,Placed
5322,7,84,8,8,17,45,100.0,Placed
5323,2,52,9,6,5,90,91.24,Placed
5324,8,55,4,10,9,72,90.71,Placed
5325,7,61,4,7,17,85,100.0,Placed
5326,8,59,8,5,6,48,75.42,Placed
5327,3,52,8,6,13,62,73.53,Placed
5328,7,59,9,6,13,89,100.0,Placed
5329,10,41,9,9,9,61,90.7,Placed
5330,9,74,5,10,8,56,96.24,Placed
5331,3,86,6,4,9,55,64.11,Not Placed
5332,10,94,6,11,1,90,91.61,Placed
5333,6,58,6,5,2,58,67.3,Not Placed
5334,2,84,7,4,15,53,70.37,Placed
5335,2,76,5,1,9,58,86.31,Placed
5336,5,97,6,10,10,60,99.49,Placed
5337,5,93,7,6,9,59,74.86,Placed
5338,7,45,7,5,11,79,100.0,Placed
5339,2,53,4,4,13,78,73.76,Placed
5340,11,43,7,6,8,63,100.0,Placed
5341,7,61,8,5,12,44,97.24,Placed
5342,5,90,9,3,5,85,82.29,Placed
5343,6,94,7,2,10,45,100.0,Placed
5344,8,78,8,6,0,58,92.61,Placed
5345,10,75,8,4,14,58,100.0,Placed
5346,4,73,4,11,6,46,41.56,Not Placed
5347,7,66,4,10,10,41,74.86,Placed
5348,6,46,7,3,16,74,100.0,Placed
5349,10,42,4,8,4,51,81.76,Placed
5350,2,86,4,9,8,69,79.14,Placed
5351,8,72,9,7,15,40,100.0,Placed
5352,10,41,6,2,10,46,75.81,Placed
5353,9,81,7,8,16,49,100.0,Placed
5354,5,55,7,11,5,66,66.39,Not Placed
5355,10,64,7,11,14,57,100.0,Placed
5356,4,99,4,5,2,41,82.64,Placed
5357,6,54,9,11,8,93,94.11,Placed
5358,8,63,4,10,11,72,88.7,Placed
5359,11,54,8,7,18,65,100.0,Placed
5360,3,70,5,5,17,63,74.38,Placed
5361,10,53,5,2,15,78,100.0,Placed
5362,11,93,5,4,7,62,100.0,Placed
5363,11,53,6,11,18,46,100.0,Placed
5364,1,45,4,5,4,61,46.82,Not Placed
5365,4,53,8,6,11,38,72.11,Placed
5366,4,56,8,5,5,55,79.22,Placed
5367,1,57,5,10,11,43,45.78,Not Placed
5368,9,59,9,11,14,83,100.0,Placed
5369,3,90,6,1,9,68,85.61,Placed
5370,5,56,6,1,16,71,100.0,Placed
5371,6,55,5,3,6,55,83.91,Placed
5372,8,79,5,9,6,94,100.0,Placed
5373,6,78,4,11,20,57,88.91,Placed
5374,3,91,9,2,10,58,100.0,Placed
5375,6,71,6,10,1,44,63.29,Not Placed
5376,1,99,8,5,20,72,97.43,Placed
5377,4,83,5,9,1,40,73.51,Placed
5378,6,48,4,7,13,55,58.38,Not Placed
5379,7,66,8,11,17,71,100.0,Placed
5380,11,85,6,8,15,63,100.0,Placed
5381,11,91,5,2,10,93,100.0,Placed
5382,10,72,9,5,8,74,100.0,Placed
5383,3,49,5,9,6,55,45.74,Not Placed
5384,9,56,9,1,3,56,100.0,Placed
5385,7,88,4,1,15,69,100.0,Placed
5386,1,88,4,10,13,80,76.67,Placed
5387,2,75,6,8,10,39,69.86,Not Placed
5388,1,56,9,2,7,49,50.43,Not Placed
5389,11,57,5,9,10,75,89.93,Placed
5390,9,91,4,10,19,81,100.0,Placed
5391,9,62,5,9,16,53,95.15,Placed
5392,7,73,6,4,18,50,94.18,Placed
5393,10,47,9,2,9,74,100.0,Placed
5394,3,52,5,3,11,81,81.67,Placed
5395,5,62,8,10,0,77,64.3,Not Placed
5396,4,96,5,1,1,57,79.49,Placed
5397,7,93,7,3,17,38,97.06,Placed
5398,9,59,7,5,6,55,99.89,Placed
5399,2,61,6,3,15,58,78.43,Placed
5400,8,86,6,3,12,76,100.0,Placed
5401,9,91,6,10,3,89,90.36,Placed
5402,10,62,8,6,9,60,98.99,Placed
5403,10,80,9,3,8,76,100.0,Placed
5404,9,74,8,3,17,36,99.99,Placed
5405,10,42,5,9,8,74,93.73,Placed
5406,7,73,4,2,9,42,66.02,Not Placed
5407,9,72,9,1,7,43,91.39,Placed
5408,9,85,7,10,10,36,83.56,Placed
5409,3,56,7,8,12,48,68.69,Not Placed
5410,4,84,7,3,12,54,100.0,Placed
5411,2,58,5,7,15,36,61.18,Not Placed
5412,10,69,5,2,12,38,98.26,Placed
5413,3,62,6,11,11,69,65.46,Not Placed
5414,11,54,4,11,14,89,100.0,Placed
5415,11,98,6,8,15,48,100.0,Placed
5416,5,96,5,9,7,55,82.26,Placed
5417,5,53,8,8,5,82,79.36,Placed
5418,6,41,6,8,7,49,84.83,Placed
5419,7,78,9,8,1,73,62.75,Not Placed
5420,7,88,5,7,17,84,100.0,Placed
5421,1,57,5,2,10,54,49.57,Not Placed
5422,2,45,8,8,16,40,69.23,Not Placed
5423,9,98,8,5,9,62,100.0,Placed
5424,10,71,8,6,1,87,88.54,Placed
5425,2,60,4,4,18,82,100.0,Placed
5426,6,79,9,1,19,77,100.0,Placed
5427,11,67,5,5,19,36,100.0,Placed
5428,11,66,8,3,19,62,100.0,Placed
5429,1,41,4,9,1,89,55.83,Not Placed
5430,3,72,7,4,5,68,100.0,Placed
5431,2,55,9,10,16,48,71.78,Placed
5432,3,78,7,2,11,43,89.16,Placed
5433,5,61,7,4,4,57,77.5,Placed
5434,11,95,5,3,1,78,100.0,Placed
5435,10,82,4,3,8,69,100.0,Placed
5436,6,86,4,5,1,56,68.11,Not Placed
5437,9,52,7,1,19,39,100.0,Placed
5438,11,95,9,5,13,94,100.0,Placed
5439,10,41,6,8,14,75,85.67,Placed
5440,4,53,7,10,1,63,61.67,Not Placed
5441,7,95,5,9,17,69,100.0,Placed
5442,6,77,7,1,11,84,100.0,Placed
5443,2,80,9,2,6,68,67.12,Not Placed
5444,10,67,9,2,15,38,100.0,Placed
5445,11,46,7,6,18,79,96.27,Placed
5446,11,57,4,1,2,83,100.0,Placed
5447,11,95,7,11,14,43,100.0,Placed
5448,8,80,8,1,14,85,100.0,Placed
5449,7,94,8,2,6,48,100.0,Placed
5450,7,75,6,4,7,79,88.02,Placed
5451,8,80,5,2,6,39,100.0,Placed
5452,11,75,5,4,2,84,99.32,Placed
5453,1,83,4,3,18,90,100.0,Placed
5454,1,43,5,3,18,81,100.0,Placed
5455,8,96,6,9,17,61,100.0,Placed
5456,4,69,8,8,6,45,62.9,Not Placed
5457,5,63,4,10,18,64,95.44,Placed
5458,8,59,9,9,4,85,91.17,Placed
5459,5,85,8,1,12,71,98.07,Placed
5460,10,95,6,5,1,73,100.0,Placed
5461,4,70,4,4,17,68,100.0,Placed
5462,6,63,7,11,3,85,81.9,Placed
5463,5,46,5,9,3,58,61.36,Not Placed
5464,7,65,6,3,7,50,88.07,Placed
5465,10,52,4,5,10,92,100.0,Placed
5466,7,93,8,8,0,64,85.13,Placed
5467,4,47,4,10,8,58,47.74,Not Placed
5468,5,94,7,5,5,37,71.19,Placed
5469,3,44,6,9,3,63,56.02,Not Placed
5470,4,83,4,2,5,76,100.0,Placed
5471,4,52,9,6,12,46,67.36,Not Placed
5472,3,68,6,5,8,89,81.05,Placed
5473,10,59,6,9,13,61,89.86,Placed
5474,5,53,8,7,11,63,64.42,Not Placed
5475,5,71,5,8,3,36,74.45,Placed
5476,11,99,9,7,7,91,100.0,Placed
5477,7,89,7,10,16,95,100.0,Placed
5478,4,66,4,10,4,63,44.18,Not Placed
5479,4,95,5,5,2,74,87.42,Placed
5480,9,64,8,11,3,91,100.0,Placed
5481,6,91,5,5,7,43,92.59,Placed
5482,4,43,6,11,15,89,91.45,Placed
5483,2,60,6,4,10,86,74.91,Placed
5484,6,57,7,2,1,78,99.98,Placed
5485,2,78,9,9,7,62,67.46,Not Placed
5486,5,54,4,10,6,71,74.64,Placed
5487,6,92,4,10,0,57,60.01,Not Placed
5488,4,77,8,10,1,47,62.44,Not Placed
5489,3,87,7,10,12,39,83.47,Placed
5490,7,91,4,3,10,66,100.0,Placed
5491,2,63,9,11,2,62,59.67,Not Placed
5492,11,47,6,11,1,92,100.0,Placed
5493,6,67,7,3,15,49,94.5,Placed
5494,4,60,5,3,0,58,75.06,Placed
5495,6,55,7,8,6,66,74.67,Placed
5496,4,99,7,6,2,55,65.05,Not Placed
5497,4,93,9,1,15,39,96.81,Placed
5498,4,55,9,3,5,71,65.99,Not Placed
5499,9,74,4,4,13,70,100.0,Placed
5500,7,56,8,2,10,93,100.0,Placed
5501,3,48,8,6,20,62,96.17,Placed
5502,3,96,9,10,18,66,100.0,Placed
5503,6,74,4,1,0,93,87.22,Placed
5504,6,91,4,1,20,94,100.0,Placed
5505,4,68,4,8,12,57,86.9,Placed
5506,9,78,9,4,19,50,100.0,Placed
5507,4,57,8,1,8,84,100.0,Placed
5508,9,51,4,7,10,44,60.92,Not Placed
5509,4,58,9,9,0,63,76.5,Placed
5510,2,87,5,10,12,86,91.47,Placed
5511,2,61,5,7,19,61,100.0,Placed
5512,5,98,6,1,0,69,82.54,Placed
5513,4,95,5,1,2,76,83.68,Placed
5514,7,88,7,1,19,79,100.0,Placed
5515,11,91,6,8,16,58,96.73,Placed
5516,5,54,5,7,4,57,39.22,Not Placed
5517,6,40,7,3,5,37,71.83,Placed
5518,10,41,5,3,16,70,99.11,Placed
5519,4,47,9,3,9,79,76.22,Placed
5520,2,61,7,2,10,48,77.52,Placed
5521,10,64,4,4,12,38,79.72,Placed
5522,9,41,9,7,9,78,100.0,Placed
5523,10,90,7,9,13,82,100.0,Placed
5524,7,48,9,3,12,76,96.12,Placed
5525,4,48,4,10,3,89,70.1,Placed
5526,3,52,7,7,19,66,75.73,Placed
5527,10,45,7,4,16,90,100.0,Placed
5528,3,69,9,1,17,54,95.55,Placed
5529,9,54,5,5,10,90,100.0,Placed
5530,5,90,7,8,9,51,91.63,Placed
5531,3,92,5,3,20,63,100.0,Placed
5532,5,54,7,10,17,91,94.86,Placed
5533,2,89,8,4,18,73,100.0,Placed
5534,11,46,6,3,8,66,100.0,Placed
5535,4,97,5,10,4,38,78.97,Placed
5536,10,50,5,8,0,58,73.91,Placed
5537,2,79,4,10,4,78,72.42,Placed
5538,2,77,8,8,2,76,76.61,Placed
5539,8,79,4,4,0,36,77.57,Placed
5540,1,41,8,11,18,48,43.18,Not Placed
5541,7,90,8,2,5,74,100.0,Placed
5542,5,87,9,3,9,76,100.0,Placed
5543,11,78,9,3,4,72,100.0,Placed
5544,8,49,9,4,11,89,100.0,Placed
5545,1,83,7,11,11,89,98.28,Placed
5546,11,56,4,2,16,68,100.0,Placed
5547,7,46,6,2,1,80,89.76,Placed
5548,5,93,8,3,20,77,100.0,Placed
5549,4,79,8,1,13,36,85.26,Placed
5550,7,78,5,8,11,70,96.98,Placed
5551,10,43,7,6,12,40,84.89,Placed
5552,2,74,6,3,4,70,66.0,Not Placed
5553,1,90,9,1,4,56,81.56,Placed
5554,1,86,8,3,16,39,92.26,Placed
5555,11,75,5,1,4,72,95.53,Placed
5556,1,70,4,3,18,75,100.0,Placed
5557,5,64,8,4,3,88,81.45,Placed
5558,10,80,5,6,6,56,87.85,Placed
5559,7,52,4,7,16,82,100.0,Placed
5560,2,57,7,7,10,45,70.59,Placed
5561,10,60,9,9,5,77,100.0,Placed
5562,8,87,4,8,12,90,100.0,Placed
5563,4,40,8,4,11,65,86.22,Placed
5564,3,75,6,6,4,87,100.0,Placed
5565,10,89,4,11,9,87,100.0,Placed
5566,11,47,6,1,10,76,100.0,Placed
5567,8,91,6,8,8,63,91.16,Placed
5568,2,87,4,6,12,93,79.65,Placed
5569,11,60,7,2,2,67,100.0,Placed
5570,11,82,4,8,16,56,100.0,Placed
5571,3,91,5,4,17,83,100.0,Placed
5572,3,92,9,9,4,61,76.48,Placed
5573,10,92,6,4,15,42,100.0,Placed
5574,11,60,9,1,15,92,100.0,Placed
5575,1,66,8,7,10,82,80.95,Placed
5576,6,58,6,10,3,91,83.26,Placed
5577,2,62,8,5,8,40,79.12,Placed
5578,1,90,5,10,14,80,89.36,Placed
5579,2,89,5,11,11,59,74.26,Placed
5580,6,90,9,5,15,68,100.0,Placed
5581,4,82,5,4,3,43,58.87,Not Placed
5582,6,74,4,6,2,70,77.87,Placed
5583,9,79,6,1,20,65,100.0,Placed
5584,10,91,8,3,3,53,100.0,Placed
5585,10,90,9,11,1,83,95.93,Placed
5586,8,81,9,7,18,35,100.0,Placed
5587,1,87,5,11,6,58,56.37,Not Placed
5588,8,44,5,8,1,68,84.66,Placed
5589,9,91,8,9,0,51,85.78,Placed
5590,6,80,6,1,17,68,100.0,Placed
5591,10,47,6,4,7,69,100.0,Placed
5592,5,50,9,2,7,70,90.23,Placed
5593,6,55,8,2,9,47,83.81,Placed
5594,6,78,9,1,17,93,100.0,Placed
5595,9,86,7,5,10,59,100.0,Placed
5596,4,63,6,2,0,89,100.0,Placed
5597,2,100,8,4,6,46,82.09,Placed
5598,11,60,8,9,7,55,100.0,Placed
5599,11,91,9,11,13,71,100.0,Placed
5600,9,62,5,3,18,80,100.0,Placed
5601,2,88,8,8,7,72,75.91,Placed
5602,10,77,9,10,18,35,100.0,Placed
5603,9,86,4,6,3,82,95.67,Placed
5604,2,47,5,10,9,40,56.2,Not Placed
5605,8,46,5,5,9,79,90.58,Placed
5606,9,41,6,2,3,79,100.0,Placed
5607,10,69,7,11,7,45,100.0,Placed
5608,9,52,6,3,6,50,71.7,Placed
5609,10,62,4,8,14,56,100.0,Placed
5610,9,68,9,9,7,80,95.01,Placed
5611,2,77,5,11,9,45,56.78,Not Placed
5612,4,100,5,11,6,71,81.7,Placed
5613,7,76,8,7,18,60,88.56,Placed
5614,2,59,7,1,2,91,71.04,Placed
5615,1,72,7,6,8,60,70.1,Placed
5616,3,68,8,7,15,76,80.69,Placed
5617,4,89,4,6,13,55,72.36,Placed
5618,8,54,7,10,6,91,100.0,Placed
5619,6,62,5,11,11,60,81.23,Placed
5620,11,81,4,2,0,49,100.0,Placed
5621,2,42,6,9,15,73,92.79,Placed
5622,9,76,6,3,2,69,100.0,Placed
5623,2,95,4,6,0,45,50.3,Not Placed
5624,5,68,5,6,5,43,61.96,Not Placed
5625,4,84,6,8,1,76,80.86,Placed
5626,7,47,9,4,6,57,94.06,Placed
5627,8,61,5,6,7,38,81.45,Placed
5628,5,92,8,1,12,64,100.0,Placed
5629,10,68,7,9,15,62,100.0,Placed
5630,5,41,4,9,20,59,83.24,Placed
5631,2,80,7,7,9,56,69.29,Not Placed
5632,8,88,8,11,3,59,80.64,Placed
5633,2,98,6,1,20,86,100.0,Placed
5634,10,89,9,3,12,60,100.0,Placed
5635,6,84,5,5,16,84,100.0,Placed
5636,8,40,5,4,7,63,85.25,Placed
5637,6,83,8,5,7,80,97.2,Placed
5638,4,59,4,7,6,75,69.71,Not Placed
5639,4,91,7,9,0,66,54.75,Not Placed
5640,6,60,9,1,14,60,98.49,Placed
5641,4,76,6,5,14,62,98.2,Placed
5642,8,47,4,3,18,54,87.55,Placed
5643,9,66,9,3,3,82,91.86,Placed
5644,1,86,9,11,5,93,67.03,Not Placed
5645,4,98,8,2,9,36,81.97,Placed
5646,4,74,8,6,11,57,85.67,Placed
5647,2,45,5,6,3,73,60.32,Not Placed
5648,6,99,6,3,5,39,92.25,Placed
5649,3,84,4,1,13,55,83.06,Placed
5650,7,83,5,7,12,90,100.0,Placed
5651,11,58,6,2,20,56,100.0,Placed
5652,11,100,7,8,2,83,100.0,Placed
5653,5,57,7,3,20,45,99.09,Placed
5654,4,95,5,1,14,64,79.83,Placed
5655,5,40,4,10,2,62,56.88,Not Placed
5656,8,64,6,9,4,70,100.0,Placed
5657,3,66,7,5,12,51,98.7,Placed
5658,7,46,7,1,14,55,97.42,Placed
5659,6,83,4,10,16,71,100.0,Placed
5660,1,81,5,11,5,70,49.49,Not Placed
5661,7,68,8,6,17,59,93.52,Placed
5662,7,70,9,10,2,58,79.31,Placed
5663,1,83,6,3,8,64,70.02,Placed
5664,9,82,7,11,7,76,100.0,Placed
5665,6,75,9,4,19,69,100.0,Placed
5666,2,58,9,8,10,55,76.72,Placed
5667,5,45,8,5,10,40,84.7,Placed
5668,11,64,9,6,7,55,100.0,Placed
5669,4,70,4,10,0,42,61.08,Not Placed
5670,7,48,5,4,1,39,74.99,Placed
5671,8,59,6,6,19,74,100.0,Placed
5672,11,49,4,3,3,44,64.73,Not Placed
5673,11,76,5,10,1,65,80.09,Placed
5674,1,66,4,1,1,92,74.79,Placed
5675,5,52,7,6,12,64,87.67,Placed
5676,3,80,7,1,20,85,100.0,Placed
5677,1,41,8,10,19,55,55.04,Not Placed
5678,3,89,4,3,5,70,87.52,Placed
5679,6,60,9,8,3,95,92.73,Placed
5680,7,72,7,7,14,61,92.55,Placed
5681,8,63,5,8,2,72,100.0,Placed
5682,11,92,8,10,3,69,96.76,Placed
5683,4,83,9,10,16,94,100.0,Placed
5684,3,81,6,2,5,66,92.29,Placed
5685,5,73,4,10,1,60,55.04,Not Placed
5686,9,99,7,7,19,38,96.65,Placed
5687,6,48,9,4,12,61,100.0,Placed
5688,9,41,5,1,14,70,100.0,Placed
5689,6,94,4,11,4,71,76.34,Placed
5690,2,95,5,3,18,61,78.53,Placed
5691,5,69,8,5,5,81,93.07,Placed
5692,11,61,7,10,16,82,100.0,Placed
5693,9,85,7,8,0,40,63.28,Not Placed
5694,8,50,8,2,1,52,88.7,Placed
5695,7,94,5,2,0,60,80.66,Placed
5696,1,82,4,8,7,78,74.82,Placed
5697,4,56,5,9,3,58,82.7,Placed
5698,7,75,4,10,17,86,100.0,Placed
5699,11,52,9,1,8,41,100.0,Placed
5700,7,46,8,2,14,89,100.0,Placed
5701,6,55,6,4,15,78,100.0,Placed
5702,8,72,4,3,20,48,95.55,Placed
5703,11,84,7,1,2,47,100.0,Placed
5704,6,40,9,4,0,60,67.55,Not Placed
5705,10,50,7,11,12,77,100.0,Placed
5706,3,45,9,11,13,77,73.25,Placed
5707,4,59,7,2,5,36,71.75,Placed
5708,3,74,5,10,4,80,62.38,Not Placed
5709,1,83,5,5,4,81,75.12,Placed
5710,10,76,5,1,3,57,100.0,Placed
5711,5,80,9,8,20,62,100.0,Placed
5712,1,65,9,10,11,35,45.92,Not Placed
5713,1,97,7,2,13,66,84.56,Placed
5714,2,51,4,11,13,46,55.14,Not Placed
5715,4,69,9,3,10,80,84.93,Placed
5716,6,67,7,3,9,84,100.0,Placed
5717,8,66,4,4,9,87,100.0,Placed
5718,3,81,5,7,8,90,90.95,Placed
5719,1,58,9,9,1,94,55.35,Not Placed
5720,3,44,6,3,13,89,100.0,Placed
5721,3,97,5,1,6,69,81.27,Placed
5722,5,44,8,11,16,95,100.0,Placed
5723,11,80,4,10,19,60,100.0,Placed
5724,4,66,6,1,7,65,85.2,Placed
5725,4,67,5,11,19,91,100.0,Placed
5726,9,65,9,6,3,46,78.49,Placed
5727,7,66,6,5,4,63,80.31,Placed
5728,4,91,7,10,12,39,80.56,Placed
5729,3,88,4,7,6,69,57.34,Not Placed
5730,6,81,8,7,5,41,88.03,Placed
5731,3,60,7,3,16,50,77.16,Placed
5732,6,40,6,7,5,66,73.99,Placed
5733,11,93,5,9,18,86,100.0,Placed
5734,11,67,4,8,2,51,74.49,Placed
5735,9,87,9,3,8,55,100.0,Placed
5736,6,97,8,10,20,61,100.0,Placed
5737,4,97,5,5,14,74,90.14,Placed
5738,5,54,8,8,7,81,94.64,Placed
5739,6,94,9,2,14,94,100.0,Placed
5740,11,56,4,7,0,86,100.0,Placed
5741,3,65,6,11,7,49,58.69,Not Placed
5742,8,59,8,10,3,57,83.37,Placed
5743,4,64,4,10,9,42,76.79,Placed
5744,8,52,8,7,15,59,100.0,Placed
5745,10,72,5,11,17,45,100.0,Placed
5746,10,64,8,8,3,91,94.77,Placed
5747,3,47,5,1,7,55,85.76,Placed
5748,10,44,5,8,3,88,94.48,Placed
5749,7,45,4,1,9,89,91.94,Placed
5750,11,62,7,3,19,44,100.0,Placed
5751,9,91,9,9,3,84,87.54,Placed
5752,4,69,8,4,15,43,94.54,Placed
5753,8,53,6,10,11,82,100.0,Placed
5754,3,93,5,9,9,35,70.11,Placed
5755,7,62,7,1,10,56,100.0,Placed
5756,3,50,5,8,1,40,47.71,Not Placed
5757,7,70,7,3,15,64,100.0,Placed
5758,11,45,7,11,18,89,100.0,Placed
5759,10,50,6,7,11,68,100.0,Placed
5760,10,52,7,2,3,47,87.22,Placed
5761,11,51,6,7,16,56,100.0,Placed
5762,11,93,4,7,11,40,99.39,Placed
5763,6,41,5,9,15,75,91.13,Placed
5764,2,92,6,2,2,80,80.01,Placed
5765,11,74,9,8,1,58,90.29,Placed
5766,3,94,5,5,6,55,80.84,Placed
5767,6,75,9,10,5,73,71.42,Placed
5768,4,56,8,9,0,57,49.84,Not Placed
5769,6,67,9,8,14,39,96.23,Placed
5770,1,67,4,3,11,41,54.74,Not Placed
5771,10,61,8,3,12,37,100.0,Placed
5772,1,77,8,11,7,89,98.96,Placed
5773,3,46,7,10,8,47,37.72,Not Placed
5774,8,54,9,8,0,88,94.71,Placed
5775,8,71,7,9,4,46,99.38,Placed
5776,11,50,9,2,6,40,100.0,Placed
5777,4,63,8,3,17,68,100.0,Placed
5778,6,42,7,8,7,49,67.09,Not Placed
5779,8,69,5,2,9,81,98.26,Placed
5780,7,45,9,8,7,52,60.52,Not Placed
5781,11,97,9,5,11,89,100.0,Placed
5782,7,41,7,6,15,83,100.0,Placed
5783,4,100,9,10,11,91,100.0,Placed
5784,9,53,8,4,2,37,90.19,Placed
5785,10,80,7,3,17,56,100.0,Placed
5786,6,57,7,8,4,69,81.3,Placed
5787,11,90,6,9,13,62,100.0,Placed
5788,3,83,6,8,19,75,97.22,Placed
5789,5,70,8,9,20,76,99.05,Placed
5790,5,52,5,1,15,46,94.67,Placed
5791,5,65,9,5,5,89,92.99,Placed
5792,8,83,4,7,15,35,95.65,Placed
5793,9,51,9,8,19,70,100.0,Placed
5794,9,57,4,11,13,64,100.0,Placed
5795,6,48,8,2,19,87,100.0,Placed
5796,6,88,5,11,4,89,73.57,Placed
5797,9,60,5,4,13,57,100.0,Placed
5798,4,87,5,7,10,71,57.87,Not Placed
5799,6,88,6,5,20,62,100.0,Placed
5800,4,92,8,1,8,83,84.79,Placed
5801,11,95,4,2,19,87,100.0,Placed
5802,1,79,5,5,6,39,51.3,Not Placed
5803,7,82,8,6,4,70,96.89,Placed
5804,10,63,9,1,14,95,100.0,Placed
5805,11,73,4,3,12,88,100.0,Placed
5806,6,47,6,6,11,81,98.2,Placed
5807,9,83,7,6,14,90,100.0,Placed
5808,7,92,4,7,18,44,85.69,Placed
5809,7,72,9,10,18,39,96.88,Placed
5810,2,62,4,3,9,48,69.97,Not Placed
5811,11,52,4,1,16,58,100.0,Placed
5812,9,93,7,7,15,62,100.0,Placed
5813,10,92,5,11,4,55,84.85,Placed
5814,9,88,9,3,3,79,100.0,Placed
5815,6,53,7,5,9,85,100.0,Placed
5816,3,53,4,4,20,74,69.64,Not Placed
5817,1,55,9,1,5,46,50.69,Not Placed
5818,4,88,6,7,10,54,61.64,Not Placed
5819,3,77,4,4,10,85,73.39,Placed
5820,1,97,6,1,15,66,81.03,Placed
5821,3,99,8,11,13,85,100.0,Placed
5822,4,78,6,6,18,72,100.0,Placed
5823,8,65,4,4,3,74,80.3,Placed
5824,9,65,7,4,4,76,93.17,Placed
5825,3,40,4,2,18,55,72.54,Placed
5826,6,71,4,1,16,51,87.55,Placed
5827,10,96,8,3,17,35,100.0,Placed
5828,11,54,5,10,7,85,94.36,Placed
5829,5,91,4,5,3,78,82.58,Placed
5830,6,60,8,9,17,62,84.36,Placed
5831,4,57,7,7,10,88,88.23,Placed
5832,10,69,8,4,13,36,100.0,Placed
5833,6,99,8,8,12,51,88.17,Placed
5834,7,97,6,4,15,73,100.0,Placed
5835,9,52,5,6,11,48,88.21,Placed
5836,10,63,5,1,8,48,100.0,Placed
5837,7,69,9,6,6,78,100.0,Placed
5838,6,41,7,10,9,82,83.58,Placed
5839,1,58,9,5,16,52,81.04,Placed
5840,2,86,8,2,17,74,100.0,Placed
5841,1,83,7,1,6,68,90.08,Placed
5842,9,86,7,6,2,77,100.0,Placed
5843,10,64,5,11,14,35,99.12,Placed
5844,10,89,5,2,15,76,100.0,Placed
5845,9,53,5,9,20,52,100.0,Placed
5846,7,45,4,9,16,82,96.83,Placed
5847,2,51,8,1,12,68,75.68,Placed
5848,6,59,7,5,2,57,70.18,Placed
5849,11,62,8,8,19,83,100.0,Placed
5850,4,69,7,4,19,50,89.32,Placed
5851,1,69,7,3,4,53,48.76,Not Placed
5852,1,77,9,5,8,71,77.49,Placed
5853,5,97,7,5,17,94,100.0,Placed
5854,2,69,7,8,10,89,100.0,Placed
5855,4,80,6,6,10,40,70.14,Placed
5856,1,69,6,2,15,58,79.72,Placed
5857,4,96,9,11,7,51,92.43,Placed
5858,11,97,4,1,1,82,100.0,Placed
5859,6,75,5,3,20,50,100.0,Placed
5860,10,88,7,2,9,73,100.0,Placed
5861,4,73,8,4,5,82,95.85,Placed
5862,1,55,6,3,3,75,62.99,Not Placed
5863,7,63,5,9,20,89,100.0,Placed
5864,2,53,4,5,4,40,49.82,Not Placed
5865,9,65,5,4,10,50,100.0,Placed
5866,3,47,7,10,11,43,82.02,Placed
5867,8,53,5,9,15,63,81.41,Placed
5868,8,70,7,4,19,38,100.0,Placed
5869,3,41,9,6,20,94,100.0,Placed
5870,4,87,6,10,13,60,94.57,Placed
5871,2,43,6,1,13,88,87.92,Placed
5872,4,40,7,2,19,72,97.12,Placed
5873,11,94,8,4,19,60,100.0,Placed
5874,11,59,6,9,14,48,95.17,Placed
5875,11,98,8,6,7,69,100.0,Placed
5876,9,53,7,6,4,89,100.0,Placed
5877,2,79,9,11,8,83,85.54,Placed
5878,3,64,7,9,20,77,92.11,Placed
5879,11,99,9,4,15,58,100.0,Placed
5880,11,64,6,3,2,42,98.2,Placed
5881,4,42,8,7,11,74,89.68,Placed
5882,5,44,7,7,6,59,77.35,Placed
5883,1,77,6,9,16,38,68.41,Not Placed
5884,7,93,9,6,14,49,100.0,Placed
5885,10,65,7,2,14,50,100.0,Placed
5886,7,79,9,6,11,88,100.0,Placed
5887,9,77,5,8,20,45,100.0,Placed
5888,4,77,9,6,1,62,61.56,Not Placed
5889,6,43,5,9,7,41,44.67,Not Placed
5890,11,46,6,4,4,84,100.0,Placed
5891,2,69,7,3,2,72,79.18,Placed
5892,4,69,6,11,0,58,71.67,Placed
5893,2,95,4,5,15,65,70.81,Placed
5894,10,58,9,3,9,38,100.0,Placed
5895,5,78,6,11,9,71,81.26,Placed
5896,7,74,6,2,10,90,100.0,Placed
5897,1,79,5,2,11,69,84.8,Placed
5898,10,72,9,4,7,40,100.0,Placed
5899,10,72,5,3,4,80,100.0,Placed
5900,7,53,7,9,8,67,77.08,Placed
5901,10,77,6,7,10,86,100.0,Placed
5902,6,49,9,6,14,66,87.99,Placed
5903,6,96,6,10,16,80,100.0,Placed
5904,8,67,7,8,10,72,100.0,Placed
5905,8,53,8,9,12,69,86.09,Placed
5906,6,75,7,3,16,51,100.0,Placed
5907,3,77,5,10,6,88,89.11,Placed
5908,5,55,5,7,8,66,72.25,Placed
5909,2,99,6,9,17,48,81.09,Placed
5910,5,60,5,1,17,53,93.86,Placed
5911,9,67,9,10,9,58,79.12,Placed
5912,10,72,7,9,11,73,95.78,Placed
5913,1,45,6,7,17,45,71.81,Placed
5914,10,80,7,10,20,41,100.0,Placed
5915,5,54,7,4,8,79,85.39,Placed
5916,6,83,6,11,8,94,92.93,Placed
5917,11,42,8,6,9,58,100.0,Placed
5918,7,82,5,11,0,89,66.17,Not Placed
5919,9,86,4,11,10,87,100.0,Placed
5920,6,74,4,6,13,92,100.0,Placed
5921,5,53,4,6,9,58,69.41,Not Placed
5922,7,41,5,2,13,48,90.42,Placed
5923,1,68,8,5,18,58,98.4,Placed
5924,11,43,7,7,9,45,83.53,Placed
5925,5,65,6,6,16,42,97.94,Placed
5926,2,90,8,3,1,78,79.96,Placed
5927,4,51,4,11,13,49,72.02,Placed
5928,7,41,9,5,17,76,100.0,Placed
5929,5,56,5,8,1,88,75.57,Placed
5930,6,74,5,11,19,36,96.83,Placed
5931,2,49,6,5,18,58,74.66,Placed
5932,3,87,9,10,7,79,85.97,Placed
5933,7,61,7,3,5,44,74.09,Placed
5934,11,80,8,9,19,66,100.0,Placed
5935,2,82,9,11,6,51,68.71,Not Placed
5936,6,60,8,3,12,91,100.0,Placed
5937,5,54,8,2,1,91,74.83,Placed
5938,10,74,7,6,6,88,100.0,Placed
5939,1,87,7,8,0,44,63.83,Not Placed
5940,11,60,7,6,5,56,100.0,Placed
5941,10,60,6,1,15,40,100.0,Placed
5942,11,60,5,8,7,61,86.77,Placed
5943,4,99,4,1,12,54,98.79,Placed
5944,11,83,7,9,17,35,100.0,Placed
5945,2,71,5,8,13,51,69.59,Not Placed
5946,4,94,7,6,17,35,87.64,Placed
5947,1,44,4,2,3,71,59.07,Not Placed
5948,2,78,9,9,14,95,100.0,Placed
5949,8,48,7,8,4,49,72.3,Placed
5950,6,92,5,4,20,89,100.0,Placed
5951,2,57,6,2,13,35,54.3,Not Placed
5952,6,60,9,6,15,51,98.78,Placed
5953,10,47,9,1,14,80,100.0,Placed
5954,9,83,9,7,10,79,100.0,Placed
5955,7,91,4,1,1,94,100.0,Placed
5956,9,73,5,6,17,77,100.0,Placed
5957,5,49,8,5,3,78,91.81,Placed
5958,7,90,8,10,14,72,96.13,Placed
5959,11,80,8,3,11,77,100.0,Placed
5960,7,96,6,6,2,36,91.72,Placed
5961,3,63,7,4,3,52,41.12,Not Placed
5962,7,79,7,6,20,46,100.0,Placed
5963,1,63,7,4,15,63,84.87,Placed
5964,9,95,6,1,5,57,90.37,Placed
5965,10,71,8,5,1,81,100.0,Placed
5966,6,95,9,8,8,43,85.75,Placed
5967,5,72,7,6,11,42,72.24,Placed
5968,7,77,9,10,11,84,100.0,Placed
5969,5,83,9,9,13,50,100.0,Placed
5970,10,96,6,4,16,57,100.0,Placed
5971,5,95,6,10,8,87,89.36,Placed
5972,11,90,5,9,11,63,100.0,Placed
5973,10,98,7,8,9,93,100.0,Placed
5974,11,88,8,3,10,44,100.0,Placed
5975,7,73,4,6,1,46,68.41,Not Placed
5976,10,50,6,4,15,95,100.0,Placed
5977,7,70,9,1,0,86,100.0,Placed
5978,11,57,5,9,0,46,87.09,Placed
5979,3,62,4,4,1,64,71.93,Placed
5980,3,99,6,11,11,44,68.86,Not Placed
5981,10,61,5,5,19,48,100.0,Placed
5982,3,82,9,3,17,38,100.0,Placed
5983,6,57,7,4,11,81,100.0,Placed
5984,6,79,5,9,0,54,70.42,Placed
5985,3,86,6,7,10,75,90.58,Placed
5986,3,80,7,8,1,73,88.35,Placed
5987,8,86,9,3,11,41,97.76,Placed
5988,8,78,8,3,1,64,96.48,Placed
5989,7,59,5,7,16,86,98.88,Placed
5990,10,52,4,8,5,75,94.28,Placed
5991,4,84,9,5,15,58,100.0,Placed
5992,4,40,7,1,18,44,88.56,Placed
5993,3,91,9,3,5,86,100.0,Placed
5994,5,43,7,5,6,79,76.35,Placed
5995,3,63,9,3,18,72,100.0,Placed
5996,8,75,8,1,19,70,100.0,Placed
5997,7,75,5,7,16,51,92.72,Placed
5998,3,84,4,1,5,55,68.83,Not Placed
5999,9,41,8,10,14,92,100.0,Placed
6000,5,67,5,6,8,80,72.44,Placed
6001,9,65,4,6,1,93,100.0,Placed
6002,7,62,9,7,4,37,78.61,Placed
6003,7,54,4,11,20,35,66.11,Not Placed
6004,6,75,6,1,4,52,79.84,Placed
6005,2,66,4,11,11,36,66.62,Not Placed
6006,9,45,5,3,9,74,95.72,Placed
6007,6,74,8,9,3,82,100.0,Placed
6008,8,78,8,2,11,38,97.97,Placed
6009,1,77,6,5,14,66,66.02,Not Placed
6010,5,74,5,3,9,53,62.11,Not Placed
6011,1,75,4,5,17,54,96.59,Placed
6012,10,49,6,7,4,76,86.49,Placed
6013,11,69,9,1,12,83,100.0,Placed
6014,8,92,7,3,3,83,100.0,Placed
6015,8,80,9,11,8,87,100.0,Placed
6016,1,77,5,6,17,41,61.88,Not Placed
6017,9,68,6,7,2,43,92.98,Placed
6018,2,91,8,10,10,41,73.78,Placed
6019,9,98,6,3,3,61,100.0,Placed
6020,1,82,7,4,8,55,51.96,Not Placed
6021,10,78,5,6,11,69,100.0,Placed
6022,9,89,6,5,9,58,100.0,Placed
6023,4,43,9,11,9,66,73.31,Placed
6024,9,44,4,9,8,46,71.56,Placed
6025,7,43,9,1,9,57,79.12,Placed
6026,11,75,5,5,8,70,96.82,Placed
6027,6,98,6,11,0,83,98.39,Placed
6028,5,84,9,1,15,63,100.0,Placed
6029,11,55,6,8,13,37,95.2,Placed
6030,9,64,9,7,12,77,100.0,Placed
6031,2,53,5,5,5,42,62.41,Not Placed
6032,11,50,8,6,13,68,100.0,Placed
6033,2,68,9,4,7,91,80.34,Placed
6034,11,73,4,9,17,48,93.38,Placed
6035,9,61,9,3,19,70,100.0,Placed
6036,3,53,5,2,0,82,80.63,Placed
6037,8,95,9,7,11,80,100.0,Placed
6038,11,63,4,2,10,66,100.0,Placed
6039,9,98,4,6,12,41,98.89,Placed
6040,8,78,5,11,3,44,77.15,Placed
6041,4,65,6,8,5,46,63.24,Not Placed
6042,1,82,9,3,12,89,100.0,Placed
6043,4,75,8,3,12,94,99.36,Placed
6044,9,78,4,3,5,74,100.0,Placed
6045,2,100,4,1,3,57,88.57,Placed
6046,3,55,9,9,20,45,76.41,Placed
6047,10,97,6,5,2,86,92.38,Placed
6048,8,77,9,9,14,47,100.0,Placed
6049,6,98,5,5,10,46,100.0,Placed
6050,8,71,8,7,1,41,72.0,Placed
6051,7,45,9,1,16,87,100.0,Placed
6052,5,73,4,9,1,78,71.94,Placed
6053,9,95,4,1,20,44,100.0,Placed
6054,4,47,5,4,0,41,58.59,Not Placed
6055,6,69,6,7,4,85,74.07,Placed
6056,2,66,9,11,19,92,100.0,Placed
6057,2,46,7,9,16,61,74.51,Placed
6058,2,66,6,1,0,41,37.94,Not Placed
6059,10,64,4,11,6,89,100.0,Placed
6060,7,95,9,6,2,84,100.0,Placed
6061,2,85,4,11,15,58,77.16,Placed
6062,2,80,8,10,15,57,90.18,Placed
6063,9,54,6,11,11,59,66.52,Not Placed
6064,7,64,7,5,8,78,92.16,Placed
6065,11,61,8,3,13,70,100.0,Placed
6066,3,57,7,10,11,91,85.3,Placed
6067,3,51,8,2,15,67,83.79,Placed
6068,7,62,6,1,16,71,100.0,Placed
6069,5,90,4,2,11,76,88.52,Placed
6070,10,84,7,4,3,73,100.0,Placed
6071,6,78,6,6,16,86,100.0,Placed
6072,8,64,7,5,0,95,81.41,Placed
6073,9,49,6,4,20,41,100.0,Placed
6074,1,69,8,8,16,64,90.67,Placed
6075,3,49,6,7,10,94,89.85,Placed
6076,11,73,8,4,18,65,100.0,Placed
6077,7,85,4,10,17,91,100.0,Placed
6078,6,52,8,5,19,79,88.42,Placed
6079,7,93,5,10,1,80,94.54,Placed
6080,8,68,4,5,8,71,99.5,Placed
6081,6,77,9,3,8,55,100.0,Placed
6082,3,80,9,9,11,68,82.55,Placed
6083,2,84,6,11,12,80,62.98,Not Placed
6084,7,48,6,5,15,55,84.91,Placed
6085,11,52,5,10,12,74,100.0,Placed
6086,1,76,6,2,13,54,81.22,Placed
6087,3,53,4,4,6,68,50.01,Not Placed
6088,11,76,4,4,1,42,85.57,Placed
6089,4,48,8,5,11,66,88.96,Placed
6090,1,47,7,8,16,86,79.89,Placed
6091,5,78,6,5,4,64,66.81,Not Placed
6092,10,79,5,1,19,63,100.0,Placed
6093,3,93,9,2,9,39,77.29,Placed
6094,2,42,4,3,17,64,76.44,Placed
6095,3,94,4,3,2,46,68.81,Not Placed
6096,8,95,4,10,12,73,97.14,Placed
6097,6,86,7,6,12,61,100.0,Placed
6098,7,79,7,9,9,87,100.0,Placed
6099,6,72,6,10,1,47,97.05,Placed
6100,6,71,9,1,15,81,100.0,Placed
6101,3,46,5,6,3,44,51.45,Not Placed
6102,8,58,7,9,18,70,89.46,Placed
6103,7,73,8,4,4,65,88.33,Placed
6104,7,53,7,10,6,50,87.69,Placed
6105,6,89,4,3,8,73,73.61,Placed
6106,5,86,5,6,4,79,82.03,Placed
6107,10,85,6,6,7,70,100.0,Placed
6108,8,95,7,2,1,60,81.97,Placed
6109,5,96,4,5,19,78,100.0,Placed
6110,9,58,8,1,19,54,100.0,Placed
6111,9,90,8,9,6,68,98.28,Placed
6112,1,93,6,9,3,71,72.49,Placed
6113,6,98,6,3,20,42,100.0,Placed
6114,7,65,7,5,14,38,96.26,Placed
6115,3,56,6,3,17,93,99.94,Placed
6116,7,93,9,7,1,63,94.55,Placed
6117,11,67,9,1,13,65,100.0,Placed
6118,11,58,4,5,9,36,77.82,Placed
6119,7,66,4,6,4,59,64.22,Not Placed
6120,11,87,4,11,11,72,100.0,Placed
6121,2,91,9,7,9,37,67.75,Not Placed
6122,7,96,7,3,17,95,100.0,Placed
6123,1,58,7,7,5,80,66.18,Not Placed
6124,5,72,6,4,11,76,91.12,Placed
6125,9,90,7,10,0,77,75.8,Placed
6126,7,46,4,11,6,39,54.24,Not Placed
6127,7,68,5,6,11,56,78.51,Placed
6128,11,94,4,5,6,50,100.0,Placed
6129,2,82,9,4,8,43,75.73,Placed
6130,8,44,5,6,19,87,100.0,Placed
6131,3,69,6,3,14,82,95.67,Placed
6132,8,88,8,3,11,43,100.0,Placed
6133,3,82,7,5,12,83,98.95,Placed
6134,10,95,7,11,3,46,95.74,Placed
6135,7,97,9,5,9,81,100.0,Placed
6136,2,47,4,9,2,76,45.59,Not Placed
6137,4,81,4,4,4,38,58.05,Not Placed
6138,11,51,5,5,3,83,100.0,Placed
6139,6,81,7,9,18,52,100.0,Placed
6140,11,52,9,4,14,52,100.0,Placed
6141,9,65,6,3,6,76,100.0,Placed
6142,5,57,4,7,2,77,79.54,Placed
6143,9,81,7,7,15,87,100.0,Placed
6144,5,90,8,8,14,67,100.0,Placed
6145,10,91,9,4,17,76,100.0,Placed
6146,8,88,5,4,2,37,89.04,Placed
6147,1,59,4,9,13,93,76.72,Placed
6148,7,55,4,10,0,72,58.52,Not Placed
6149,4,76,6,7,6,51,66.63,Not Placed
6150,5,42,4,3,1,46,53.27,Not Placed
6151,6,66,9,9,9,45,85.4,Placed
6152,5,54,7,5,15,51,92.38,Placed
6153,1,97,7,4,11,69,100.0,Placed
6154,9,73,7,1,17,75,100.0,Placed
6155,2,84,8,9,5,84,79.0,Placed
6156,9,61,8,6,16,94,100.0,Placed
6157,10,79,4,11,7,40,71.21,Placed
6158,2,62,8,2,20,69,90.75,Placed
6159,9,98,8,7,8,40,100.0,Placed
6160,6,88,6,3,18,66,100.0,Placed
6161,11,43,8,6,1,45,71.36,Placed
6162,9,90,5,8,6,77,100.0,Placed
6163,6,93,5,3,10,73,100.0,Placed
6164,6,96,5,5,12,47,79.65,Placed
6165,11,80,4,6,9,47,100.0,Placed
6166,2,62,7,1,14,73,99.84,Placed
6167,8,86,6,10,20,80,100.0,Placed
6168,3,99,4,7,6,68,72.91,Placed
6169,7,48,7,4,5,37,62.22,Not Placed
6170,5,63,6,10,11,66,77.71,Placed
6171,3,60,6,11,2,38,57.3,Not Placed
6172,1,80,6,7,15,74,66.52,Not Placed
6173,8,85,5,7,19,87,100.0,Placed
6174,3,94,5,11,8,35,65.9,Not Placed
6175,2,92,5,5,9,43,77.4,Placed
6176,1,55,6,8,12,83,80.8,Placed
6177,4,95,9,8,7,84,89.18,Placed
6178,8,94,6,5,5,41,89.07,Placed
6179,3,64,5,5,2,61,58.0,Not Placed
6180,1,65,6,7,11,37,61.08,Not Placed
6181,4,88,5,6,8,56,85.39,Placed
6182,9,84,5,4,8,50,96.67,Placed
6183,1,48,5,2,10,42,58.96,Not Placed
6184,11,54,9,8,5,39,91.7,Placed
6185,2,78,7,3,1,83,60.77,Not Placed
6186,9,72,6,2,6,92,100.0,Placed
6187,2,40,4,10,8,64,63.96,Not Placed
6188,3,44,5,7,18,62,60.6,Not Placed
6189,7,95,9,10,17,85,100.0,Placed
6190,3,48,4,6,11,61,72.21,Placed
6191,9,83,7,8,20,84,100.0,Placed
6192,6,45,6,6,10,56,74.68,Placed
6193,3,67,9,7,9,64,82.04,Placed
6194,9,84,5,2,2,71,100.0,Placed
6195,1,65,5,10,11,41,72.61,Placed
6196,10,67,5,2,3,84,94.85,Placed
6197,3,79,9,6,9,64,96.84,Placed
6198,1,54,4,9,1,47,33.49,Not Placed
6199,2,45,7,3,11,56,85.0,Placed
6200,8,66,6,11,10,45,69.08,Not Placed
6201,7,77,7,10,13,39,87.44,Placed
6202,2,43,5,8,14,56,43.99,Not Placed
6203,2,50,7,5,13,49,63.51,Not Placed
6204,9,60,4,6,11,87,100.0,Placed
6205,6,69,8,6,1,73,88.56,Placed
6206,5,57,8,11,1,71,54.1,Not Placed
6207,10,74,6,10,0,65,100.0,Placed
6208,6,42,6,11,19,63,100.0,Placed
6209,9,51,7,3,14,73,100.0,Placed
6210,11,66,6,11,9,51,83.29,Placed
6211,7,92,9,11,19,75,100.0,Placed
6212,10,69,4,5,0,40,79.67,Placed
6213,10,60,5,1,0,75,88.88,Placed
6214,9,77,5,2,0,51,99.87,Placed
6215,4,60,7,10,10,68,74.8,Placed
6216,2,99,5,3,11,57,87.92,Placed
6217,8,77,7,4,14,86,100.0,Placed
6218,4,79,6,9,13,64,80.61,Placed
6219,9,54,6,1,0,47,74.2,Placed
6220,4,57,9,3,0,92,72.81,Placed
6221,8,91,9,3,5,64,100.0,Placed
6222,9,68,4,6,2,83,94.08,Placed
6223,9,87,5,5,13,87,100.0,Placed
6224,10,77,9,3,5,54,100.0,Placed
6225,4,99,4,4,7,40,73.43,Placed
6226,1,60,8,11,19,95,72.54,Placed
6227,3,56,9,7,14,89,100.0,Placed
6228,9,80,4,3,16,65,99.06,Placed
6229,4,90,7,9,8,93,100.0,Placed
6230,5,57,7,8,15,53,97.56,Placed
6231,7,96,4,2,0,40,90.37,Placed
6232,5,94,6,5,15,68,100.0,Placed
6233,4,76,8,4,18,62,100.0,Placed
6234,2,99,4,5,8,92,79.47,Placed
6235,2,77,9,3,16,47,74.32,Placed
6236,4,51,6,10,5,86,73.56,Placed
6237,10,50,4,11,13,44,80.11,Placed
6238,10,87,5,1,17,95,100.0,Placed
6239,9,91,9,8,20,75,100.0,Placed
6240,8,88,9,9,13,79,100.0,Placed
6241,3,59,7,8,6,41,51.99,Not Placed
6242,9,48,5,4,9,52,100.0,Placed
6243,5,40,5,2,15,56,81.13,Placed
6244,11,97,9,4,6,48,100.0,Placed
6245,3,42,8,9,19,70,93.24,Placed
6246,5,60,6,10,5,42,58.13,Not Placed
6247,10,62,7,9,5,46,80.8,Placed
6248,4,48,5,5,6,74,56.68,Not Placed
6249,8,93,7,5,16,82,100.0,Placed
6250,5,58,9,10,7,67,81.06,Placed
6251,10,84,6,3,1,58,86.18,Placed
6252,8,94,4,6,18,76,100.0,Placed
6253,9,85,5,7,20,73,100.0,Placed
6254,4,91,6,10,6,48,71.7,Placed
6255,7,58,7,9,11,83,94.61,Placed
6256,2,62,9,7,19,85,96.56,Placed
6257,6,66,6,3,2,39,58.98,Not Placed
6258,8,66,4,7,3,53,71.04,Placed
6259,7,78,6,1,10,37,99.23,Placed
6260,7,75,9,2,11,35,94.98,Placed
6261,8,51,7,4,18,74,100.0,Placed
6262,7,94,5,7,18,75,100.0,Placed
6263,5,66,5,9,10,71,81.54,Placed
6264,7,85,8,5,12,67,100.0,Placed
6265,10,73,7,8,0,83,100.0,Placed
6266,3,72,8,7,5,91,82.58,Placed
6267,5,67,8,5,15,80,97.56,Placed
6268,7,70,9,3,1,51,82.35,Placed
6269,9,71,9,3,13,43,100.0,Placed
6270,2,89,9,6,17,65,94.36,Placed
6271,4,59,4,10,16,69,100.0,Placed
6272,7,79,7,11,19,37,92.94,Placed
6273,1,74,5,4,17,47,78.19,Placed
6274,2,70,7,3,18,86,100.0,Placed
6275,9,97,9,4,14,71,100.0,Placed
6276,10,70,4,3,1,72,100.0,Placed
6277,7,77,7,10,3,48,66.69,Not Placed
6278,10,61,7,11,0,40,98.78,Placed
6279,7,84,8,11,7,92,96.52,Placed
6280,6,80,7,6,19,63,100.0,Placed
6281,3,48,8,7,13,95,93.62,Placed
6282,10,91,8,4,10,91,100.0,Placed
6283,3,48,6,3,13,83,100.0,Placed
6284,2,54,9,3,15,43,97.76,Placed
6285,11,52,4,11,9,70,88.1,Placed
6286,6,61,8,3,6,57,78.9,Placed
6287,4,55,7,9,15,49,83.22,Placed
6288,5,71,8,11,3,88,83.32,Placed
6289,3,41,8,11,11,91,75.02,Placed
6290,6,65,8,3,11,84,100.0,Placed
6291,11,53,5,3,1,81,95.21,Placed
6292,3,98,5,8,5,93,75.3,Placed
6293,8,77,5,4,19,84,100.0,Placed
6294,9,73,5,7,14,41,97.42,Placed
6295,4,47,6,3,14,81,87.37,Placed
6296,9,75,8,8,15,94,100.0,Placed
6297,7,60,6,3,2,59,77.68,Placed
6298,3,95,7,5,0,71,96.5,Placed
6299,7,85,9,1,20,57,100.0,Placed
6300,1,82,4,5,11,45,62.08,Not Placed
6301,3,95,6,6,14,90,97.47,Placed
6302,6,67,5,7,18,80,100.0,Placed
6303,4,85,5,2,5,42,84.14,Placed
6304,7,83,7,2,18,70,100.0,Placed
6305,3,87,8,9,16,76,82.65,Placed
6306,1,45,4,10,8,73,51.29,Not Placed
6307,9,59,6,1,20,35,100.0,Placed
6308,6,70,8,2,12,86,100.0,Placed
6309,8,72,8,2,14,78,100.0,Placed
6310,3,83,9,10,15,47,73.97,Placed
6311,8,46,9,7,12,50,97.62,Placed
6312,2,47,6,6,1,80,64.69,Not Placed
6313,4,48,6,9,1,47,56.94,Not Placed
6314,3,41,6,11,10,71,73.46,Placed
6315,10,56,6,7,15,48,83.21,Placed
6316,1,91,5,3,16,92,100.0,Placed
6317,7,84,8,3,2,47,87.3,Placed
6318,11,76,8,1,0,80,100.0,Placed
6319,10,81,5,8,17,46,100.0,Placed
6320,2,83,8,1,13,89,100.0,Placed
6321,4,56,6,11,8,62,60.29,Not Placed
6322,9,92,4,2,8,56,98.84,Placed
6323,6,77,9,11,11,54,100.0,Placed
6324,8,74,9,7,2,81,98.89,Placed
6325,2,99,8,1,1,53,62.23,Not Placed
6326,7,86,4,4,0,45,92.57,Placed
6327,6,78,9,9,8,64,89.74,Placed
6328,9,69,4,8,12,88,100.0,Placed
6329,7,45,5,11,20,60,96.89,Placed
6330,1,43,7,8,15,49,55.04,Not Placed
6331,8,90,8,3,18,64,100.0,Placed
6332,11,76,5,5,9,63,100.0,Placed
6333,10,74,5,4,4,94,100.0,Placed
6334,3,97,4,11,13,66,76.53,Placed
6335,2,96,8,8,14,87,100.0,Placed
6336,3,48,5,11,2,64,57.48,Not Placed
6337,11,45,6,7,8,78,100.0,Placed
6338,6,52,5,7,0,85,59.69,Not Placed
6339,3,98,6,10,0,50,65.18,Not Placed
6340,10,61,7,10,18,70,100.0,Placed
6341,5,67,6,7,5,52,56.56,Not Placed
6342,6,69,6,1,10,75,100.0,Placed
6343,8,91,4,7,17,82,100.0,Placed
6344,7,75,5,4,13,73,100.0,Placed
6345,11,41,7,3,15,62,100.0,Placed
6346,8,97,5,5,0,92,100.0,Placed
6347,3,75,6,2,9,53,97.05,Placed
6348,4,47,9,8,9,90,76.87,Placed
6349,6,84,6,9,12,90,100.0,Placed
6350,11,81,5,5,0,45,94.58,Placed
6351,7,89,7,3,2,51,82.4,Placed
6352,9,48,9,10,13,55,95.78,Placed
6353,1,40,7,7,20,71,78.33,Placed
6354,8,52,4,1,15,78,100.0,Placed
6355,8,89,6,10,19,85,100.0,Placed
6356,6,54,6,3,5,68,64.99,Not Placed
6357,4,71,4,9,0,67,59.17,Not Placed
6358,3,73,5,2,19,63,100.0,Placed
6359,11,82,6,11,4,38,100.0,Placed
6360,3,100,5,9,7,66,73.98,Placed
6361,6,70,7,11,11,94,100.0,Placed
6362,8,53,9,1,0,45,94.75,Placed
6363,7,93,9,4,12,60,100.0,Placed
6364,11,86,9,10,8,52,100.0,Placed
6365,1,53,8,6,19,87,100.0,Placed
6366,11,87,4,7,7,66,100.0,Placed
6367,6,94,9,3,12,94,100.0,Placed
6368,7,68,6,9,1,61,92.47,Placed
6369,7,86,4,4,14,50,86.28,Placed
6370,9,58,7,5,13,44,97.82,Placed
6371,11,66,7,8,18,78,100.0,Placed
6372,11,48,7,3,8,68,100.0,Placed
6373,10,76,7,8,18,67,100.0,Placed
6374,5,76,8,11,13,44,66.03,Not Placed
6375,1,82,5,1,7,76,74.73,Placed
6376,2,67,5,8,4,94,79.33,Placed
6377,4,91,9,11,6,60,73.18,Placed
6378,5,96,8,11,3,76,100.0,Placed
6379,9,63,5,10,7,59,84.65,Placed
6380,11,67,7,8,3,36,100.0,Placed
6381,1,75,5,6,20,60,82.09,Placed
6382,3,91,4,5,0,54,66.01,Not Placed
6383,5,57,9,9,7,37,69.58,Not Placed
6384,3,64,5,6,6,66,63.77,Not Placed
6385,4,74,4,1,10,35,69.99,Not Placed
6386,3,43,6,6,20,58,89.91,Placed
6387,4,53,4,1,15,84,92.68,Placed
6388,1,78,4,6,16,77,78.6,Placed
6389,8,65,7,3,4,90,100.0,Placed
6390,4,47,7,6,6,78,92.4,Placed
6391,7,63,9,6,9,67,100.0,Placed
6392,2,55,7,1,12,72,74.15,Placed
6393,2,59,4,9,19,82,76.43,Placed
6394,6,54,8,8,14,86,100.0,Placed
6395,2,46,7,2,5,69,63.56,Not Placed
6396,6,97,7,2,1,51,84.23,Placed
6397,11,56,4,5,3,92,90.62,Placed
6398,2,61,6,10,20,82,96.28,Placed
6399,4,61,6,2,13,77,93.9,Placed
6400,7,93,5,11,14,82,100.0,Placed
6401,8,51,9,1,13,78,100.0,Placed
6402,3,57,6,2,3,67,80.53,Placed
6403,9,95,7,5,5,45,100.0,Placed
6404,2,85,8,11,6,57,64.23,Not Placed
6405,8,86,5,10,12,72,100.0,Placed
6406,8,54,9,7,16,66,100.0,Placed
6407,4,76,8,5,16,53,95.08,Placed
6408,1,55,8,1,3,46,65.07,Not Placed
6409,1,44,7,7,18,62,69.99,Not Placed
6410,2,41,4,6,19,36,67.15,Not Placed
6411,9,91,4,7,12,44,92.73,Placed
6412,2,67,4,2,8,53,69.44,Not Placed
6413,2,96,6,5,1,62,72.77,Placed
6414,6,80,4,8,19,81,95.52,Placed
6415,7,93,9,7,17,42,100.0,Placed
6416,7,66,7,6,19,77,100.0,Placed
6417,9,70,6,6,16,57,100.0,Placed
6418,6,80,9,1,6,82,94.81,Placed
6419,8,75,4,1,16,79,100.0,Placed
6420,11,86,9,7,9,64,100.0,Placed
6421,6,82,8,3,13,62,100.0,Placed
6422,2,40,7,6,11,47,60.58,Not Placed
6423,1,89,7,5,11,89,65.9,Not Placed
6424,5,68,9,3,16,71,96.94,Placed
6425,9,40,5,6,18,46,100.0,Placed
6426,8,47,7,3,13,44,97.81,Placed
6427,4,96,8,8,16,85,100.0,Placed
6428,5,55,7,7,14,51,92.18,Placed
6429,5,97,5,9,20,35,95.6,Placed
6430,6,67,7,5,5,56,66.32,Not Placed
6431,3,61,7,1,18,49,93.05,Placed
6432,5,57,5,11,19,50,81.5,Placed
6433,2,61,7,10,5,54,46.14,Not Placed
6434,10,80,9,11,5,89,100.0,Placed
6435,1,51,6,8,3,44,44.42,Not Placed
6436,11,58,9,2,0,76,100.0,Placed
6437,1,64,7,6,18,60,72.73,Placed
6438,10,89,4,1,10,83,100.0,Placed
6439,7,98,4,6,6,95,100.0,Placed
6440,2,44,6,4,1,88,87.93,Placed
6441,4,98,7,5,3,57,75.18,Placed
6442,5,73,8,10,5,51,66.83,Not Placed
6443,7,78,7,7,4,68,92.76,Placed
6444,2,98,4,6,20,75,95.93,Placed
6445,6,49,5,1,8,91,98.29,Placed
6446,1,86,6,9,10,56,84.82,Placed
6447,7,96,5,6,17,93,100.0,Placed
6448,9,46,8,6,19,38,100.0,Placed
6449,5,99,7,9,16,41,87.05,Placed
6450,5,76,8,10,12,39,73.74,Placed
6451,4,86,5,5,16,65,94.42,Placed
6452,3,91,7,11,9,53,74.9,Placed
6453,9,99,9,6,17,38,100.0,Placed
6454,5,91,9,6,16,84,100.0,Placed
6455,8,54,8,7,11,56,92.22,Placed
6456,9,81,9,9,14,37,84.69,Placed
6457,5,63,9,5,18,57,100.0,Placed
6458,10,65,4,5,14,38,98.92,Placed
6459,9,100,9,4,12,80,100.0,Placed
6460,2,65,4,10,6,58,58.11,Not Placed
6461,9,85,6,4,10,93,100.0,Placed
6462,11,65,4,8,7,48,100.0,Placed
6463,4,97,4,2,19,83,100.0,Placed
6464,6,49,5,10,15,75,92.91,Placed
6465,6,56,4,8,10,85,100.0,Placed
6466,6,92,4,2,4,37,73.12,Placed
6467,2,53,5,1,6,81,60.25,Not Placed
6468,7,41,4,10,15,55,69.92,Not Placed
6469,6,87,9,9,15,60,100.0,Placed
6470,11,52,4,11,19,35,95.76,Placed
6471,1,66,6,8,16,64,92.06,Placed
6472,2,48,4,6,18,85,88.1,Placed
6473,7,46,4,4,14,38,66.66,Not Placed
6474,1,87,6,2,14,48,73.09,Placed
6475,1,49,5,8,19,52,62.45,Not Placed
6476,1,95,9,3,20,46,92.64,Placed
6477,8,93,4,10,14,72,98.69,Placed
6478,4,48,9,4,2,76,64.82,Not Placed
6479,4,61,8,5,11,70,90.29,Placed
6480,2,62,9,4,5,50,62.72,Not Placed
6481,11,46,5,11,19,35,84.49,Placed
6482,11,87,5,8,4,37,100.0,Placed
6483,11,48,4,9,10,73,99.16,Placed
6484,1,66,6,1,11,69,98.6,Placed
6485,10,63,5,2,6,95,100.0,Placed
6486,9,68,6,4,8,88,100.0,Placed
6487,7,56,8,1,17,93,100.0,Placed
6488,4,59,6,11,13,49,82.66,Placed
6489,6,46,7,6,3,72,72.13,Placed
6490,2,82,6,5,7,50,65.95,Not Placed
6491,7,79,5,7,15,51,99.19,Placed
6492,2,46,6,6,3,68,56.15,Not Placed
6493,10,67,6,3,18,44,100.0,Placed
6494,8,58,7,5,5,45,86.83,Placed
6495,8,59,7,3,18,62,100.0,Placed
6496,1,83,4,9,14,61,77.84,Placed
6497,8,78,5,2,11,72,100.0,Placed
6498,2,79,4,6,11,52,53.65,Not Placed
6499,6,46,7,9,1,81,67.6,Not Placed
6500,1,45,6,10,8,82,83.43,Placed
6501,5,64,7,7,2,64,83.2,Placed
6502,11,80,8,5,0,47,97.99,Placed
6503,7,98,6,2,13,50,100.0,Placed
6504,10,52,4,2,12,36,93.93,Placed
6505,1,78,6,4,4,54,63.34,Not Placed
6506,2,79,8,10,6,46,66.94,Not Placed
6507,7,61,7,2,13,63,98.49,Placed
6508,6,88,5,8,15,80,96.41,Placed
6509,3,56,9,10,17,42,81.47,Placed
6510,10,87,5,7,13,72,100.0,Placed
6511,2,61,5,7,0,80,57.53,Not Placed
6512,10,73,7,3,5,90,100.0,Placed
6513,4,47,5,7,20,81,90.33,Placed
6514,3,88,8,8,9,54,87.78,Placed
6515,7,84,7,5,5,93,93.84,Placed
6516,8,57,5,1,1,69,74.24,Placed
6517,2,63,9,1,6,73,68.7,Not Placed
6518,10,99,4,11,16,65,100.0,Placed
6519,7,93,7,4,13,50,91.16,Placed
6520,8,99,7,2,6,57,100.0,Placed
6521,6,81,6,7,20,68,100.0,Placed
6522,6,41,5,3,8,66,85.06,Placed
6523,10,41,4,4,18,51,100.0,Placed
6524,1,66,9,9,20,77,83.28,Placed
6525,4,53,8,2,10,58,95.29,Placed
6526,1,87,7,8,2,69,62.05,Not Placed
6527,4,78,8,1,3,88,93.4,Placed
6528,2,92,8,3,4,57,74.86,Placed
6529,11,92,8,4,3,42,96.98,Placed
6530,5,95,6,6,12,88,100.0,Placed
6531,10,51,8,1,8,57,99.49,Placed
6532,9,71,5,8,13,55,96.57,Placed
6533,11,67,5,2,15,53,92.71,Placed
6534,10,94,4,5,5,65,100.0,Placed
6535,3,67,4,6,9,84,78.97,Placed
6536,8,85,9,8,20,41,100.0,Placed
6537,3,64,8,3,12,82,92.02,Placed
6538,6,43,8,9,2,58,63.64,Not Placed
6539,4,65,6,5,10,80,73.04,Placed
6540,8,75,8,8,2,42,96.94,Placed
6541,11,89,8,4,6,47,100.0,Placed
6542,6,42,8,9,9,37,77.24,Placed
6543,8,40,7,8,0,68,88.09,Placed
6544,1,56,7,5,3,47,47.12,Not Placed
6545,6,46,6,3,7,91,93.01,Placed
6546,1,87,6,1,19,88,99.25,Placed
6547,1,44,5,5,16,92,84.52,Placed
6548,8,58,6,5,4,66,97.34,Placed
6549,7,78,9,4,16,69,100.0,Placed
6550,3,85,5,10,8,55,56.61,Not Placed
6551,6,73,8,10,7,35,78.55,Placed
6552,9,74,6,8,6,36,77.95,Placed
6553,7,88,9,3,4,91,100.0,Placed
6554,3,55,6,10,3,76,82.15,Placed
6555,6,79,6,9,2,77,93.36,Placed
6556,11,89,5,3,7,60,100.0,Placed
6557,4,86,5,4,4,37,68.95,Not Placed
6558,3,78,4,6,4,58,64.44,Not Placed
6559,9,66,5,9,16,60,94.02,Placed
6560,10,80,5,10,14,42,94.5,Placed
6561,2,77,7,2,7,81,84.08,Placed
6562,1,89,6,2,6,71,75.47,Placed
6563,2,89,5,2,16,42,70.86,Placed
6564,7,64,6,5,11,52,90.95,Placed
6565,10,65,6,6,3,52,89.01,Placed
6566,1,95,7,3,19,46,67.27,Not Placed
6567,6,53,6,3,17,70,100.0,Placed
6568,7,53,9,2,3,74,70.11,Placed
6569,9,53,5,11,9,36,66.42,Not Placed
6570,8,64,6,6,2,54,68.77,Not Placed
6571,6,75,4,1,4,90,92.98,Placed
6572,3,43,4,9,11,37,46.58,Not Placed
6573,8,86,7,11,4,74,90.83,Placed
6574,7,54,9,10,4,78,100.0,Placed
6575,3,71,5,4,3,68,60.53,Not Placed
6576,9,57,7,2,5,83,100.0,Placed
6577,2,53,4,6,9,80,76.19,Placed
6578,3,97,9,5,5,80,96.42,Placed
6579,2,40,5,3,0,40,54.72,Not Placed
6580,1,81,6,3,15,74,84.25,Placed
6581,4,100,5,5,10,91,99.91,Placed
6582,5,59,8,4,5,44,65.53,Not Placed
6583,6,49,5,5,19,58,70.56,Placed
6584,5,49,6,2,17,52,91.64,Placed
6585,1,98,8,11,5,67,87.71,Placed
6586,3,63,9,1,16,73,87.06,Placed
6587,1,73,7,5,11,41,53.96,Not Placed
6588,11,100,9,11,16,79,100.0,Placed
6589,5,67,5,1,20,82,100.0,Placed
6590,5,66,7,3,17,78,100.0,Placed
6591,11,79,5,8,9,63,100.0,Placed
6592,6,40,4,11,19,53,95.82,Placed
6593,8,72,4,8,11,72,100.0,Placed
6594,10,43,6,9,3,73,99.1,Placed
6595,1,46,9,1,9,59,63.67,Not Placed
6596,4,48,4,4,4,51,57.78,Not Placed
6597,10,55,8,6,3,95,100.0,Placed
6598,11,44,8,7,15,85,100.0,Placed
6599,1,73,5,5,4,71,57.01,Not Placed
6600,9,99,7,7,18,37,100.0,Placed
6601,11,62,8,11,5,58,100.0,Placed
6602,7,82,5,10,20,92,100.0,Placed
6603,7,89,7,8,6,88,91.0,Placed
6604,5,64,4,10,9,52,72.14,Placed
6605,7,96,5,6,6,83,100.0,Placed
6606,2,90,7,11,13,60,71.97,Placed
6607,4,52,6,4,9,55,79.59,Placed
6608,7,63,9,1,19,45,100.0,Placed
6609,3,50,9,11,10,91,66.31,Not Placed
6610,2,91,6,5,13,92,89.84,Placed
6611,10,90,8,10,11,75,100.0,Placed
6612,2,56,9,10,3,51,55.7,Not Placed
6613,1,76,7,10,12,85,75.3,Placed
6614,5,52,6,4,2,79,81.33,Placed
6615,6,66,8,5,12,72,97.4,Placed
6616,6,59,5,4,19,55,81.81,Placed
6617,9,72,5,9,18,38,71.87,Placed
6618,4,81,7,3,14,95,100.0,Placed
6619,1,71,7,3,18,66,90.64,Placed
6620,6,47,7,10,19,52,89.35,Placed
6621,5,95,9,7,3,78,82.96,Placed
6622,10,68,7,2,5,94,100.0,Placed
6623,6,79,6,9,14,62,90.72,Placed
6624,3,58,6,8,3,70,72.81,Placed
6625,2,45,8,6,5,71,75.1,Placed
6626,6,83,6,9,1,78,91.0,Placed
6627,1,99,9,11,3,84,83.0,Placed
6628,7,78,5,3,17,60,95.41,Placed
6629,7,87,8,4,14,83,100.0,Placed
6630,10,80,6,7,11,89,100.0,Placed
6631,7,60,7,1,7,89,100.0,Placed
6632,11,96,6,1,11,58,100.0,Placed
6633,10,61,4,1,8,44,100.0,Placed
6634,1,81,8,8,6,72,77.87,Placed
6635,4,49,9,6,7,83,84.1,Placed
6636,7,49,6,3,19,42,93.54,Placed
6637,11,91,6,10,9,36,100.0,Placed
6638,9,68,9,7,10,78,100.0,Placed
6639,5,55,5,6,1,69,69.19,Not Placed
6640,2,40,7,5,3,90,74.31,Placed
6641,7,56,7,3,20,86,100.0,Placed
6642,10,69,5,4,20,55,100.0,Placed
6643,1,65,5,11,8,91,95.59,Placed
6644,7,92,4,11,7,61,100.0,Placed
6645,6,100,9,1,4,57,94.87,Placed
6646,7,85,8,9,13,66,100.0,Placed
6647,10,58,7,5,1,60,85.56,Placed
6648,3,92,5,2,20,94,100.0,Placed
6649,3,60,5,11,16,41,64.63,Not Placed
6650,7,56,9,9,7,67,94.45,Placed
6651,2,85,8,7,1,51,67.95,Not Placed
6652,1,79,5,8,14,42,62.08,Not Placed
6653,9,60,4,3,1,76,94.79,Placed
6654,9,92,8,7,10,51,100.0,Placed
6655,7,80,4,11,13,82,99.96,Placed
6656,7,79,6,1,20,76,100.0,Placed
6657,3,84,7,6,9,81,98.01,Placed
6658,10,88,5,10,6,82,95.09,Placed
6659,2,58,8,6,13,52,75.34,Placed
6660,11,99,4,11,12,70,100.0,Placed
6661,7,46,7,10,20,91,100.0,Placed
6662,9,56,7,6,1,73,96.29,Placed
6663,1,40,5,3,9,95,57.33,Not Placed
6664,4,76,7,6,0,95,84.64,Placed
6665,6,96,5,3,0,78,89.0,Placed
6666,7,45,6,10,2,57,67.8,Not Placed
6667,10,65,5,9,10,46,90.43,Placed
6668,7,41,9,7,18,92,100.0,Placed
6669,10,98,4,4,8,57,98.32,Placed
6670,2,71,9,3,12,87,93.0,Placed
6671,4,96,7,6,3,67,75.07,Placed
6672,5,87,7,9,19,87,99.39,Placed
6673,1,93,7,3,5,90,85.11,Placed
6674,1,44,5,8,1,62,34.49,Not Placed
6675,10,76,8,6,8,78,100.0,Placed
6676,3,70,5,4,17,57,89.22,Placed
6677,10,51,4,5,3,41,79.78,Placed
6678,3,74,5,3,0,81,78.78,Placed
6679,8,69,7,2,0,36,55.34,Not Placed
6680,9,87,6,9,19,35,100.0,Placed
6681,11,45,4,3,16,38,100.0,Placed
6682,1,54,9,6,18,42,81.66,Placed
6683,11,54,6,5,2,83,92.41,Placed
6684,2,100,4,10,16,63,70.45,Placed
6685,10,55,4,11,2,52,80.19,Placed
6686,2,59,7,8,3,89,77.44,Placed
6687,4,52,9,5,12,71,77.72,Placed
6688,2,83,5,11,14,65,82.67,Placed
6689,7,81,9,8,11,40,100.0,Placed
6690,9,85,7,11,2,78,100.0,Placed
6691,7,70,7,5,20,58,100.0,Placed
6692,6,73,7,11,7,94,97.9,Placed
6693,10,68,6,10,0,82,100.0,Placed
6694,1,42,9,6,17,75,77.09,Placed
6695,11,48,9,5,12,49,100.0,Placed
6696,10,50,4,2,6,74,100.0,Placed
6697,9,50,8,10,12,46,77.68,Placed
6698,5,64,5,10,16,80,78.96,Placed
6699,11,61,7,6,12,83,100.0,Placed
6700,5,81,9,7,12,48,75.1,Placed
6701,6,97,9,3,10,61,82.94,Placed
6702,9,85,4,3,13,86,100.0,Placed
6703,8,48,5,7,20,71,96.74,Placed
6704,8,59,8,11,9,47,93.99,Placed
6705,8,98,8,10,7,91,100.0,Placed
6706,1,60,7,4,5,72,90.77,Placed
6707,1,49,8,2,18,80,100.0,Placed
6708,8,61,8,9,18,72,100.0,Placed
6709,5,68,5,9,11,37,56.71,Not Placed
6710,9,48,5,6,20,50,100.0,Placed
6711,2,100,7,2,6,46,64.58,Not Placed
6712,9,44,9,3,17,48,100.0,Placed
6713,8,79,4,5,19,68,100.0,Placed
6714,9,50,7,11,17,84,100.0,Placed
6715,4,40,6,11,2,65,79.05,Placed
6716,1,92,8,5,8,73,85.26,Placed
6717,1,81,4,9,5,39,40.79,Not Placed
6718,5,40,9,10,0,46,54.22,Not Placed
6719,2,97,9,3,9,60,91.38,Placed
6720,8,93,5,2,7,51,89.87,Placed
6721,10,78,6,10,16,78,100.0,Placed
6722,11,99,9,8,2,87,100.0,Placed
6723,5,85,6,7,2,45,48.69,Not Placed
6724,5,44,8,9,2,67,66.02,Not Placed
6725,2,88,5,3,6,75,73.74,Placed
6726,7,61,4,6,10,74,93.16,Placed
6727,8,65,5,5,17,80,100.0,Placed
6728,10,92,8,5,4,38,100.0,Placed
6729,1,45,9,10,1,66,58.57,Not Placed
6730,2,71,6,8,13,65,57.11,Not Placed
6731,10,87,8,1,0,45,98.42,Placed
6732,4,50,9,1,3,51,68.25,Not Placed
6733,5,49,7,3,13,61,85.94,Placed
6734,2,86,6,11,14,42,52.48,Not Placed
6735,1,78,8,2,19,55,59.78,Not Placed
6736,9,94,4,2,19,67,100.0,Placed
6737,1,73,4,2,16,84,86.73,Placed
6738,4,70,9,4,2,39,71.72,Placed
6739,2,51,9,1,3,95,75.72,Placed
6740,11,90,4,10,17,66,100.0,Placed
6741,4,83,7,9,0,59,62.24,Not Placed
6742,8,55,5,5,4,92,85.17,Placed
6743,8,77,4,5,17,42,100.0,Placed
6744,11,42,9,9,12,61,100.0,Placed
6745,9,41,9,5,13,60,100.0,Placed
6746,11,91,7,11,19,74,100.0,Placed
6747,5,44,4,8,2,63,40.39,Not Placed
6748,7,50,7,11,5,43,64.85,Not Placed
6749,3,97,4,1,10,52,75.49,Placed
6750,10,64,5,1,8,41,98.07,Placed
6751,4,74,8,4,19,76,100.0,Placed
6752,10,74,4,8,18,55,100.0,Placed
6753,9,61,8,3,6,50,99.27,Placed
6754,10,76,4,1,20,37,100.0,Placed
6755,10,61,5,11,9,66,97.8,Placed
6756,1,94,9,9,6,44,69.76,Not Placed
6757,2,50,8,9,4,66,61.84,Not Placed
6758,5,71,7,9,3,42,69.36,Not Placed
6759,3,74,4,9,16,66,88.42,Placed
6760,2,70,9,2,4,84,80.54,Placed
6761,1,84,4,11,16,38,55.78,Not Placed
6762,10,92,7,11,16,63,100.0,Placed
6763,3,47,5,11,16,46,59.52,Not Placed
6764,1,59,6,4,0,87,63.6,Not Placed
6765,1,81,4,2,1,71,62.46,Not Placed
6766,1,73,7,7,18,70,100.0,Placed
6767,8,43,6,11,8,85,97.29,Placed
6768,3,57,4,3,19,53,95.53,Placed
6769,11,90,8,9,14,71,100.0,Placed
6770,1,43,9,7,18,81,88.77,Placed
6771,7,59,9,8,4,65,90.26,Placed
6772,10,97,7,9,12,78,100.0,Placed
6773,3,48,8,8,3,60,49.89,Not Placed
6774,8,55,5,7,12,79,100.0,Placed
6775,4,65,6,9,5,40,65.31,Not Placed
6776,4,77,7,11,11,63,95.87,Placed
6777,5,64,4,1,8,51,86.98,Placed
6778,6,43,9,11,14,93,95.54,Placed
6779,7,80,4,4,20,54,95.66,Placed
6780,4,98,6,4,14,76,100.0,Placed
6781,8,84,8,5,16,80,100.0,Placed
6782,6,80,8,8,4,81,87.19,Placed
6783,1,77,7,10,4,44,58.16,Not Placed
6784,1,92,7,1,4,40,54.52,Not Placed
6785,9,58,8,6,20,95,100.0,Placed
6786,10,53,7,9,13,82,100.0,Placed
6787,6,60,8,10,1,66,64.06,Not Placed
6788,10,54,6,8,8,36,89.42,Placed
6789,8,42,7,2,13,44,100.0,Placed
6790,7,76,8,7,14,71,100.0,Placed
6791,6,92,7,5,3,61,95.27,Placed
6792,4,89,4,2,5,75,90.32,Placed
6793,7,85,9,11,13,53,98.84,Placed
6794,9,55,4,1,4,85,100.0,Placed
6795,11,53,5,2,10,75,100.0,Placed
6796,10,48,8,11,20,50,100.0,Placed
6797,10,86,5,10,13,95,100.0,Placed
6798,7,46,8,6,6,85,100.0,Placed
6799,1,53,9,11,13,54,62.47,Not Placed
6800,10,45,7,8,12,94,100.0,Placed
6801,9,60,8,3,17,91,100.0,Placed
6802,4,54,4,5,1,70,66.61,Not Placed
6803,3,91,7,11,8,39,72.33,Placed
6804,4,47,9,2,10,52,96.83,Placed
6805,4,73,4,8,19,42,77.82,Placed
6806,10,79,7,4,10,47,100.0,Placed
6807,11,40,8,11,5,75,99.29,Placed
6808,2,71,8,10,0,44,49.42,Not Placed
6809,1,97,4,6,4,70,49.58,Not Placed
6810,10,88,6,3,13,53,100.0,Placed
6811,1,90,8,11,15,65,72.46,Placed
6812,8,44,6,8,8,70,100.0,Placed
6813,2,69,7,8,18,63,77.03,Placed
6814,10,61,6,3,19,79,100.0,Placed
6815,5,59,4,9,7,57,68.72,Not Placed
6816,4,55,5,10,7,66,72.39,Placed
6817,8,46,5,5,15,83,100.0,Placed
6818,2,46,4,10,17,93,83.64,Placed
6819,10,89,5,9,7,45,85.6,Placed
6820,9,89,4,7,8,36,85.96,Placed
6821,7,41,8,10,4,66,62.83,Not Placed
6822,7,86,6,3,1,92,100.0,Placed
6823,1,53,5,6,20,39,60.6,Not Placed
6824,2,70,8,10,13,91,100.0,Placed
6825,4,89,5,2,17,65,82.02,Placed
6826,4,100,7,6,12,47,100.0,Placed
6827,11,80,4,5,11,56,100.0,Placed
6828,3,53,4,3,14,69,77.84,Placed
6829,7,44,8,7,20,53,100.0,Placed
6830,8,50,7,11,14,63,100.0,Placed
6831,2,79,6,4,0,57,80.56,Placed
6832,4,44,7,11,6,53,60.16,Not Placed
6833,3,68,7,6,12,50,57.25,Not Placed
6834,2,50,9,9,17,65,80.86,Placed
6835,6,44,6,6,0,50,56.7,Not Placed
6836,4,88,6,4,10,60,95.16,Placed
6837,6,93,7,10,12,37,82.57,Placed
6838,2,71,5,2,19,92,90.88,Placed
6839,4,75,9,9,8,94,90.07,Placed
6840,11,54,5,4,15,57,100.0,Placed
6841,6,58,7,4,10,91,100.0,Placed
6842,5,61,5,2,2,43,75.93,Placed
6843,3,73,6,5,16,85,93.76,Placed
6844,8,95,6,6,1,58,100.0,Placed
6845,7,56,5,10,8,67,72.91,Placed
6846,3,51,6,6,8,48,55.73,Not Placed
6847,6,64,4,3,15,62,100.0,Placed
6848,4,95,6,9,0,58,82.11,Placed
6849,11,56,7,7,16,77,100.0,Placed
6850,5,49,8,3,9,84,100.0,Placed
6851,11,67,5,4,19,86,100.0,Placed
6852,5,96,9,7,4,41,91.44,Placed
6853,7,57,5,11,7,72,91.57,Placed
6854,11,90,6,8,12,78,100.0,Placed
6855,5,57,6,6,20,59,100.0,Placed
6856,11,84,8,4,4,90,100.0,Placed
6857,3,71,8,2,3,36,63.32,Not Placed
6858,10,53,9,10,7,79,100.0,Placed
6859,5,95,7,8,6,86,95.04,Placed
6860,7,55,4,1,4,35,68.7,Not Placed
6861,5,89,7,9,9,57,84.33,Placed
6862,5,97,9,8,16,81,100.0,Placed
6863,9,57,5,3,5,86,88.45,Placed
6864,3,55,6,10,9,74,82.4,Placed
6865,6,56,7,4,15,52,93.22,Placed
6866,1,46,6,10,9,81,48.98,Not Placed
6867,10,51,6,4,3,42,89.74,Placed
6868,5,73,7,2,1,68,66.67,Not Placed
6869,8,49,7,11,0,77,79.17,Placed
6870,5,44,8,10,2,42,78.2,Placed
6871,9,60,9,5,12,63,100.0,Placed
6872,11,42,9,3,11,47,100.0,Placed
6873,6,58,4,11,0,35,58.06,Not Placed
6874,8,84,8,1,20,63,100.0,Placed
6875,10,83,4,2,9,84,100.0,Placed
6876,8,74,7,11,5,71,86.35,Placed
6877,3,45,9,7,8,35,65.85,Not Placed
6878,7,53,9,1,0,78,86.21,Placed
6879,7,43,4,2,11,39,83.27,Placed
6880,10,84,5,10,4,87,100.0,Placed
6881,6,90,8,7,0,82,99.04,Placed
6882,7,57,8,1,1,89,100.0,Placed
6883,2,68,8,7,13,84,93.45,Placed
6884,9,74,9,8,1,36,74.81,Placed
6885,10,91,6,11,4,81,89.42,Placed
6886,10,77,9,2,9,94,100.0,Placed
6887,1,55,6,4,19,56,68.87,Not Placed
6888,1,59,9,7,5,64,94.32,Placed
6889,3,63,7,1,4,45,74.29,Placed
6890,3,74,9,6,1,63,73.96,Placed
6891,1,83,7,5,8,76,73.77,Placed
6892,7,90,6,11,9,37,91.48,Placed
6893,4,58,8,6,7,79,82.37,Placed
6894,10,95,6,8,5,47,100.0,Placed
6895,2,43,4,11,4,90,63.69,Not Placed
6896,10,72,8,11,20,37,100.0,Placed
6897,5,41,9,1,17,44,92.88,Placed
6898,6,52,9,3,19,38,87.55,Placed
6899,9,97,9,11,17,48,100.0,Placed
6900,4,100,9,9,1,95,100.0,Placed
6901,2,84,9,8,11,57,88.44,Placed
6902,5,69,6,4,7,51,81.98,Placed
6903,3,73,7,11,3,35,61.35,Not Placed
6904,2,69,6,10,19,91,81.62,Placed
6905,1,90,5,9,3,49,52.7,Not Placed
6906,10,93,6,7,8,94,100.0,Placed
6907,2,63,8,2,8,88,76.99,Placed
6908,6,87,9,1,11,87,100.0,Placed
6909,8,83,6,1,13,36,100.0,Placed
6910,3,72,7,3,2,52,69.44,Not Placed
6911,11,80,9,10,5,73,100.0,Placed
6912,9,88,4,2,14,56,100.0,Placed
6913,9,49,5,4,18,62,100.0,Placed
6914,2,57,8,8,3,64,47.98,Not Placed
6915,8,58,7,5,0,47,74.35,Placed
6916,10,46,5,5,8,90,99.83,Placed
6917,11,96,6,6,15,37,100.0,Placed
6918,5,58,5,5,8,37,68.75,Not Placed
6919,4,63,9,5,11,79,91.29,Placed
6920,10,54,9,7,13,87,100.0,Placed
6921,5,80,4,6,14,60,84.26,Placed
6922,4,81,5,10,20,38,82.18,Placed
6923,8,62,5,11,15,50,78.93,Placed
6924,4,91,9,2,7,62,97.71,Placed
6925,10,91,6,1,9,42,100.0,Placed
6926,6,43,6,1,13,88,93.65,Placed
6927,2,77,8,4,16,74,100.0,Placed
6928,5,43,6,2,2,50,79.37,Placed
6929,6,44,5,6,3,65,69.79,Not Placed
6930,5,80,4,9,15,57,84.39,Placed
6931,2,83,6,10,13,36,63.61,Not Placed
6932,7,62,9,11,13,43,82.85,Placed
6933,4,79,9,10,15,61,83.24,Placed
6934,8,92,8,8,7,79,100.0,Placed
6935,7,76,8,4,17,88,100.0,Placed
6936,7,100,5,2,6,93,85.8,Placed
6937,9,50,6,1,2,93,100.0,Placed
6938,1,94,6,7,5,56,82.67,Placed
6939,10,50,8,10,19,78,100.0,Placed
6940,6,52,6,3,15,68,84.7,Placed
6941,6,53,5,6,3,43,87.39,Placed
6942,6,99,4,5,18,67,100.0,Placed
6943,6,47,9,5,1,72,76.73,Placed
6944,10,64,5,2,3,90,100.0,Placed
6945,7,57,6,9,1,68,65.04,Not Placed
6946,10,90,5,11,6,69,79.63,Placed
6947,6,83,9,4,14,92,100.0,Placed
6948,1,83,7,10,16,81,94.5,Placed
6949,3,57,9,1,13,60,100.0,Placed
6950,2,49,9,2,10,41,62.57,Not Placed
6951,6,46,7,9,16,79,84.95,Placed
6952,8,99,6,7,4,82,100.0,Placed
6953,3,89,6,10,13,79,89.69,Placed
6954,10,83,4,2,16,61,100.0,Placed
6955,8,53,9,7,19,46,100.0,Placed
6956,8,54,5,4,20,51,100.0,Placed
6957,5,55,4,10,1,55,69.76,Not Placed
6958,8,41,6,2,6,77,100.0,Placed
6959,6,69,6,4,3,56,64.16,Not Placed
6960,5,69,8,5,7,60,81.26,Placed
6961,9,57,4,4,0,73,88.06,Placed
6962,7,70,6,3,9,47,63.51,Not Placed
6963,8,83,7,6,0,76,87.44,Placed
6964,1,87,8,1,0,76,72.08,Placed
6965,11,52,5,8,3,79,88.26,Placed
6966,2,59,8,5,16,57,100.0,Placed
6967,8,88,9,8,4,85,100.0,Placed
6968,9,89,9,10,13,64,100.0,Placed
6969,4,74,5,4,5,89,68.11,Not Placed
6970,10,62,7,4,6,51,91.9,Placed
6971,11,81,5,5,7,61,100.0,Placed
6972,10,72,4,5,17,54,100.0,Placed
6973,9,77,5,11,3,41,72.82,Placed
6974,4,74,5,6,2,89,66.59,Not Placed
6975,10,90,8,5,3,38,98.36,Placed
6976,10,75,7,5,15,83,100.0,Placed
6977,10,100,5,8,12,65,100.0,Placed
6978,9,59,4,6,10,64,83.32,Placed
6979,11,94,8,2,10,65,100.0,Placed
6980,7,42,7,4,4,90,87.69,Placed
6981,2,47,7,4,19,38,77.38,Placed
6982,9,79,6,5,0,52,94.41,Placed
6983,4,98,9,6,13,54,100.0,Placed
6984,8,71,4,11,19,74,100.0,Placed
6985,7,68,9,5,18,74,100.0,Placed
6986,7,46,8,11,4,87,94.14,Placed
6987,8,41,8,6,19,82,100.0,Placed
6988,1,60,4,8,5,81,72.31,Placed
6989,5,45,7,4,18,84,100.0,Placed
6990,2,67,5,11,11,57,72.62,Placed
6991,2,87,4,3,13,85,93.71,Placed
6992,1,81,8,9,16,72,93.18,Placed
6993,5,75,9,3,6,43,78.53,Placed
6994,2,71,4,11,20,95,74.49,Placed
6995,4,84,7,8,0,50,80.11,Placed
6996,3,81,6,10,16,55,84.24,Placed
6997,3,92,6,5,5,43,71.99,Placed
6998,2,85,5,9,3,86,80.59,Placed
6999,6,48,5,3,13,59,81.27,Placed
7000,2,50,7,10,7,83,67.63,Not Placed
7001,8,62,9,10,17,70,100.0,Placed
7002,8,89,5,8,19,81,100.0,Placed
7003,5,50,6,7,12,77,83.49,Placed
7004,10,88,7,7,7,48,96.16,Placed
7005,7,41,7,11,15,51,87.87,Placed
7006,4,42,7,10,4,62,42.78,Not Placed
7007,1,50,4,9,2,79,63.98,Not Placed
7008,11,89,9,8,12,75,100.0,Placed
7009,2,98,9,3,14,90,100.0,Placed
7010,10,74,5,6,3,82,100.0,Placed
7011,10,97,9,11,2,42,90.73,Placed
7012,4,54,8,6,1,48,66.04,Not Placed
7013,1,82,6,5,3,49,47.87,Not Placed
7014,8,50,5,3,5,73,84.62,Placed
7015,9,70,9,9,3,59,89.88,Placed
7016,4,67,6,7,16,93,100.0,Placed
7017,10,67,5,4,6,45,88.9,Placed
7018,3,71,8,6,17,63,91.18,Placed
7019,2,64,6,5,9,37,69.79,Not Placed
7020,5,59,8,1,16,73,100.0,Placed
7021,3,67,6,2,3,56,91.98,Placed
7022,10,64,4,1,18,71,100.0,Placed
7023,7,50,4,9,6,75,66.35,Not Placed
7024,11,58,6,9,12,54,100.0,Placed
7025,6,67,6,5,2,53,76.92,Placed
7026,1,40,8,8,7,47,65.02,Not Placed
7027,8,98,9,10,10,61,96.75,Placed
7028,2,44,7,4,15,53,69.22,Not Placed
7029,5,49,6,1,19,50,95.34,Placed
7030,9,81,5,4,18,36,100.0,Placed
7031,8,85,5,7,8,35,84.34,Placed
7032,2,73,5,11,9,37,39.16,Not Placed
7033,9,75,4,2,5,58,93.65,Placed
7034,5,41,9,2,2,78,85.51,Placed
7035,10,57,8,6,19,72,100.0,Placed
7036,6,52,9,9,7,36,81.5,Placed
7037,3,90,4,3,5,90,96.74,Placed
7038,3,44,9,7,7,50,67.48,Not Placed
7039,10,59,9,10,13,63,100.0,Placed
7040,8,41,5,9,7,71,85.98,Placed
7041,11,50,6,11,10,78,100.0,Placed
7042,10,69,5,9,9,38,89.59,Placed
7043,10,71,9,11,9,48,91.34,Placed
7044,2,71,6,4,10,51,80.34,Placed
7045,11,97,8,2,0,78,100.0,Placed
7046,2,89,7,1,14,79,96.11,Placed
7047,5,77,6,6,4,51,75.85,Placed
7048,6,94,4,5,13,54,86.08,Placed
7049,2,67,5,6,19,94,78.13,Placed
7050,5,49,5,7,7,81,63.93,Not Placed
7051,7,61,9,9,16,63,100.0,Placed
7052,10,94,9,10,3,75,100.0,Placed
7053,10,56,9,10,3,60,95.5,Placed
7054,8,61,9,11,17,76,100.0,Placed
7055,7,82,5,6,18,72,100.0,Placed
7056,8,58,6,6,2,51,71.16,Placed
7057,9,56,8,3,8,46,99.72,Placed
7058,5,63,6,8,6,90,82.42,Placed
7059,5,75,4,9,1,62,62.77,Not Placed
7060,11,71,5,1,8,43,100.0,Placed
7061,10,97,6,6,5,66,100.0,Placed
7062,4,95,5,7,5,68,76.63,Placed
7063,9,97,4,11,15,50,94.22,Placed
7064,5,85,7,8,1,82,98.07,Placed
7065,2,98,7,10,15,88,96.66,Placed
7066,10,91,7,11,2,65,85.65,Placed
7067,8,75,5,8,15,89,100.0,Placed
7068,7,67,6,7,11,61,75.09,Placed
7069,8,53,5,8,2,63,50.38,Not Placed
7070,3,97,8,11,10,35,82.45,Placed
7071,4,75,6,9,10,61,70.3,Placed
7072,5,45,4,10,15,87,74.61,Placed
7073,6,48,9,7,4,66,74.74,Placed
7074,1,60,7,3,19,93,94.73,Placed
7075,4,51,6,9,7,45,55.06,Not Placed
7076,11,100,6,1,10,87,100.0,Placed
7077,10,97,7,8,10,69,100.0,Placed
7078,5,69,4,6,17,36,79.0,Placed
7079,7,70,5,11,18,80,100.0,Placed
7080,5,79,5,3,9,35,73.95,Placed
7081,1,95,9,9,3,40,59.78,Not Placed
7082,11,43,6,6,9,41,82.45,Placed
7083,7,70,7,7,13,36,94.98,Placed
7084,8,66,8,11,5,36,93.15,Placed
7085,7,97,4,2,4,81,100.0,Placed
7086,11,96,5,1,14,87,100.0,Placed
7087,4,64,4,1,4,39,65.41,Not Placed
7088,8,44,4,3,5,47,80.67,Placed
7089,5,45,9,11,18,53,100.0,Placed
7090,10,44,4,3,19,53,100.0,Placed
7091,9,90,7,8,16,81,100.0,Placed
7092,10,66,9,7,13,35,91.35,Placed
7093,5,47,7,10,10,69,75.71,Placed
7094,1,48,9,8,13,91,78.49,Placed
7095,9,54,7,1,4,52,97.27,Placed
7096,5,75,9,4,12,83,100.0,Placed
7097,6,96,9,8,11,91,100.0,Placed
7098,4,80,6,10,18,66,82.82,Placed
7099,6,46,7,2,9,66,85.08,Placed
7100,8,71,6,7,12,87,100.0,Placed
7101,3,47,9,8,14,42,74.08,Placed
7102,5,86,5,9,19,45,96.2,Placed
7103,2,90,9,7,12,54,84.34,Placed
7104,2,54,5,9,3,42,48.68,Not Placed
7105,7,76,5,2,8,62,91.67,Placed
7106,10,58,5,11,18,55,94.59,Placed
7107,10,78,5,1,19,72,100.0,Placed
7108,11,45,7,1,6,72,99.21,Placed
7109,10,98,8,11,14,40,100.0,Placed
7110,6,58,7,4,16,36,98.77,Placed
7111,4,96,8,1,13,44,92.43,Placed
7112,5,67,7,7,13,76,97.27,Placed
7113,1,56,5,8,8,43,57.37,Not Placed
7114,7,81,4,3,15,89,100.0,Placed
7115,8,58,9,1,1,37,81.27,Placed
7116,9,70,8,3,13,36,93.8,Placed
7117,8,50,4,2,3,70,76.38,Placed
7118,5,54,5,6,2,42,65.52,Not Placed
7119,3,49,8,11,2,43,50.35,Not Placed
7120,10,82,4,7,10,60,100.0,Placed
7121,11,62,7,9,4,68,100.0,Placed
7122,9,42,5,5,15,82,100.0,Placed
7123,6,42,7,4,18,64,100.0,Placed
7124,5,57,7,1,8,72,82.44,Placed
7125,3,64,5,11,10,42,55.63,Not Placed
7126,6,82,8,6,11,37,81.46,Placed
7127,3,59,9,11,7,45,55.08,Not Placed
7128,10,97,6,8,13,59,100.0,Placed
7129,6,68,6,4,16,86,97.3,Placed
7130,4,61,9,1,19,39,88.21,Placed
7131,2,89,5,5,14,46,57.63,Not Placed
7132,8,96,6,10,14,89,100.0,Placed
7133,4,54,9,5,11,64,84.48,Placed
7134,9,78,4,2,8,61,100.0,Placed
7135,7,49,9,6,11,77,95.78,Placed
7136,2,60,8,10,18,39,60.96,Not Placed
7137,4,94,9,9,11,54,84.45,Placed
7138,5,91,7,6,10,86,100.0,Placed
7139,3,68,7,8,5,55,73.89,Placed
7140,9,71,5,10,7,37,74.23,Placed
7141,5,49,7,3,10,75,80.65,Placed
7142,2,52,4,10,2,94,56.37,Not Placed
7143,11,86,9,2,15,84,100.0,Placed
7144,3,62,4,4,5,78,80.47,Placed
7145,9,89,5,9,8,89,99.26,Placed
7146,7,62,7,9,8,38,69.79,Not Placed
7147,2,70,6,3,5,58,47.05,Not Placed
7148,9,43,9,1,4,41,67.55,Not Placed
7149,4,91,6,1,0,58,66.22,Not Placed
7150,9,88,8,4,2,86,100.0,Placed
7151,2,99,5,4,2,45,59.08,Not Placed
7152,10,42,8,11,11,36,89.3,Placed
7153,4,60,6,10,3,89,73.24,Placed
7154,5,92,6,6,20,78,100.0,Placed
7155,2,41,6,5,15,75,87.84,Placed
7156,10,43,8,6,10,40,95.16,Placed
7157,1,40,5,10,7,41,38.9,Not Placed
7158,7,54,9,7,8,72,99.2,Placed
7159,10,96,9,7,13,52,99.77,Placed
7160,1,72,4,10,14,79,71.63,Placed
7161,11,45,4,10,18,43,100.0,Placed
7162,11,46,6,9,8,87,100.0,Placed
7163,8,58,5,6,16,62,100.0,Placed
7164,3,83,5,8,8,53,68.5,Not Placed
7165,10,40,7,2,2,38,87.87,Placed
7166,6,78,7,8,15,38,98.38,Placed
7167,7,58,8,9,12,47,66.39,Not Placed
7168,10,84,7,4,16,62,100.0,Placed
7169,1,65,9,5,3,91,56.16,Not Placed
7170,6,83,9,5,20,45,69.28,Not Placed
7171,7,51,8,2,8,87,100.0,Placed
7172,6,61,4,5,8,36,78.63,Placed
7173,4,52,6,9,17,40,69.24,Not Placed
7174,1,67,5,4,13,46,60.28,Not Placed
7175,11,53,4,10,19,89,100.0,Placed
7176,9,61,9,3,2,74,100.0,Placed
7177,4,69,4,7,3,71,58.75,Not Placed
7178,7,83,8,8,0,90,81.8,Placed
7179,7,59,6,10,17,58,100.0,Placed
7180,2,83,9,6,3,86,89.13,Placed
7181,1,66,8,6,9,89,85.56,Placed
7182,8,77,4,5,3,94,99.95,Placed
7183,8,98,5,11,20,95,100.0,Placed
7184,7,81,7,6,16,43,85.3,Placed
7185,8,91,8,9,7,60,100.0,Placed
7186,3,100,9,2,18,38,100.0,Placed
7187,11,95,4,10,8,75,100.0,Placed
7188,2,80,7,11,15,78,100.0,Placed
7189,7,73,7,3,14,38,99.92,Placed
7190,8,78,4,1,19,83,100.0,Placed
7191,1,80,6,4,15,86,75.37,Placed
7192,10,96,4,2,20,68,100.0,Placed
7193,9,83,9,6,11,56,100.0,Placed
7194,11,76,5,1,17,47,100.0,Placed
7195,4,40,9,8,6,49,67.55,Not Placed
7196,4,93,7,10,15,74,89.21,Placed
7197,3,54,5,6,18,72,75.55,Placed
7198,6,71,8,9,5,75,95.67,Placed
7199,1,47,7,6,5,88,68.08,Not Placed
7200,6,72,6,10,5,77,82.72,Placed
7201,2,57,4,7,14,89,93.85,Placed
7202,9,84,8,5,1,78,100.0,Placed
7203,2,68,9,8,8,87,89.43,Placed
7204,7,71,5,8,7,90,86.88,Placed
7205,1,72,8,10,6,36,53.53,Not Placed
7206,7,44,6,9,15,36,75.06,Placed
7207,5,57,4,6,14,77,88.32,Placed
7208,8,87,8,1,8,42,89.68,Placed
7209,4,97,9,9,19,72,100.0,Placed
7210,10,49,5,3,14,52,98.17,Placed
7211,7,75,8,9,1,88,100.0,Placed
7212,6,72,4,7,19,63,97.63,Placed
7213,5,62,9,3,13,45,85.7,Placed
7214,4,79,8,9,10,90,89.2,Placed
7215,7,44,5,7,2,40,55.21,Not Placed
7216,5,73,4,7,1,43,62.38,Not Placed
7217,5,63,6,7,17,56,89.84,Placed
7218,1,56,6,2,13,80,89.92,Placed
7219,2,70,7,11,4,85,62.07,Not Placed
7220,5,46,8,4,11,59,87.42,Placed
7221,3,56,5,10,13,92,95.21,Placed
7222,2,67,8,8,5,65,81.81,Placed
7223,4,77,4,2,7,55,69.92,Not Placed
7224,4,100,7,4,6,72,89.56,Placed
7225,4,61,5,10,6,86,69.48,Not Placed
7226,4,54,8,8,11,53,67.67,Not Placed
7227,3,76,5,3,6,44,74.51,Placed
7228,7,54,4,6,11,80,82.26,Placed
7229,9,89,7,2,15,71,100.0,Placed
7230,5,89,5,8,6,46,76.83,Placed
7231,4,64,4,8,7,53,63.51,Not Placed
7232,11,92,6,1,0,95,100.0,Placed
7233,2,60,5,3,12,36,51.67,Not Placed
7234,2,94,7,2,18,49,86.63,Placed
7235,5,77,9,7,0,72,68.98,Not Placed
7236,7,41,9,7,17,42,91.96,Placed
7237,10,66,5,4,6,80,99.6,Placed
7238,10,88,5,8,16,69,100.0,Placed
7239,9,71,4,3,14,72,99.66,Placed
7240,7,60,8,9,18,77,100.0,Placed
7241,5,43,9,5,3,64,81.34,Placed
7242,10,83,8,2,16,43,100.0,Placed
7243,10,58,9,9,6,64,97.26,Placed
7244,10,41,5,1,15,83,100.0,Placed
7245,6,65,7,11,16,53,82.95,Placed
7246,11,73,7,8,19,63,100.0,Placed
7247,3,53,9,6,14,36,73.57,Placed
7248,5,54,9,1,8,62,91.47,Placed
7249,8,59,4,4,20,42,100.0,Placed
7250,1,73,5,3,12,59,74.72,Placed
7251,1,75,5,7,6,44,54.5,Not Placed
7252,7,58,8,7,18,56,100.0,Placed
7253,5,48,4,6,10,69,72.01,Placed
7254,5,46,6,10,7,76,70.19,Placed
7255,1,69,7,10,16,58,63.95,Not Placed
7256,9,52,7,8,3,60,98.63,Placed
7257,1,66,5,7,3,65,61.45,Not Placed
7258,5,83,4,4,17,57,98.73,Placed
7259,10,74,6,7,16,36,100.0,Placed
7260,9,52,7,1,2,93,92.35,Placed
7261,4,54,4,3,8,73,76.97,Placed
7262,8,85,6,2,5,67,86.54,Placed
7263,6,95,9,7,1,58,72.72,Placed
7264,11,48,5,9,11,46,100.0,Placed
7265,3,84,8,5,14,71,100.0,Placed
7266,4,62,7,9,8,43,62.84,Not Placed
7267,2,93,7,8,1,78,68.92,Not Placed
7268,1,75,6,1,11,77,80.19,Placed
7269,8,92,8,11,15,78,100.0,Placed
7270,1,79,9,2,6,37,61.26,Not Placed
7271,11,42,4,6,0,78,100.0,Placed
7272,1,73,5,5,20,57,83.17,Placed
7273,4,58,4,11,6,58,55.55,Not Placed
7274,10,67,6,7,2,67,96.18,Placed
7275,10,62,7,9,19,64,100.0,Placed
7276,6,79,9,4,4,72,97.34,Placed
7277,9,88,7,8,2,77,98.65,Placed
7278,1,84,4,4,14,36,73.14,Placed
7279,7,46,9,3,5,74,90.98,Placed
7280,10,80,5,2,14,56,100.0,Placed
7281,11,51,6,8,2,45,81.97,Placed
7282,5,100,5,11,0,93,92.7,Placed
7283,8,53,6,8,1,46,74.6,Placed
7284,7,85,5,11,3,53,63.12,Not Placed
7285,4,54,4,3,20,54,96.18,Placed
7286,4,42,8,1,13,89,100.0,Placed
7287,6,54,9,6,13,43,88.95,Placed
7288,6,90,6,5,9,77,100.0,Placed
7289,9,63,4,8,10,92,100.0,Placed
7290,5,91,7,6,3,52,88.23,Placed
7291,8,85,7,4,14,75,100.0,Placed
7292,5,47,5,10,19,81,99.41,Placed
7293,2,44,7,10,3,88,59.97,Not Placed
7294,6,90,8,11,19,52,100.0,Placed
7295,9,43,6,2,19,74,100.0,Placed
7296,3,53,5,8,15,70,87.98,Placed
7297,1,55,6,5,1,61,63.08,Not Placed
7298,1,59,6,8,12,47,59.92,Not Placed
7299,3,63,4,5,7,81,58.84,Not Placed
7300,10,45,7,6,12,42,100.0,Placed
7301,5,94,9,10,19,82,100.0,Placed
7302,3,96,6,5,20,77,88.43,Placed
7303,9,70,8,11,7,57,93.07,Placed
7304,8,45,8,3,3,89,100.0,Placed
7305,3,74,9,10,4,93,61.0,Not Placed
7306,9,54,7,8,20,47,100.0,Placed
7307,6,68,7,3,5,41,80.94,Placed
7308,7,42,5,4,18,84,100.0,Placed
7309,4,50,5,6,9,74,74.58,Placed
7310,4,42,5,2,2,36,55.11,Not Placed
7311,2,67,7,7,12,37,64.39,Not Placed
7312,5,49,6,5,8,76,80.37,Placed
7313,8,89,4,10,16,73,100.0,Placed
7314,7,72,9,5,9,57,100.0,Placed
7315,7,87,9,5,11,94,100.0,Placed
7316,6,55,9,2,12,41,83.61,Placed
7317,3,98,5,11,9,38,65.61,Not Placed
7318,5,49,4,10,18,87,91.61,Placed
7319,1,72,8,9,20,89,89.79,Placed
7320,7,75,7,3,18,42,98.05,Placed
7321,9,42,8,7,16,66,98.1,Placed
7322,1,44,5,5,4,53,42.72,Not Placed
7323,2,51,6,10,7,88,69.74,Not Placed
7324,3,96,5,10,4,46,62.28,Not Placed
7325,3,83,4,5,14,91,100.0,Placed
7326,8,52,5,4,3,44,54.43,Not Placed
7327,7,63,9,10,12,48,88.36,Placed
7328,6,83,6,6,16,61,96.36,Placed
7329,10,96,6,7,4,78,97.47,Placed
7330,10,71,7,7,0,55,80.67,Placed
7331,11,55,7,11,14,54,85.62,Placed
7332,4,71,9,8,9,91,94.01,Placed
7333,9,84,6,5,10,38,97.42,Placed
7334,1,76,9,7,17,53,69.07,Not Placed
7335,11,95,6,4,12,63,100.0,Placed
7336,2,75,4,9,19,41,73.36,Placed
7337,4,60,5,5,15,87,86.07,Placed
7338,3,86,7,3,18,67,100.0,Placed
7339,1,51,4,5,11,42,55.12,Not Placed
7340,5,90,5,9,13,45,81.78,Placed
7341,7,60,7,11,1,67,82.94,Placed
7342,2,99,9,8,9,59,93.65,Placed
7343,5,90,4,1,3,67,96.0,Placed
7344,6,60,8,5,0,70,71.37,Placed
7345,11,82,8,6,16,60,100.0,Placed
7346,7,92,7,10,10,70,80.86,Placed
7347,1,45,4,11,6,45,46.15,Not Placed
7348,7,48,5,2,16,64,100.0,Placed
7349,4,40,5,6,16,91,100.0,Placed
7350,8,51,4,9,8,67,100.0,Placed
7351,4,97,8,4,9,44,98.07,Placed
7352,6,53,4,3,5,63,82.37,Placed
7353,9,45,8,9,16,59,100.0,Placed
7354,5,40,8,2,15,66,100.0,Placed
7355,4,61,9,9,6,38,68.33,Not Placed
7356,8,73,9,11,18,89,100.0,Placed
7357,9,95,5,10,3,91,96.58,Placed
7358,4,50,7,11,19,93,94.38,Placed
7359,3,42,6,11,16,73,84.2,Placed
7360,8,81,4,2,8,68,71.05,Placed
7361,5,45,8,11,10,56,71.3,Placed
7362,2,45,4,10,0,47,48.28,Not Placed
7363,10,59,7,3,6,88,100.0,Placed
7364,9,60,7,7,4,85,99.6,Placed
7365,3,41,6,2,4,70,52.11,Not Placed
7366,2,65,6,1,0,40,50.23,Not Placed
7367,1,70,8,9,5,93,66.67,Not Placed
7368,8,65,9,6,12,88,100.0,Placed
7369,11,95,6,9,14,51,100.0,Placed
7370,3,71,9,3,3,60,68.24,Not Placed
7371,7,49,9,3,16,58,94.83,Placed
7372,1,62,8,10,12,43,77.41,Placed
7373,1,97,5,3,10,36,55.72,Not Placed
7374,9,45,9,2,3,54,99.01,Placed
7375,8,62,8,11,6,61,87.19,Placed
7376,3,67,6,6,18,40,91.04,Placed
7377,6,88,4,3,6,84,99.42,Placed
7378,11,69,6,5,13,61,100.0,Placed
7379,3,53,7,11,20,89,82.65,Placed
7380,4,76,6,5,15,88,91.1,Placed
7381,1,94,5,10,20,58,70.78,Placed
7382,5,71,8,3,8,49,84.17,Placed
7383,1,88,9,3,1,89,90.02,Placed
7384,1,73,7,1,15,82,84.83,Placed
7385,10,80,8,6,4,92,100.0,Placed
7386,11,83,8,3,11,67,100.0,Placed
7387,11,90,9,1,19,76,100.0,Placed
7388,7,61,6,10,14,44,92.63,Placed
7389,6,70,4,9,2,55,66.29,Not Placed
7390,2,46,7,11,8,40,40.33,Not Placed
7391,11,80,9,1,6,64,100.0,Placed
7392,2,60,5,5,3,57,66.15,Not Placed
7393,11,55,5,5,8,70,100.0,Placed
7394,7,59,4,2,14,80,100.0,Placed
7395,1,82,4,1,20,91,100.0,Placed
7396,2,83,6,6,6,83,94.87,Placed
7397,8,86,5,7,10,37,97.56,Placed
7398,6,89,7,11,18,60,82.48,Placed
7399,2,58,9,11,10,68,82.07,Placed
7400,7,87,4,9,0,64,75.43,Placed
7401,4,71,4,8,20,52,87.84,Placed
7402,2,54,4,10,12,51,56.06,Not Placed
7403,6,44,9,3,12,79,94.41,Placed
7404,11,50,7,9,1,85,73.98,Placed
7405,9,54,5,1,16,76,100.0,Placed
7406,11,68,7,6,18,55,100.0,Placed
7407,9,89,9,10,14,88,100.0,Placed
7408,8,84,7,2,18,58,100.0,Placed
7409,3,43,6,10,9,38,64.82,Not Placed
7410,3,88,9,9,9,83,100.0,Placed
7411,2,75,4,9,8,94,76.02,Placed
7412,5,87,5,8,18,82,100.0,Placed
7413,4,62,6,11,10,59,64.73,Not Placed
7414,7,54,6,7,5,85,93.8,Placed
7415,4,85,9,6,1,58,71.21,Placed
7416,9,83,8,2,9,80,100.0,Placed
7417,2,42,4,4,14,86,69.9,Not Placed
7418,11,71,5,10,4,61,94.22,Placed
7419,6,49,5,7,17,65,100.0,Placed
7420,7,79,5,6,6,81,88.53,Placed
7421,4,77,9,9,2,85,83.45,Placed
7422,6,61,4,5,20,69,100.0,Placed
7423,7,53,9,6,15,86,100.0,Placed
7424,4,56,5,10,16,54,87.93,Placed
7425,8,60,7,6,1,50,85.57,Placed
7426,9,90,7,8,15,94,100.0,Placed
7427,1,87,4,8,20,65,100.0,Placed
7428,7,54,5,6,19,41,98.98,Placed
7429,9,97,9,8,0,52,97.19,Placed
7430,10,54,8,7,13,42,100.0,Placed
7431,5,40,8,1,15,61,99.49,Placed
7432,2,63,8,5,8,48,93.54,Placed
7433,10,94,7,11,16,52,100.0,Placed
7434,6,94,9,10,7,35,82.22,Placed
7435,7,51,8,10,8,90,81.95,Placed
7436,2,49,5,10,1,65,47.09,Not Placed
7437,2,85,5,5,12,54,65.33,Not Placed
7438,10,81,8,10,0,40,85.52,Placed
7439,10,81,6,9,6,79,99.16,Placed
7440,1,91,8,7,17,35,86.29,Placed
7441,4,100,6,7,20,53,95.87,Placed
7442,7,70,4,10,4,73,87.31,Placed
7443,9,50,4,2,6,89,99.09,Placed
7444,3,93,5,8,11,61,93.11,Placed
7445,11,55,9,3,16,90,100.0,Placed
7446,7,100,7,9,4,50,82.86,Placed
7447,7,48,9,6,11,48,70.7,Placed
7448,7,86,5,9,18,68,93.71,Placed
7449,2,53,5,9,12,41,64.97,Not Placed
7450,6,58,9,7,15,54,82.26,Placed
7451,2,70,7,10,18,65,93.56,Placed
7452,6,48,5,8,9,56,70.35,Placed
7453,10,75,7,2,11,54,100.0,Placed
7454,3,92,5,5,6,49,77.83,Placed
7455,2,78,4,3,13,59,89.66,Placed
7456,6,93,6,1,9,80,93.61,Placed
7457,2,65,5,6,7,35,41.0,Not Placed
7458,5,47,6,9,14,51,74.08,Placed
7459,2,63,8,2,15,50,94.96,Placed
7460,3,47,5,9,7,71,64.39,Not Placed
7461,3,58,4,8,3,55,65.89,Not Placed
7462,6,86,7,11,16,61,82.48,Placed
7463,6,87,4,9,3,90,82.17,Placed
7464,10,69,6,5,10,89,100.0,Placed
7465,3,97,7,2,12,93,97.17,Placed
7466,3,61,4,10,5,69,49.89,Not Placed
7467,1,94,4,10,13,58,62.87,Not Placed
7468,7,48,4,6,6,86,82.76,Placed
7469,8,97,9,7,11,85,100.0,Placed
7470,2,97,7,3,0,36,74.08,Placed
7471,4,83,4,6,9,91,93.62,Placed
7472,10,87,4,6,0,80,100.0,Placed
7473,7,43,6,8,15,94,100.0,Placed
7474,8,76,4,1,6,89,100.0,Placed
7475,1,47,4,4,19,87,100.0,Placed
7476,4,40,8,1,5,59,71.13,Placed
7477,6,67,7,8,17,53,100.0,Placed
7478,3,45,8,2,19,79,96.22,Placed
7479,5,86,9,8,3,47,86.35,Placed
7480,10,75,6,3,15,63,100.0,Placed
7481,9,92,8,8,0,66,96.34,Placed
7482,11,50,9,6,20,40,100.0,Placed
7483,3,44,5,1,19,90,95.24,Placed
7484,5,89,7,7,1,43,82.6,Placed
7485,8,63,4,7,15,86,98.5,Placed
7486,6,86,8,6,20,35,91.86,Placed
7487,4,57,8,1,8,58,89.12,Placed
7488,8,59,4,5,14,44,100.0,Placed
7489,11,67,4,1,15,69,100.0,Placed
7490,3,52,6,1,8,40,76.99,Placed
7491,3,44,8,6,6,82,67.29,Not Placed
7492,4,69,8,8,9,54,77.52,Placed
7493,9,40,5,1,6,72,78.83,Placed
7494,5,61,9,2,12,46,78.36,Placed
7495,8,57,5,5,1,37,83.95,Placed
7496,6,85,8,8,11,89,100.0,Placed
7497,3,44,5,11,12,52,79.37,Placed
7498,8,70,8,4,2,55,90.87,Placed
7499,9,45,7,5,10,69,97.89,Placed
7500,8,66,6,10,7,71,88.21,Placed
7501,4,95,5,5,10,53,94.72,Placed
7502,11,64,8,3,17,59,100.0,Placed
7503,6,68,5,6,6,90,92.62,Placed
7504,1,67,9,5,11,52,76.52,Placed
7505,4,55,6,2,5,74,65.77,Not Placed
7506,8,93,7,10,9,64,100.0,Placed
7507,1,92,4,4,19,90,98.8,Placed
7508,3,51,4,11,14,76,78.07,Placed
7509,1,59,5,4,19,85,99.33,Placed
7510,9,57,8,7,14,76,100.0,Placed
7511,2,73,9,7,18,87,100.0,Placed
7512,9,94,6,9,5,68,86.55,Placed
7513,4,92,7,10,18,44,100.0,Placed
7514,2,62,7,2,14,56,97.01,Placed
7515,4,84,7,6,19,84,100.0,Placed
7516,11,66,4,2,19,38,100.0,Placed
7517,11,88,6,9,17,37,90.14,Placed
7518,10,56,4,2,1,83,100.0,Placed
7519,6,87,5,6,6,90,90.56,Placed
7520,11,60,7,8,4,90,92.13,Placed
7521,7,89,6,6,2,83,99.15,Placed
7522,3,79,7,3,5,62,69.32,Not Placed
7523,3,70,4,5,5,56,54.6,Not Placed
7524,10,42,4,4,0,46,81.99,Placed
7525,8,56,4,1,18,83,100.0,Placed
7526,5,100,7,5,11,47,96.09,Placed
7527,4,89,6,10,4,75,91.28,Placed
7528,7,97,6,5,6,67,95.51,Placed
7529,7,65,5,7,19,81,100.0,Placed
7530,9,62,7,7,7,53,94.33,Placed
7531,9,45,5,2,18,75,100.0,Placed
7532,5,67,9,4,5,51,71.77,Placed
7533,8,47,5,1,14,81,84.0,Placed
7534,10,94,5,5,5,68,100.0,Placed
7535,1,97,5,5,8,38,61.77,Not Placed
7536,9,84,4,4,3,73,79.45,Placed
7537,8,47,9,10,15,42,91.26,Placed
7538,6,58,5,7,9,67,87.05,Placed
7539,3,77,6,6,0,35,54.4,Not Placed
7540,3,68,5,10,10,39,63.64,Not Placed
7541,8,62,4,3,16,66,100.0,Placed
7542,5,86,8,2,17,74,100.0,Placed
7543,10,71,9,4,19,35,100.0,Placed
7544,11,49,8,9,19,69,100.0,Placed
7545,7,66,8,10,14,56,97.19,Placed
7546,5,88,9,5,5,63,95.07,Placed
7547,8,40,7,1,15,51,100.0,Placed
7548,10,78,6,11,1,64,84.35,Placed
7549,10,68,4,3,2,69,100.0,Placed
7550,4,98,9,9,16,94,100.0,Placed
7551,2,84,8,7,7,35,77.58,Placed
7552,3,42,4,3,19,38,74.63,Placed
7553,8,90,4,1,14,43,100.0,Placed
7554,11,86,7,4,12,79,100.0,Placed
7555,7,76,8,9,20,66,100.0,Placed
7556,2,70,5,7,18,39,84.33,Placed
7557,6,50,4,5,0,48,63.55,Not Placed
7558,9,61,8,11,11,85,97.1,Placed
7559,4,57,4,6,17,60,85.27,Placed
7560,9,74,7,1,17,57,100.0,Placed
7561,2,45,7,7,2,80,49.77,Not Placed
7562,2,42,5,5,17,56,75.32,Placed
7563,9,44,7,7,16,61,100.0,Placed
7564,7,48,8,5,10,59,82.97,Placed
7565,7,67,9,5,4,70,85.02,Placed
7566,1,58,7,3,6,38,31.41,Not Placed
7567,11,67,9,5,17,66,100.0,Placed
7568,6,66,5,8,6,43,79.66,Placed
7569,7,52,6,8,17,36,80.73,Placed
7570,11,100,4,2,1,76,100.0,Placed
7571,6,77,4,11,5,84,100.0,Placed
7572,6,82,8,1,7,91,100.0,Placed
7573,2,92,5,2,20,73,95.22,Placed
7574,6,60,5,11,20,87,100.0,Placed
7575,4,66,5,7,16,80,87.54,Placed
7576,9,85,4,3,3,87,98.7,Placed
7577,1,45,7,8,16,59,72.94,Placed
7578,8,77,4,4,15,95,100.0,Placed
7579,5,88,4,10,20,81,85.87,Placed
7580,1,50,4,10,14,44,39.63,Not Placed
7581,4,86,7,8,14,71,98.29,Placed
7582,1,80,6,2,7,59,90.65,Placed
7583,6,92,8,5,16,74,100.0,Placed
7584,2,56,6,6,18,88,90.69,Placed
7585,5,95,6,1,0,87,100.0,Placed
7586,7,78,4,1,12,63,100.0,Placed
7587,2,46,6,9,5,71,69.58,Not Placed
7588,6,69,4,5,9,39,83.36,Placed
7589,6,60,4,4,0,48,40.48,Not Placed
7590,5,40,8,1,11,67,83.61,Placed
7591,5,64,5,3,18,61,100.0,Placed
7592,3,71,4,4,14,39,81.25,Placed
7593,10,98,6,11,20,85,100.0,Placed
7594,10,96,8,11,4,88,91.4,Placed
7595,11,47,9,5,1,91,100.0,Placed
7596,2,44,9,10,18,78,70.08,Placed
7597,7,69,9,5,13,49,91.48,Placed
7598,1,90,6,10,8,37,71.89,Placed
7599,6,47,5,8,0,35,47.93,Not Placed
7600,6,88,7,3,12,58,94.93,Placed
7601,3,58,5,7,16,46,72.13,Placed
7602,2,83,8,6,1,79,83.89,Placed
7603,2,98,5,10,13,48,71.61,Placed
7604,9,94,9,11,19,91,100.0,Placed
7605,11,69,5,10,5,76,91.39,Placed
7606,5,54,8,10,5,54,58.87,Not Placed
7607,7,75,8,11,17,92,100.0,Placed
7608,5,94,9,6,18,48,98.22,Placed
7609,7,83,6,10,8,48,88.9,Placed
7610,4,66,4,9,14,79,100.0,Placed
7611,8,52,7,7,6,87,84.32,Placed
7612,11,53,7,11,5,69,99.07,Placed
7613,10,76,9,7,4,95,100.0,Placed
7614,11,93,7,11,18,90,100.0,Placed
7615,10,87,5,1,19,53,100.0,Placed
7616,7,69,8,1,0,54,62.1,Not Placed
7617,10,78,8,9,20,76,100.0,Placed
7618,5,86,9,9,6,78,83.25,Placed
7619,11,52,8,11,17,57,100.0,Placed
7620,6,97,4,10,7,68,84.73,Placed
7621,5,55,8,3,11,35,74.92,Placed
7622,7,83,8,11,9,38,72.0,Placed
7623,2,46,5,11,5,74,71.34,Placed
7624,5,87,6,8,15,51,92.88,Placed
7625,10,94,7,9,18,60,100.0,Placed
7626,3,94,5,1,17,48,88.05,Placed
7627,9,66,5,3,12,80,100.0,Placed
7628,6,84,5,6,19,85,93.65,Placed
7629,10,100,7,4,6,66,100.0,Placed
7630,3,94,9,8,6,70,100.0,Placed
7631,7,74,5,9,15,54,99.71,Placed
7632,4,54,6,7,9,50,64.47,Not Placed
7633,3,67,9,11,14,85,95.81,Placed
7634,8,74,8,1,13,53,92.21,Placed
7635,4,46,6,2,11,79,83.46,Placed
7636,11,89,9,1,14,73,100.0,Placed
7637,1,85,8,9,7,58,76.29,Placed
7638,6,89,8,4,6,48,82.02,Placed
7639,10,90,5,10,20,63,100.0,Placed
7640,11,85,5,8,8,76,100.0,Placed
7641,11,59,7,5,13,48,100.0,Placed
7642,1,71,4,5,6,86,73.06,Placed
7643,5,77,6,5,11,45,83.18,Placed
7644,7,100,7,11,13,45,99.71,Placed
7645,6,79,7,5,10,81,97.08,Placed
7646,2,71,6,3,18,74,89.06,Placed
7647,11,65,9,6,5,58,89.34,Placed
7648,4,97,6,1,2,56,88.33,Placed
7649,11,78,8,8,5,83,100.0,Placed
7650,2,59,4,4,8,89,65.7,Not Placed
7651,11,57,9,6,1,89,100.0,Placed
7652,1,89,5,2,5,55,84.3,Placed
7653,3,54,4,2,13,40,66.7,Not Placed
7654,3,91,4,8,18,48,88.11,Placed
7655,7,61,5,1,3,43,71.68,Placed
7656,1,90,4,8,13,69,65.02,Not Placed
7657,9,61,9,10,20,78,100.0,Placed
7658,11,92,9,10,9,70,100.0,Placed
7659,6,60,9,1,5,59,100.0,Placed
7660,4,41,7,9,10,49,79.72,Placed
7661,3,79,7,1,12,79,100.0,Placed
7662,3,92,9,4,17,92,100.0,Placed
7663,2,82,5,9,19,62,75.98,Placed
7664,2,57,5,1,13,84,87.78,Placed
7665,10,62,6,9,19,48,100.0,Placed
7666,5,52,6,8,19,47,99.67,Placed
7667,9,80,9,5,10,75,100.0,Placed
7668,2,48,4,6,20,65,75.07,Placed
7669,2,88,4,5,4,39,48.81,Not Placed
7670,6,46,5,4,7,53,74.69,Placed
7671,10,80,4,10,3,42,93.06,Placed
7672,2,93,8,4,11,47,77.52,Placed
7673,4,40,7,10,5,75,74.19,Placed
7674,6,41,4,8,7,51,77.27,Placed
7675,5,43,4,8,3,66,58.22,Not Placed
7676,1,53,6,9,19,39,63.47,Not Placed
7677,6,71,8,3,9,43,100.0,Placed
7678,1,75,4,10,10,77,72.02,Placed
7679,3,41,7,8,14,68,93.21,Placed
7680,10,79,4,3,4,79,100.0,Placed
7681,5,89,5,2,2,35,83.05,Placed
7682,10,90,8,2,14,74,100.0,Placed
7683,5,53,4,9,1,49,62.09,Not Placed
7684,10,59,8,4,1,88,100.0,Placed
7685,6,64,4,5,7,66,69.39,Not Placed
7686,10,81,7,2,13,68,100.0,Placed
7687,8,88,7,9,8,69,99.87,Placed
7688,5,47,8,7,4,87,88.37,Placed
7689,11,67,9,3,11,83,100.0,Placed
7690,1,85,6,6,9,84,62.57,Not Placed
7691,5,60,6,7,0,93,75.65,Placed
7692,3,62,5,6,18,62,85.28,Placed
7693,4,71,9,10,10,51,85.25,Placed
7694,8,47,6,11,16,80,100.0,Placed
7695,7,70,8,10,2,45,66.94,Not Placed
7696,11,76,6,6,0,57,87.14,Placed
7697,5,55,5,8,16,89,88.55,Placed
7698,2,79,4,8,5,60,51.89,Not Placed
7699,6,81,6,5,12,80,88.09,Placed
7700,11,66,8,4,19,39,100.0,Placed
7701,6,79,8,11,3,60,100.0,Placed
7702,10,80,5,5,4,40,98.69,Placed
7703,10,57,5,9,14,95,100.0,Placed
7704,11,74,7,10,13,85,100.0,Placed
7705,6,88,7,6,18,77,100.0,Placed
7706,9,91,7,3,14,68,100.0,Placed
7707,11,54,4,3,11,76,100.0,Placed
7708,8,92,8,1,17,47,100.0,Placed
7709,8,66,7,5,13,59,98.08,Placed
7710,1,56,8,6,9,36,44.41,Not Placed
7711,5,79,5,8,7,48,68.83,Not Placed
7712,7,41,4,11,3,51,79.85,Placed
7713,6,88,5,9,17,75,100.0,Placed
7714,5,89,8,7,7,74,96.02,Placed
7715,8,70,9,1,3,74,100.0,Placed
7716,3,100,9,7,10,73,100.0,Placed
7717,6,76,7,10,4,59,75.88,Placed
7718,5,80,9,9,9,61,76.76,Placed
7719,8,80,5,4,5,82,98.0,Placed
7720,4,73,9,11,3,85,78.32,Placed
7721,8,73,6,7,17,58,100.0,Placed
7722,10,90,4,9,20,83,100.0,Placed
7723,2,94,8,1,16,67,91.4,Placed
7724,9,98,7,10,6,61,87.86,Placed
7725,9,42,5,9,8,79,77.84,Placed
7726,10,56,4,4,2,65,93.45,Placed
7727,10,53,7,8,8,82,95.53,Placed
7728,6,53,5,3,3,72,81.71,Placed
7729,4,85,9,2,18,49,100.0,Placed
7730,4,77,8,8,8,78,92.15,Placed
7731,6,74,6,8,19,90,100.0,Placed
7732,5,40,6,3,5,74,66.56,Not Placed
7733,6,87,9,8,10,92,100.0,Placed
7734,7,68,8,11,14,35,79.19,Placed
7735,7,43,4,11,5,45,80.54,Placed
7736,9,100,8,6,19,49,100.0,Placed
7737,8,72,9,10,9,67,89.76,Placed
7738,6,56,5,9,17,91,83.95,Placed
7739,6,67,4,10,15,82,96.23,Placed
7740,5,89,6,6,3,66,88.91,Placed
7741,1,65,9,8,19,59,69.25,Not Placed
7742,9,47,5,2,12,73,100.0,Placed
7743,9,73,9,1,4,67,100.0,Placed
7744,9,98,7,10,19,63,100.0,Placed
7745,11,57,7,10,18,92,100.0,Placed
7746,8,70,7,2,17,68,100.0,Placed
7747,10,98,6,4,19,42,100.0,Placed
7748,3,66,8,10,16,90,79.12,Placed
7749,1,55,4,9,15,45,68.42,Not Placed
7750,11,97,6,7,0,47,100.0,Placed
7751,8,49,5,9,20,39,87.79,Placed
7752,7,79,5,9,0,84,67.29,Not Placed
7753,5,51,7,9,19,53,91.52,Placed
7754,10,61,4,8,13,55,81.22,Placed
7755,7,55,7,6,1,37,70.75,Placed
7756,10,51,5,11,14,60,91.22,Placed
7757,4,50,5,10,2,67,50.3,Not Placed
7758,9,59,8,7,12,64,100.0,Placed
7759,11,90,8,2,18,56,100.0,Placed
7760,10,40,8,11,0,39,84.99,Placed
7761,2,66,7,1,12,53,79.72,Placed
7762,9,42,9,5,14,43,100.0,Placed
7763,9,51,4,8,15,92,100.0,Placed
7764,5,69,8,3,10,58,88.4,Placed
7765,11,48,6,7,2,73,100.0,Placed
7766,1,92,8,5,7,46,73.34,Placed
7767,7,100,7,10,5,80,100.0,Placed
7768,10,93,4,8,4,95,100.0,Placed
7769,10,76,8,6,14,82,100.0,Placed
7770,4,40,4,6,8,79,61.96,Not Placed
7771,9,81,6,7,4,61,85.66,Placed
7772,6,88,5,7,20,84,100.0,Placed
7773,3,43,4,4,9,76,78.0,Placed
7774,6,54,9,10,5,87,76.5,Placed
7775,10,90,8,10,10,55,100.0,Placed
7776,6,66,7,10,3,72,73.65,Placed
7777,5,47,9,8,19,88,96.79,Placed
7778,2,99,9,6,11,69,72.03,Placed
7779,10,99,7,11,19,66,100.0,Placed
7780,10,62,7,8,5,93,100.0,Placed
7781,2,54,7,7,0,70,63.45,Not Placed
7782,7,66,9,1,17,67,100.0,Placed
7783,2,70,4,4,1,77,69.04,Not Placed
7784,6,78,7,7,4,51,80.34,Placed
7785,5,86,5,9,15,39,90.06,Placed
7786,4,47,9,2,11,78,100.0,Placed
7787,7,69,9,5,11,54,90.01,Placed
7788,8,97,9,9,10,57,100.0,Placed
7789,4,94,6,9,19,73,90.8,Placed
7790,1,81,4,6,18,38,86.41,Placed
7791,1,57,4,7,20,60,70.34,Placed
7792,1,43,7,9,6,64,57.07,Not Placed
7793,11,86,9,10,1,82,100.0,Placed
7794,1,82,9,8,5,81,91.21,Placed
7795,5,61,7,10,3,80,61.93,Not Placed
7796,4,42,4,6,1,63,65.5,Not Placed
7797,9,54,7,6,16,68,90.7,Placed
7798,3,74,7,7,7,44,56.49,Not Placed
7799,7,86,7,7,4,54,84.79,Placed
7800,11,77,7,2,9,58,100.0,Placed
7801,8,72,7,9,15,68,100.0,Placed
7802,6,53,8,4,1,71,81.47,Placed
7803,10,87,8,10,18,47,100.0,Placed
7804,1,40,9,9,6,57,56.9,Not Placed
7805,8,92,9,11,1,44,94.9,Placed
7806,10,88,8,10,12,56,100.0,Placed
7807,3,65,4,3,3,79,55.59,Not Placed
7808,8,47,6,5,15,48,94.75,Placed
7809,4,89,4,5,9,59,82.65,Placed
7810,8,55,9,7,16,52,100.0,Placed
7811,11,77,8,4,20,54,100.0,Placed
7812,1,49,4,11,13,89,77.06,Placed
7813,3,81,6,4,11,62,65.77,Not Placed
7814,6,76,7,1,12,42,89.38,Placed
7815,9,65,5,6,19,39,100.0,Placed
7816,2,67,8,4,7,55,76.0,Placed
7817,11,51,8,11,16,54,100.0,Placed
7818,1,59,6,10,17,91,98.71,Placed
7819,10,88,7,10,20,78,100.0,Placed
7820,3,53,7,5,9,50,75.51,Placed
7821,4,85,5,11,12,92,79.32,Placed
7822,11,74,7,9,1,54,85.68,Placed
7823,5,68,6,4,16,85,100.0,Placed
7824,3,51,9,1,5,59,61.01,Not Placed
7825,10,91,7,11,11,41,100.0,Placed
7826,11,57,9,9,12,59,100.0,Placed
7827,2,83,9,5,3,70,95.74,Placed
7828,2,41,6,10,14,85,81.84,Placed
7829,7,41,8,11,15,44,86.46,Placed
7830,9,98,8,7,20,74,100.0,Placed
7831,10,56,8,3,18,50,100.0,Placed
7832,2,49,4,4,14,38,43.92,Not Placed
7833,7,57,8,10,5,44,83.6,Placed
7834,7,61,6,9,19,85,100.0,Placed
7835,11,58,5,10,5,82,98.36,Placed
7836,7,97,7,1,4,65,97.1,Placed
7837,3,92,8,11,1,46,55.04,Not Placed
7838,7,40,4,5,19,54,92.02,Placed
7839,1,63,9,8,1,66,61.3,Not Placed
7840,10,100,4,10,4,36,93.39,Placed
7841,1,75,6,7,2,94,56.36,Not Placed
7842,5,64,5,4,5,45,80.99,Placed
7843,2,75,8,7,10,54,72.72,Placed
7844,9,70,8,1,4,57,100.0,Placed
7845,7,70,4,6,17,47,86.68,Placed
7846,4,41,6,9,13,69,81.24,Placed
7847,4,58,4,3,9,51,90.08,Placed
7848,2,92,4,4,2,44,67.29,Not Placed
7849,5,51,5,8,15,74,83.38,Placed
7850,4,49,6,5,15,72,70.47,Placed
7851,1,70,5,5,10,48,57.08,Not Placed
7852,8,84,6,1,3,53,88.22,Placed
7853,3,100,8,6,10,66,96.35,Placed
7854,6,61,7,2,7,90,93.83,Placed
7855,4,62,9,1,15,88,100.0,Placed
7856,9,91,7,6,7,67,100.0,Placed
7857,7,62,6,5,8,91,100.0,Placed
7858,9,54,7,5,13,77,100.0,Placed
7859,10,65,4,9,7,59,86.73,Placed
7860,3,42,8,10,15,59,61.11,Not Placed
7861,1,62,9,10,1,48,53.76,Not Placed
7862,5,59,9,3,19,79,100.0,Placed
7863,3,100,9,1,18,78,100.0,Placed
7864,6,84,8,8,19,88,100.0,Placed
7865,8,79,7,5,19,72,100.0,Placed
7866,11,96,9,11,18,95,100.0,Placed
7867,4,78,9,5,18,70,100.0,Placed
7868,5,95,6,8,17,58,100.0,Placed
7869,5,47,4,8,12,75,70.62,Placed
7870,4,57,6,11,16,94,67.9,Not Placed
7871,4,80,7,2,0,73,80.84,Placed
7872,4,45,8,3,20,73,100.0,Placed
7873,4,66,8,10,4,47,73.48,Placed
7874,4,75,6,10,19,36,61.77,Not Placed
7875,5,54,5,1,20,68,100.0,Placed
7876,2,76,6,3,12,94,100.0,Placed
7877,2,97,5,4,5,49,73.67,Placed
7878,9,44,6,11,9,92,84.79,Placed
7879,2,78,5,7,8,82,75.5,Placed
7880,6,48,5,9,5,93,70.77,Placed
7881,2,46,9,5,0,36,35.08,Not Placed
7882,5,80,9,1,17,86,100.0,Placed
7883,4,59,5,2,6,59,76.09,Placed
7884,7,49,5,10,9,39,61.5,Not Placed
7885,7,65,4,2,11,68,94.45,Placed
7886,6,43,5,9,20,86,100.0,Placed
7887,10,77,9,10,14,73,100.0,Placed
7888,5,63,5,7,16,39,76.13,Placed
7889,1,53,8,2,2,77,65.88,Not Placed
7890,3,80,4,1,14,42,96.63,Placed
7891,9,40,5,5,0,83,98.14,Placed
7892,1,56,9,1,10,48,47.3,Not Placed
7893,5,84,9,9,5,63,80.25,Placed
7894,2,63,7,3,15,64,85.55,Placed
7895,4,66,9,2,20,71,100.0,Placed
7896,11,46,4,6,11,38,88.45,Placed
7897,1,48,9,3,20,69,86.37,Placed
7898,3,82,8,5,14,41,81.61,Placed
7899,10,74,6,10,17,60,100.0,Placed
7900,7,97,8,8,9,66,100.0,Placed
7901,10,51,8,10,11,77,100.0,Placed
7902,3,60,4,2,19,67,88.96,Placed
7903,4,42,4,5,18,88,100.0,Placed
7904,2,54,7,11,4,58,54.53,Not Placed
7905,3,60,9,8,17,84,100.0,Placed
7906,9,49,7,1,18,88,100.0,Placed
7907,3,72,4,10,11,93,79.12,Placed
7908,11,85,9,10,0,35,94.17,Placed
7909,5,98,4,11,1,63,46.86,Not Placed
7910,2,91,4,4,2,82,72.73,Placed
7911,4,45,6,5,11,79,54.45,Not Placed
7912,7,41,8,10,13,72,80.34,Placed
7913,7,68,7,11,6,72,79.02,Placed
7914,3,94,7,3,3,55,76.86,Placed
7915,5,79,5,2,11,57,93.95,Placed
7916,1,72,6,3,7,80,59.8,Not Placed
7917,10,100,4,11,0,39,75.42,Placed
7918,10,43,4,5,4,64,83.01,Placed
7919,10,98,6,7,0,74,100.0,Placed
7920,11,43,9,2,14,52,100.0,Placed
7921,1,68,7,7,12,40,51.27,Not Placed
7922,5,76,4,6,12,39,85.75,Placed
7923,10,99,5,7,3,76,100.0,Placed
7924,9,99,7,7,14,52,100.0,Placed
7925,1,59,8,9,11,93,90.65,Placed
7926,1,80,6,7,7,47,52.37,Not Placed
7927,4,62,7,6,15,89,95.41,Placed
7928,4,84,8,10,11,54,79.5,Placed
7929,2,57,5,8,5,72,70.61,Placed
7930,9,88,9,7,14,55,100.0,Placed
7931,9,64,6,6,6,38,100.0,Placed
7932,2,40,9,4,4,47,55.89,Not Placed
7933,9,93,4,7,14,52,100.0,Placed
7934,6,54,9,8,11,47,87.63,Placed
7935,8,73,4,8,10,47,82.48,Placed
7936,10,87,8,4,3,73,100.0,Placed
7937,4,59,7,10,12,71,86.85,Placed
7938,2,93,5,9,17,95,100.0,Placed
7939,2,76,8,3,7,69,93.57,Placed
7940,9,66,5,9,6,72,84.85,Placed
7941,1,61,9,3,15,74,92.26,Placed
7942,7,90,5,7,2,61,75.46,Placed
7943,11,44,9,4,15,92,100.0,Placed
7944,3,73,5,5,15,60,89.06,Placed
7945,3,78,6,3,6,46,74.33,Placed
7946,2,42,8,2,12,36,76.52,Placed
7947,10,56,6,8,12,77,100.0,Placed
7948,6,63,7,7,20,92,100.0,Placed
7949,10,63,7,7,18,94,100.0,Placed
7950,2,42,4,8,17,54,54.73,Not Placed
7951,10,84,4,1,6,69,100.0,Placed
7952,4,46,4,8,19,89,96.88,Placed
7953,10,64,7,10,17,44,100.0,Placed
7954,9,95,5,5,17,42,100.0,Placed
7955,9,42,9,8,3,74,69.27,Not Placed
7956,6,54,5,9,8,80,75.01,Placed
7957,4,68,8,2,20,70,100.0,Placed
7958,7,89,7,3,15,65,100.0,Placed
7959,1,68,9,6,3,49,77.32,Placed
7960,4,49,9,9,7,76,70.81,Placed
7961,5,71,9,10,2,52,79.78,Placed
7962,8,62,4,10,8,88,99.65,Placed
7963,2,78,9,8,7,49,45.84,Not Placed
7964,5,48,9,6,11,53,82.71,Placed
7965,6,76,7,5,13,58,98.62,Placed
7966,5,91,5,3,9,69,100.0,Placed
7967,9,79,5,4,20,36,92.1,Placed
7968,10,53,6,7,16,47,100.0,Placed
7969,1,43,6,7,10,79,71.06,Placed
7970,3,59,8,3,9,91,100.0,Placed
7971,2,67,7,4,12,43,66.19,Not Placed
7972,3,53,6,3,1,91,81.92,Placed
7973,10,83,6,2,0,69,90.99,Placed
7974,9,73,7,6,0,36,99.72,Placed
7975,9,52,5,7,15,80,100.0,Placed
7976,10,70,8,4,9,50,90.83,Placed
7977,2,72,8,5,9,80,76.41,Placed
7978,3,91,8,8,6,70,92.39,Placed
7979,4,78,6,9,6,36,63.66,Not Placed
7980,9,67,5,7,0,50,87.8,Placed
7981,3,64,8,10,12,42,85.81,Placed
7982,7,71,7,1,4,92,100.0,Placed
7983,3,48,8,11,2,35,55.53,Not Placed
7984,7,67,4,3,12,52,81.34,Placed
7985,7,97,5,11,11,88,97.95,Placed
7986,9,70,4,5,17,75,100.0,Placed
7987,2,56,5,3,4,60,61.51,Not Placed
7988,6,92,9,1,4,78,100.0,Placed
7989,9,62,7,2,1,39,80.78,Placed
7990,2,52,9,8,5,55,79.06,Placed
7991,2,94,6,7,6,69,60.39,Not Placed
7992,5,49,6,10,0,74,59.77,Not Placed
7993,10,55,9,3,2,62,89.47,Placed
7994,10,45,5,4,19,88,100.0,Placed
7995,10,87,8,3,1,60,100.0,Placed
7996,8,50,4,4,9,66,73.51,Placed
7997,11,97,7,8,10,94,100.0,Placed
7998,9,91,8,9,20,82,100.0,Placed
7999,2,42,6,7,12,84,85.44,Placed
8000,5,67,8,9,15,78,90.62,Placed
8001,7,100,9,9,19,78,100.0,Placed
8002,6,80,9,7,10,55,93.4,Placed
8003,6,54,4,7,17,38,71.72,Placed
8004,7,99,6,8,10,93,100.0,Placed
8005,3,52,5,10,0,76,53.98,Not Placed
8006,3,81,7,3,17,75,100.0,Placed
8007,10,91,9,8,19,70,100.0,Placed
8008,9,95,7,1,4,58,100.0,Placed
8009,8,84,6,6,1,67,85.12,Placed
8010,5,56,5,2,17,39,80.54,Placed
8011,6,46,9,7,6,91,92.32,Placed
8012,11,67,4,3,10,37,82.79,Placed
8013,10,77,7,11,10,45,96.16,Placed
8014,1,52,6,10,12,79,80.17,Placed
8015,10,99,7,5,3,66,97.14,Placed
8016,1,56,5,10,0,56,51.15,Not Placed
8017,4,54,4,2,17,45,82.06,Placed
8018,2,75,5,1,11,92,94.38,Placed
8019,11,67,9,5,9,72,100.0,Placed
8020,7,54,8,9,7,93,94.16,Placed
8021,2,85,5,9,2,56,61.61,Not Placed
8022,10,92,5,7,6,38,91.07,Placed
8023,2,50,7,9,19,73,78.04,Placed
8024,5,95,5,4,10,37,95.28,Placed
8025,4,70,6,3,6,88,77.16,Placed
8026,8,43,9,11,6,44,71.36,Placed
8027,4,74,7,4,8,71,96.08,Placed
8028,6,73,7,7,2,53,66.53,Not Placed
8029,5,91,8,8,10,52,87.75,Placed
8030,11,66,9,2,16,62,100.0,Placed
8031,2,49,6,5,7,65,61.0,Not Placed
8032,11,69,9,5,19,51,100.0,Placed
8033,8,84,5,9,1,58,73.86,Placed
8034,2,59,8,3,20,35,83.76,Placed
8035,9,68,6,6,19,39,100.0,Placed
8036,9,97,8,10,0,66,100.0,Placed
8037,3,92,9,5,15,87,100.0,Placed
8038,4,68,4,2,3,51,63.24,Not Placed
8039,8,62,9,2,8,91,100.0,Placed
8040,9,96,5,4,7,55,100.0,Placed
8041,3,89,8,4,0,75,73.09,Placed
8042,5,60,4,7,7,77,66.54,Not Placed
8043,11,87,5,1,4,56,100.0,Placed
8044,8,82,8,11,0,73,100.0,Placed
8045,3,49,8,6,6,73,71.68,Placed
8046,7,80,9,11,14,68,100.0,Placed
8047,11,51,8,9,6,48,90.36,Placed
8048,8,69,8,2,0,50,67.25,Not Placed
8049,10,100,7,5,8,39,100.0,Placed
8050,11,90,8,10,0,52,74.39,Placed
8051,3,72,9,11,11,38,58.29,Not Placed
8052,2,57,7,10,6,78,67.17,Not Placed
8053,10,53,7,4,8,85,100.0,Placed
8054,7,61,4,4,4,62,63.57,Not Placed
8055,9,60,5,8,11,79,100.0,Placed
8056,1,40,7,6,1,61,47.98,Not Placed
8057,3,88,6,7,17,40,81.86,Placed
8058,5,82,7,11,8,45,78.69,Placed
8059,3,91,6,9,0,81,80.61,Placed
8060,1,99,4,3,9,55,74.04,Placed
8061,7,54,6,11,13,51,98.29,Placed
8062,7,75,4,2,20,65,100.0,Placed
8063,10,86,4,3,13,68,100.0,Placed
8064,8,93,4,8,6,47,100.0,Placed
8065,5,61,6,9,11,57,100.0,Placed
8066,10,71,6,10,5,91,100.0,Placed
8067,5,97,4,5,12,35,60.29,Not Placed
8068,5,85,4,8,7,38,72.25,Placed
8069,1,93,5,11,20,64,77.36,Placed
8070,10,72,4,7,1,65,100.0,Placed
8071,5,97,8,9,9,81,100.0,Placed
8072,6,80,5,4,5,50,73.9,Placed
8073,1,98,5,10,15,77,88.09,Placed
8074,11,78,5,3,9,37,100.0,Placed
8075,7,62,8,9,14,46,83.05,Placed
8076,1,82,5,8,20,46,85.15,Placed
8077,11,94,5,7,19,45,100.0,Placed
8078,2,41,6,1,9,50,63.74,Not Placed
8079,2,41,9,2,10,63,62.31,Not Placed
8080,5,77,6,9,20,87,100.0,Placed
8081,10,94,4,5,1,55,100.0,Placed
8082,7,90,4,1,9,79,100.0,Placed
8083,1,68,7,9,20,78,81.51,Placed
8084,10,91,9,1,11,76,100.0,Placed
8085,1,85,8,8,10,92,93.49,Placed
8086,1,99,6,5,14,77,72.76,Placed
8087,6,42,4,11,3,84,68.8,Not Placed
8088,2,78,8,6,4,39,62.42,Not Placed
8089,1,46,5,1,0,86,68.81,Not Placed
8090,6,75,8,2,0,47,76.06,Placed
8091,2,68,6,7,9,51,85.32,Placed
8092,6,94,9,2,3,46,93.58,Placed
8093,10,76,7,5,12,51,93.39,Placed
8094,8,88,6,11,13,35,86.97,Placed
8095,2,97,9,9,18,42,98.97,Placed
8096,11,75,4,5,4,50,91.55,Placed
8097,9,62,4,3,10,49,94.69,Placed
8098,8,84,8,11,7,53,91.35,Placed
8099,10,55,6,6,0,59,60.56,Not Placed
8100,1,87,4,7,4,65,57.63,Not Placed
8101,7,70,5,10,20,76,100.0,Placed
8102,10,73,5,11,17,36,100.0,Placed
8103,6,89,7,10,12,91,100.0,Placed
8104,6,40,8,11,4,93,70.16,Placed
8105,6,57,4,8,6,59,57.21,Not Placed
8106,6,97,7,3,11,65,100.0,Placed
8107,10,79,5,11,1,38,77.3,Placed
8108,7,82,7,4,12,38,96.71,Placed
8109,3,95,7,10,13,86,84.78,Placed
8110,6,95,4,4,5,46,80.95,Placed
8111,3,54,4,2,15,51,69.82,Not Placed
8112,7,87,4,7,9,55,77.83,Placed
8113,7,88,8,4,10,63,100.0,Placed
8114,8,56,7,4,0,56,78.57,Placed
8115,2,83,7,8,14,70,74.0,Placed
8116,9,49,8,6,15,74,100.0,Placed
8117,5,59,5,6,9,50,66.99,Not Placed
8118,9,45,6,11,9,49,79.44,Placed
8119,10,47,5,9,2,64,77.75,Placed
8120,5,84,8,4,10,80,100.0,Placed
8121,7,73,7,9,10,85,100.0,Placed
8122,11,100,7,1,15,45,100.0,Placed
8123,9,71,4,11,5,91,100.0,Placed
8124,4,90,4,9,8,47,50.03,Not Placed
8125,2,93,7,1,0,57,77.12,Placed
8126,9,81,7,7,5,74,100.0,Placed
8127,2,43,9,6,17,89,95.74,Placed
8128,3,83,4,7,12,75,79.27,Placed
8129,10,89,4,9,1,68,100.0,Placed
8130,2,78,5,10,18,54,81.47,Placed
8131,3,59,7,4,1,36,63.45,Not Placed
8132,6,63,7,9,3,42,58.64,Not Placed
8133,3,63,8,3,3,52,79.72,Placed
8134,10,94,5,10,9,90,100.0,Placed
8135,8,65,6,11,16,88,94.77,Placed
8136,11,64,6,11,15,41,100.0,Placed
8137,6,75,6,9,20,77,100.0,Placed
8138,7,46,9,1,7,65,100.0,Placed
8139,1,49,4,5,5,95,66.0,Not Placed
8140,3,97,6,10,1,56,74.89,Placed
8141,3,86,8,5,14,62,100.0,Placed
8142,2,51,4,1,10,59,65.24,Not Placed
8143,7,40,4,1,20,86,95.14,Placed
8144,9,91,6,3,15,35,100.0,Placed
8145,4,89,4,9,3,66,73.64,Placed
8146,5,64,5,7,10,59,82.67,Placed
8147,3,55,5,6,13,82,83.61,Placed
8148,11,44,6,9,7,50,83.74,Placed
8149,9,58,8,4,5,63,91.21,Placed
8150,4,43,4,4,20,76,99.4,Placed
8151,5,45,7,3,18,58,63.11,Not Placed
8152,1,65,6,5,3,51,37.35,Not Placed
8153,11,88,9,5,3,95,100.0,Placed
8154,2,78,4,10,5,76,45.15,Not Placed
8155,9,95,6,7,10,40,97.67,Placed
8156,2,94,6,7,0,48,64.6,Not Placed
8157,5,78,8,6,1,60,82.95,Placed
8158,8,48,7,4,8,94,93.01,Placed
8159,3,84,4,7,15,62,66.98,Not Placed
8160,6,91,6,2,5,81,100.0,Placed
8161,4,53,6,9,8,70,78.23,Placed
8162,11,87,4,7,18,65,100.0,Placed
8163,7,94,6,2,4,61,82.01,Placed
8164,10,48,6,10,20,36,100.0,Placed
8165,3,54,6,2,9,53,74.31,Placed
8166,6,76,5,6,6,62,73.44,Placed
8167,10,89,5,11,1,79,90.33,Placed
8168,9,92,7,7,19,78,100.0,Placed
8169,11,59,8,9,3,91,99.67,Placed
8170,10,47,4,4,7,55,100.0,Placed
8171,1,71,8,8,2,89,75.51,Placed
8172,3,86,8,10,1,79,63.81,Not Placed
8173,2,60,5,2,8,49,60.68,Not Placed
8174,8,96,7,6,10,68,100.0,Placed
8175,7,80,8,4,3,74,77.04,Placed
8176,2,58,8,8,8,37,64.59,Not Placed
8177,6,68,6,9,5,35,86.88,Placed
8178,3,97,4,2,0,95,87.85,Placed
8179,8,70,7,7,2,58,82.97,Placed
8180,10,93,4,7,6,77,92.1,Placed
8181,3,45,5,8,8,61,39.27,Not Placed
8182,10,43,8,5,7,43,85.5,Placed
8183,9,82,8,11,20,58,100.0,Placed
8184,1,68,9,3,12,51,75.58,Placed
8185,5,81,4,1,17,62,100.0,Placed
8186,3,42,5,4,18,73,89.69,Placed
8187,6,40,9,3,8,89,90.02,Placed
8188,10,83,9,2,19,38,100.0,Placed
8189,2,94,6,6,5,95,92.42,Placed
8190,9,54,9,7,20,63,100.0,Placed
8191,6,86,9,10,11,79,93.97,Placed
8192,7,60,6,7,3,62,73.99,Placed
8193,5,85,8,8,8,90,100.0,Placed
8194,9,97,8,2,9,71,100.0,Placed
8195,1,70,7,11,2,63,43.69,Not Placed
8196,5,46,9,10,16,78,100.0,Placed
8197,11,56,4,6,6,86,100.0,Placed
8198,10,95,8,6,7,63,100.0,Placed
8199,11,58,5,10,10,39,87.02,Placed
8200,6,78,4,1,12,45,85.03,Placed
8201,7,99,7,2,2,36,78.3,Placed
8202,4,42,9,9,18,38,91.03,Placed
8203,1,69,6,8,13,44,62.93,Not Placed
8204,11,74,7,4,15,90,100.0,Placed
8205,8,97,4,6,14,73,100.0,Placed
8206,10,96,6,2,1,78,100.0,Placed
8207,4,68,5,5,5,42,58.73,Not Placed
8208,3,89,6,2,20,89,100.0,Placed
8209,7,91,6,5,6,57,85.31,Placed
8210,2,93,5,7,8,61,73.6,Placed
8211,8,53,8,7,8,57,84.6,Placed
8212,6,74,8,9,16,82,94.76,Placed
8213,7,67,6,3,2,68,83.12,Placed
8214,5,97,6,4,3,69,70.62,Placed
8215,9,69,7,9,1,51,95.36,Placed
8216,5,65,8,8,0,81,83.32,Placed
8217,11,46,5,7,9,84,100.0,Placed
8218,5,78,9,8,2,44,54.71,Not Placed
8219,3,70,9,9,9,88,89.04,Placed
8220,11,44,6,4,8,36,93.07,Placed
8221,1,74,6,5,16,51,80.78,Placed
8222,2,89,9,9,14,65,81.17,Placed
8223,8,86,7,7,2,50,88.5,Placed
8224,1,91,7,4,20,58,100.0,Placed
8225,7,53,7,6,2,91,84.9,Placed
8226,5,100,4,11,3,41,76.05,Placed
8227,3,75,5,1,3,53,68.86,Not Placed
8228,11,66,4,1,16,50,100.0,Placed
8229,7,63,6,9,5,67,83.7,Placed
8230,9,79,7,8,10,70,100.0,Placed
8231,2,68,7,1,11,79,90.71,Placed
8232,8,92,9,11,6,44,100.0,Placed
8233,9,84,9,2,12,77,100.0,Placed
8234,11,61,7,4,5,85,100.0,Placed
8235,3,47,8,1,2,49,57.26,Not Placed
8236,2,54,9,2,20,77,100.0,Placed
8237,7,88,5,5,13,37,100.0,Placed
8238,5,44,4,8,13,36,55.77,Not Placed
8239,5,91,5,6,9,77,93.29,Placed
8240,10,43,9,6,4,76,87.98,Placed
8241,5,50,7,4,1,69,74.4,Placed
8242,4,57,6,2,5,61,85.02,Placed
8243,5,81,8,3,10,39,100.0,Placed
8244,4,88,9,6,17,49,88.31,Placed
8245,6,69,5,6,20,70,97.23,Placed
8246,4,54,6,5,10,83,100.0,Placed
8247,2,45,9,6,14,67,49.81,Not Placed
8248,9,94,7,11,2,35,75.61,Placed
8249,2,92,7,6,1,46,72.01,Placed
8250,9,55,7,1,6,76,87.68,Placed
8251,10,86,7,6,4,75,98.11,Placed
8252,6,79,9,5,20,43,100.0,Placed
8253,9,48,8,8,12,91,91.33,Placed
8254,9,82,8,9,7,92,92.83,Placed
8255,3,98,5,6,8,86,99.0,Placed
8256,1,73,9,10,7,54,80.24,Placed
8257,1,66,7,4,9,64,86.43,Placed
8258,3,52,8,3,1,48,34.79,Not Placed
8259,5,75,9,10,9,92,100.0,Placed
8260,3,66,6,1,10,57,81.19,Placed
8261,9,48,8,7,10,63,90.12,Placed
8262,9,44,8,5,4,85,89.84,Placed
8263,3,90,5,4,13,76,100.0,Placed
8264,3,61,8,9,2,69,70.47,Placed
8265,5,70,6,7,19,86,100.0,Placed
8266,2,42,7,10,1,61,42.24,Not Placed
8267,6,69,4,8,17,88,98.93,Placed
8268,7,60,5,4,0,83,92.46,Placed
8269,9,74,6,10,0,61,74.68,Placed
8270,6,45,5,10,16,64,93.3,Placed
8271,3,67,9,8,5,37,51.64,Not Placed
8272,5,71,7,4,12,46,100.0,Placed
8273,4,81,8,1,20,81,100.0,Placed
8274,5,76,9,11,20,65,96.24,Placed
8275,8,64,8,8,0,71,86.62,Placed
8276,8,71,6,1,5,61,97.23,Placed
8277,6,74,7,3,7,81,98.16,Placed
8278,1,61,4,7,12,86,64.29,Not Placed
8279,8,63,4,3,1,58,81.05,Placed
8280,8,78,8,8,7,82,90.3,Placed
8281,2,93,9,5,0,75,93.27,Placed
8282,4,69,7,3,12,74,100.0,Placed
8283,2,89,7,5,0,45,74.19,Placed
8284,4,71,6,5,9,61,95.39,Placed
8285,10,70,9,8,4,43,100.0,Placed
8286,7,62,4,9,19,50,83.21,Placed
8287,9,79,6,6,12,48,88.56,Placed
8288,8,72,5,10,4,81,79.25,Placed
8289,9,64,7,3,9,64,100.0,Placed
8290,8,75,4,2,2,80,81.73,Placed
8291,2,63,6,11,1,58,52.14,Not Placed
8292,7,70,8,3,1,76,98.86,Placed
8293,2,97,5,9,4,47,59.25,Not Placed
8294,11,78,6,7,3,67,100.0,Placed
8295,2,85,8,11,1,89,99.47,Placed
8296,4,52,4,11,20,43,73.28,Placed
8297,1,49,4,9,8,83,65.14,Not Placed
8298,5,62,5,6,8,60,89.16,Placed
8299,6,57,8,8,8,83,100.0,Placed
8300,9,71,7,10,3,76,100.0,Placed
8301,10,72,4,11,7,79,100.0,Placed
8302,8,75,9,9,17,84,100.0,Placed
8303,2,67,7,3,8,47,51.1,Not Placed
8304,1,55,7,7,2,55,68.45,Not Placed
8305,2,55,6,9,5,63,52.47,Not Placed
8306,7,57,6,2,18,62,100.0,Placed
8307,4,47,4,7,4,58,56.55,Not Placed
8308,10,81,7,5,16,47,100.0,Placed
8309,5,55,6,8,18,90,93.62,Placed
8310,7,94,8,4,2,76,100.0,Placed
8311,3,95,8,1,7,54,86.13,Placed
8312,10,50,8,11,8,73,100.0,Placed
8313,2,45,8,10,7,41,52.57,Not Placed
8314,7,40,7,8,13,75,100.0,Placed
8315,5,100,8,6,9,82,100.0,Placed
8316,1,100,7,8,16,49,85.22,Placed
8317,1,51,4,3,2,59,51.33,Not Placed
8318,9,96,4,8,2,69,99.46,Placed
8319,5,77,8,8,2,47,62.03,Not Placed
8320,1,67,8,1,3,77,52.1,Not Placed
8321,7,84,8,4,16,42,100.0,Placed
8322,9,97,4,7,13,55,100.0,Placed
8323,11,56,6,11,1,87,91.79,Placed
8324,1,40,4,1,11,90,82.98,Placed
8325,10,71,8,3,4,40,80.89,Placed
8326,4,47,6,3,1,44,52.04,Not Placed
8327,3,93,6,6,11,92,98.48,Placed
8328,5,79,5,5,8,83,92.6,Placed
8329,7,95,7,11,8,86,100.0,Placed
8330,8,82,8,7,19,75,100.0,Placed
8331,2,85,7,3,0,55,64.2,Not Placed
8332,7,63,5,11,6,48,65.64,Not Placed
8333,1,49,7,1,17,86,82.29,Placed
8334,7,86,8,11,9,93,99.99,Placed
8335,8,78,5,3,14,79,100.0,Placed
8336,2,78,7,8,8,92,86.06,Placed
8337,9,49,4,5,10,67,92.53,Placed
8338,1,75,6,3,0,59,44.98,Not Placed
8339,6,64,5,8,10,90,91.93,Placed
8340,1,99,4,6,0,53,66.97,Not Placed
8341,3,89,8,3,4,43,57.87,Not Placed
8342,11,98,6,5,17,83,100.0,Placed
8343,6,96,5,1,0,81,82.53,Placed
8344,3,49,6,6,9,86,68.35,Not Placed
8345,8,58,9,9,12,71,100.0,Placed
8346,5,85,9,7,7,70,87.2,Placed
8347,2,84,5,11,12,70,67.43,Not Placed
8348,4,54,5,8,19,91,97.69,Placed
8349,9,55,7,6,1,49,64.73,Not Placed
8350,4,41,6,11,20,39,92.66,Placed
8351,10,68,9,5,11,51,100.0,Placed
8352,10,43,9,6,12,64,100.0,Placed
8353,8,92,6,7,7,41,86.67,Placed
8354,5,89,9,9,14,40,81.21,Placed
8355,11,68,4,8,6,49,100.0,Placed
8356,11,70,9,5,6,91,100.0,Placed
8357,10,56,9,7,16,86,99.74,Placed
8358,1,49,8,8,18,80,71.72,Placed
8359,7,66,4,1,2,44,68.75,Not Placed
8360,3,92,7,8,6,40,75.34,Placed
8361,10,80,5,11,11,76,100.0,Placed
8362,8,54,9,7,13,89,100.0,Placed
8363,3,99,7,11,1,86,94.29,Placed
8364,1,83,7,2,6,94,94.84,Placed
8365,5,70,4,2,15,75,100.0,Placed
8366,2,60,5,6,8,47,54.0,Not Placed
8367,11,99,8,3,0,48,100.0,Placed
8368,4,98,7,1,11,35,90.84,Placed
8369,1,97,8,8,1,67,60.42,Not Placed
8370,9,80,5,7,17,53,100.0,Placed
8371,6,85,5,4,13,43,79.04,Placed
8372,8,84,4,1,11,71,94.1,Placed
8373,11,99,6,2,17,83,100.0,Placed
8374,4,65,9,9,4,82,96.3,Placed
8375,9,77,4,4,6,46,94.62,Placed
8376,2,90,8,3,3,39,75.66,Placed
8377,9,75,4,8,12,40,100.0,Placed
8378,5,91,5,4,15,86,100.0,Placed
8379,6,56,7,7,15,89,100.0,Placed
8380,3,90,9,5,18,45,100.0,Placed
8381,4,42,9,5,3,85,88.76,Placed
8382,6,100,6,11,19,87,100.0,Placed
8383,7,53,5,6,19,72,95.51,Placed
8384,1,88,9,4,0,89,78.67,Placed
8385,7,52,9,2,12,44,100.0,Placed
8386,1,80,7,6,19,49,73.18,Placed
8387,5,66,8,5,19,84,100.0,Placed
8388,6,40,8,3,8,87,100.0,Placed
8389,2,96,8,4,9,95,97.03,Placed
8390,10,56,4,3,5,73,100.0,Placed
8391,9,87,8,3,6,89,100.0,Placed
8392,10,89,8,4,15,62,100.0,Placed
8393,6,73,4,2,16,37,91.1,Placed
8394,7,53,7,4,0,90,87.85,Placed
8395,10,93,5,10,8,50,100.0,Placed
8396,8,94,9,11,13,79,90.44,Placed
8397,11,98,6,2,14,51,100.0,Placed
8398,10,56,9,10,3,70,100.0,Placed
8399,1,42,8,8,7,53,69.93,Not Placed
8400,8,73,8,10,14,38,99.85,Placed
8401,4,79,9,5,3,93,83.03,Placed
8402,10,64,9,7,18,59,100.0,Placed
8403,8,100,8,11,2,61,82.4,Placed
8404,6,41,4,4,7,46,79.86,Placed
8405,11,73,4,10,1,90,74.79,Placed
8406,9,65,4,6,7,61,75.18,Placed
8407,11,70,6,10,7,38,78.69,Placed
8408,4,48,5,4,16,95,81.32,Placed
8409,2,69,8,6,15,58,79.95,Placed
8410,2,59,7,1,15,51,77.21,Placed
8411,5,60,9,6,15,94,100.0,Placed
8412,10,68,9,6,6,90,97.1,Placed
8413,9,98,8,2,14,60,100.0,Placed
8414,3,64,8,10,16,52,82.61,Placed
8415,8,77,8,10,2,56,75.19,Placed
8416,4,97,9,9,0,40,51.77,Not Placed
8417,6,83,8,6,7,53,96.46,Placed
8418,10,64,9,11,6,95,100.0,Placed
8419,6,48,5,7,17,71,72.68,Placed
8420,3,78,7,2,4,68,75.91,Placed
8421,5,83,4,2,14,45,83.36,Placed
8422,3,65,7,2,6,90,100.0,Placed
8423,11,96,8,10,9,58,94.61,Placed
8424,11,76,7,11,15,79,100.0,Placed
8425,1,55,8,9,1,71,63.2,Not Placed
8426,7,76,7,3,17,57,100.0,Placed
8427,4,51,6,4,14,74,99.81,Placed
8428,7,63,7,1,18,77,97.67,Placed
8429,3,65,4,1,19,38,69.11,Not Placed
8430,11,59,4,4,13,52,100.0,Placed
8431,5,48,7,2,1,64,77.99,Placed
8432,5,62,9,8,17,49,92.14,Placed
8433,2,78,9,4,8,71,91.12,Placed
8434,11,68,9,3,0,57,98.23,Placed
8435,10,70,7,3,15,46,99.2,Placed
8436,2,58,9,6,11,38,73.42,Placed
8437,4,59,5,6,11,38,52.9,Not Placed
8438,4,62,7,6,18,86,93.11,Placed
8439,4,82,4,6,9,75,71.22,Placed
8440,6,66,9,8,19,75,100.0,Placed
8441,2,69,6,8,4,48,55.5,Not Placed
8442,6,60,9,9,2,93,78.02,Placed
8443,7,83,4,1,8,92,100.0,Placed
8444,11,74,5,10,20,90,100.0,Placed
8445,10,88,7,8,14,93,100.0,Placed
8446,3,46,9,5,13,42,74.38,Placed
8447,11,61,6,3,10,57,100.0,Placed
8448,8,49,4,11,12,35,77.83,Placed
8449,2,62,6,10,6,90,71.39,Placed
8450,11,54,8,3,1,45,94.23,Placed
8451,8,69,4,6,2,61,79.48,Placed
8452,11,73,8,8,19,38,100.0,Placed
8453,5,52,6,10,7,63,76.59,Placed
8454,2,99,7,2,0,51,88.04,Placed
8455,7,43,7,9,20,83,100.0,Placed
8456,2,57,7,5,3,53,56.81,Not Placed
8457,6,95,8,5,12,79,100.0,Placed
8458,10,62,7,1,13,85,100.0,Placed
8459,3,72,5,6,8,92,74.1,Placed
8460,9,73,4,11,2,83,99.0,Placed
8461,3,73,4,11,13,58,81.01,Placed
8462,11,75,6,5,3,86,91.2,Placed
8463,3,74,9,7,16,78,100.0,Placed
8464,5,56,8,7,14,86,100.0,Placed
8465,7,67,4,4,11,80,100.0,Placed
8466,8,53,8,5,13,88,100.0,Placed
8467,11,73,6,10,18,75,100.0,Placed
8468,7,87,7,8,9,91,100.0,Placed
8469,9,50,9,2,4,78,97.47,Placed
8470,5,96,6,1,16,90,100.0,Placed
8471,10,52,5,6,16,66,100.0,Placed
8472,11,72,7,11,2,65,56.98,Not Placed
8473,3,96,7,4,15,83,100.0,Placed
8474,6,94,7,10,8,50,75.66,Placed
8475,5,41,6,3,16,66,92.62,Placed
8476,4,73,5,7,19,78,100.0,Placed
8477,2,92,9,8,11,76,100.0,Placed
8478,7,68,8,11,1,92,96.44,Placed
8479,5,76,6,4,19,68,100.0,Placed
8480,4,43,4,10,15,69,82.45,Placed
8481,8,51,4,11,20,93,100.0,Placed
8482,9,65,6,11,5,71,99.39,Placed
8483,9,97,8,6,1,50,84.72,Placed
8484,3,100,4,11,8,55,58.0,Not Placed
8485,3,67,8,11,4,47,69.83,Not Placed
8486,5,42,7,2,17,92,100.0,Placed
8487,5,59,6,8,20,90,100.0,Placed
8488,10,49,7,6,17,52,100.0,Placed
8489,2,91,4,11,9,36,54.42,Not Placed
8490,1,57,8,9,9,90,88.37,Placed
8491,8,92,7,11,9,67,92.21,Placed
8492,3,92,4,6,17,75,96.03,Placed
8493,1,92,5,6,15,52,69.82,Not Placed
8494,1,66,7,2,5,62,52.16,Not Placed
8495,11,70,5,5,11,71,100.0,Placed
8496,2,66,5,9,3,69,66.51,Not Placed
8497,6,81,9,1,19,71,100.0,Placed
8498,6,40,4,4,15,46,73.0,Placed
8499,3,45,6,10,10,74,58.26,Not Placed
8500,4,50,8,10,0,42,53.13,Not Placed
8501,2,73,4,3,4,88,70.64,Placed
8502,2,78,9,1,16,59,74.58,Placed
8503,7,59,9,1,10,41,90.36,Placed
8504,1,92,7,1,13,36,88.7,Placed
8505,7,60,8,1,8,67,100.0,Placed
8506,1,60,9,2,9,90,99.19,Placed
8507,6,57,6,11,3,67,61.26,Not Placed
8508,3,60,4,5,1,74,51.24,Not Placed
8509,8,58,6,2,5,94,97.62,Placed
8510,6,43,7,4,2,91,95.23,Placed
8511,11,52,4,9,12,83,100.0,Placed
8512,2,57,7,3,11,57,74.83,Placed
8513,8,91,8,2,17,39,100.0,Placed
8514,5,68,8,4,5,95,100.0,Placed
8515,8,64,6,9,9,48,80.28,Placed
8516,8,95,6,4,5,42,88.55,Placed
8517,6,52,8,5,4,54,64.52,Not Placed
8518,2,66,5,4,14,52,73.56,Placed
8519,8,99,8,8,14,57,100.0,Placed
8520,11,58,4,4,11,63,96.27,Placed
8521,6,88,7,2,8,41,83.04,Placed
8522,6,40,8,4,12,58,100.0,Placed
8523,8,77,8,2,15,80,100.0,Placed
8524,1,58,9,9,20,59,97.97,Placed
8525,2,91,7,11,1,48,57.38,Not Placed
8526,9,40,9,8,16,72,100.0,Placed
8527,11,79,7,9,8,37,100.0,Placed
8528,8,56,4,4,18,87,89.96,Placed
8529,7,60,7,1,5,80,100.0,Placed
8530,7,61,6,3,3,48,87.95,Placed
8531,5,54,8,7,14,37,81.66,Placed
8532,2,89,7,1,17,76,100.0,Placed
8533,11,78,4,11,11,43,96.45,Placed
8534,6,87,7,8,11,87,99.73,Placed
8535,10,78,8,9,19,41,100.0,Placed
8536,3,71,5,8,16,60,77.48,Placed
8537,4,88,7,5,6,41,66.81,Not Placed
8538,10,43,6,11,19,41,92.65,Placed
8539,11,83,8,9,4,78,100.0,Placed
8540,2,84,4,4,11,92,93.25,Placed
8541,2,71,8,9,16,70,100.0,Placed
8542,8,43,9,1,1,86,94.51,Placed
8543,8,92,5,11,3,47,72.64,Placed
8544,10,40,4,3,1,37,60.13,Not Placed
8545,6,72,5,4,13,54,96.32,Placed
8546,5,46,5,11,13,43,81.88,Placed
8547,8,48,6,10,12,87,95.29,Placed
8548,4,40,7,1,16,56,81.57,Placed
8549,11,55,6,6,16,86,100.0,Placed
8550,4,57,6,4,17,79,86.76,Placed
8551,5,93,9,4,2,67,100.0,Placed
8552,1,86,6,1,20,95,100.0,Placed
8553,1,45,4,5,15,57,68.56,Not Placed
8554,2,41,7,9,18,95,88.88,Placed
8555,8,48,7,6,5,57,58.45,Not Placed
8556,7,43,4,8,5,72,74.94,Placed
8557,10,84,6,11,17,86,100.0,Placed
8558,9,62,6,4,8,60,100.0,Placed
8559,5,93,5,9,17,66,100.0,Placed
8560,2,82,5,7,5,95,84.63,Placed
8561,7,84,9,7,8,90,100.0,Placed
8562,8,82,8,8,17,62,100.0,Placed
8563,7,90,5,2,15,64,100.0,Placed
8564,7,47,7,6,12,74,100.0,Placed
8565,5,78,4,7,10,51,87.22,Placed
8566,2,64,6,3,7,91,72.54,Placed
8567,6,55,8,8,16,90,100.0,Placed
8568,4,74,5,1,8,52,88.48,Placed
8569,10,56,8,1,5,59,100.0,Placed
8570,2,57,4,10,0,38,31.83,Not Placed
8571,9,99,4,3,0,60,100.0,Placed
8572,7,66,8,6,12,65,100.0,Placed
8573,6,54,8,7,6,46,71.11,Placed
8574,5,99,9,2,9,88,100.0,Placed
8575,3,56,8,6,17,82,92.53,Placed
8576,10,82,6,5,5,52,93.41,Placed
8577,10,44,7,6,12,44,99.92,Placed
8578,4,55,5,1,4,70,83.19,Placed
8579,3,54,5,10,20,36,75.79,Placed
8580,11,81,5,7,14,94,100.0,Placed
8581,8,85,8,8,11,59,92.53,Placed
8582,3,73,8,7,10,81,85.8,Placed
8583,7,87,9,9,7,43,92.73,Placed
8584,7,58,8,1,4,81,100.0,Placed
8585,7,47,9,10,7,66,75.28,Placed
8586,7,86,9,9,4,39,81.44,Placed
8587,2,49,6,11,9,85,67.38,Not Placed
8588,10,44,6,11,14,37,65.39,Not Placed
8589,3,91,6,3,5,51,69.7,Not Placed
8590,10,87,6,2,17,47,100.0,Placed
8591,9,92,4,6,2,90,99.38,Placed
8592,3,65,6,11,8,37,72.13,Placed
8593,2,61,6,5,9,62,77.16,Placed
8594,9,83,6,4,6,38,94.04,Placed
8595,10,62,9,4,18,52,100.0,Placed
8596,9,52,5,8,1,90,100.0,Placed
8597,4,48,5,10,7,69,58.47,Not Placed
8598,9,88,5,3,6,48,78.73,Placed
8599,3,59,7,1,4,50,45.28,Not Placed
8600,7,67,4,5,3,46,64.2,Not Placed
8601,7,83,9,8,10,45,88.63,Placed
8602,11,96,8,3,9,36,100.0,Placed
8603,8,76,9,2,0,67,100.0,Placed
8604,10,63,6,1,3,47,100.0,Placed
8605,4,83,5,4,5,64,74.17,Placed
8606,3,72,9,11,17,60,86.01,Placed
8607,3,59,4,2,12,84,82.82,Placed
8608,5,99,6,8,12,52,100.0,Placed
8609,11,87,7,11,0,47,83.44,Placed
8610,1,69,8,10,3,38,40.46,Not Placed
8611,10,83,6,9,3,93,100.0,Placed
8612,3,48,8,10,17,67,73.07,Placed
8613,6,84,9,1,17,49,100.0,Placed
8614,3,88,6,2,17,51,96.79,Placed
8615,5,56,7,6,14,40,73.19,Placed
8616,9,75,9,10,17,39,100.0,Placed
8617,2,53,4,7,14,67,62.84,Not Placed
8618,11,58,8,2,16,88,100.0,Placed
8619,2,46,8,8,4,50,52.72,Not Placed
8620,6,98,4,10,10,80,94.26,Placed
8621,6,42,8,9,15,58,95.59,Placed
8622,11,72,9,8,19,95,100.0,Placed
8623,11,83,5,9,1,39,87.54,Placed
8624,8,71,4,6,16,37,100.0,Placed
8625,11,86,7,11,0,69,96.64,Placed
8626,2,50,6,7,17,95,81.18,Placed
8627,9,81,6,6,16,61,100.0,Placed
8628,2,41,4,7,17,46,63.44,Not Placed
8629,1,65,5,3,18,84,100.0,Placed
8630,10,100,9,4,4,75,100.0,Placed
8631,2,43,7,9,12,59,81.6,Placed
8632,7,56,6,3,5,89,84.15,Placed
8633,8,56,6,2,12,51,94.44,Placed
8634,5,67,9,11,17,83,100.0,Placed
8635,6,69,5,7,3,54,69.19,Not Placed
8636,1,79,8,6,8,62,84.67,Placed
8637,6,62,4,3,2,84,78.96,Placed
8638,8,85,5,6,7,95,100.0,Placed
8639,3,63,5,7,12,69,77.25,Placed
8640,11,68,5,6,10,84,100.0,Placed
8641,1,43,5,1,9,49,45.41,Not Placed
8642,11,77,8,1,10,67,100.0,Placed
8643,4,68,9,9,2,37,76.74,Placed
8644,1,58,7,6,13,41,51.6,Not Placed
8645,8,66,5,2,13,44,100.0,Placed
8646,5,68,5,11,18,75,79.77,Placed
8647,1,95,4,1,3,60,66.12,Not Placed
8648,8,75,6,11,0,75,82.29,Placed
8649,9,74,8,2,1,74,99.88,Placed
8650,10,91,5,8,5,40,100.0,Placed
8651,2,45,7,5,12,67,81.77,Placed
8652,9,98,7,7,13,50,93.51,Placed
8653,8,62,7,7,0,58,94.12,Placed
8654,7,78,4,2,7,90,100.0,Placed
8655,3,85,7,4,17,64,100.0,Placed
8656,2,83,9,2,13,94,100.0,Placed
8657,7,87,4,7,1,91,93.8,Placed
8658,5,91,8,5,11,44,88.56,Placed
8659,6,47,7,1,0,45,78.68,Placed
8660,4,94,6,2,20,78,97.08,Placed
8661,2,41,5,6,14,56,70.5,Placed
8662,9,52,8,4,10,37,100.0,Placed
8663,3,79,9,7,17,72,97.15,Placed
8664,7,96,6,2,16,74,100.0,Placed
8665,8,60,8,2,2,57,71.83,Placed
8666,2,70,9,6,14,79,82.86,Placed
8667,6,91,7,8,12,90,100.0,Placed
8668,11,87,8,1,2,53,100.0,Placed
8669,8,75,8,5,12,74,100.0,Placed
8670,7,100,8,1,8,87,100.0,Placed
8671,11,87,4,11,9,89,100.0,Placed
8672,3,91,6,6,0,47,44.53,Not Placed
8673,1,77,9,7,1,70,63.88,Not Placed
8674,6,66,7,6,13,37,92.14,Placed
8675,8,75,5,9,4,56,95.37,Placed
8676,6,87,7,3,9,59,95.19,Placed
8677,5,62,7,8,18,54,95.46,Placed
8678,11,94,4,3,7,62,100.0,Placed
8679,8,60,4,11,12,91,100.0,Placed
8680,2,52,8,7,8,37,51.52,Not Placed
8681,1,76,7,5,17,56,81.98,Placed
8682,1,86,6,1,3,78,81.74,Placed
8683,4,65,4,11,7,71,73.23,Placed
8684,6,79,9,4,4,91,100.0,Placed
8685,9,46,4,11,5,72,88.87,Placed
8686,1,85,6,9,19,52,81.6,Placed
8687,1,78,4,8,4,54,56.37,Not Placed
8688,5,61,6,3,0,80,73.03,Placed
8689,10,78,5,2,18,39,100.0,Placed
8690,5,62,6,11,3,77,61.9,Not Placed
8691,5,97,5,9,0,93,91.69,Placed
8692,10,69,9,1,18,43,100.0,Placed
8693,6,57,8,9,3,63,68.84,Not Placed
8694,8,81,8,7,13,51,97.07,Placed
8695,3,57,4,2,13,46,74.75,Placed
8696,9,85,6,11,8,91,100.0,Placed
8697,1,49,4,5,18,60,67.41,Not Placed
8698,4,78,6,2,10,67,95.0,Placed
8699,9,69,4,5,15,67,91.23,Placed
8700,8,65,8,7,18,70,100.0,Placed
8701,10,46,9,5,3,63,91.76,Placed
8702,9,46,8,2,8,56,85.51,Placed
8703,1,44,4,11,16,52,53.42,Not Placed
8704,9,40,6,5,14,51,82.27,Placed
8705,3,85,7,10,7,78,93.02,Placed
8706,11,57,9,6,12,86,100.0,Placed
8707,10,52,6,5,0,58,93.08,Placed
8708,9,64,4,2,1,56,89.81,Placed
8709,1,79,6,6,9,78,55.79,Not Placed
8710,1,47,5,6,20,39,54.72,Not Placed
8711,9,49,6,2,12,35,100.0,Placed
8712,11,71,8,4,10,53,100.0,Placed
8713,6,56,8,7,13,64,97.25,Placed
8714,4,77,5,1,15,73,100.0,Placed
8715,7,54,9,1,5,49,79.96,Placed
8716,5,54,6,11,1,80,62.26,Not Placed
8717,10,96,9,11,4,92,100.0,Placed
8718,7,87,7,6,18,69,100.0,Placed
8719,8,79,6,7,6,39,67.74,Not Placed
8720,8,90,8,5,16,40,100.0,Placed
8721,1,59,8,10,4,59,48.11,Not Placed
8722,8,54,9,8,11,45,71.73,Placed
8723,6,74,4,11,18,85,100.0,Placed
8724,4,45,8,4,17,56,93.65,Placed
8725,8,69,4,3,11,93,100.0,Placed
8726,3,96,8,7,2,68,86.19,Placed
8727,4,47,8,4,3,91,91.9,Placed
8728,6,70,7,1,14,78,100.0,Placed
8729,11,87,4,11,14,91,100.0,Placed
8730,7,86,4,8,10,89,91.94,Placed
8731,4,71,8,5,1,48,78.07,Placed
8732,4,84,4,8,17,93,100.0,Placed
8733,7,97,8,8,2,43,82.39,Placed
8734,6,91,8,5,17,54,91.56,Placed
8735,11,54,9,8,13,50,99.7,Placed
8736,8,57,6,7,5,92,93.95,Placed
8737,1,52,4,3,1,51,38.35,Not Placed
8738,10,63,5,4,0,51,74.03,Placed
8739,11,79,9,11,7,68,100.0,Placed
8740,7,53,4,7,9,76,100.0,Placed
8741,7,67,4,4,19,45,100.0,Placed
8742,11,50,7,6,17,69,100.0,Placed
8743,7,45,5,2,19,68,100.0,Placed
8744,7,95,5,2,10,70,100.0,Placed
8745,10,64,7,3,17,42,100.0,Placed
8746,10,100,7,10,15,53,100.0,Placed
8747,8,40,4,7,4,86,80.44,Placed
8748,9,64,6,3,6,84,100.0,Placed
8749,9,41,7,3,1,67,71.13,Placed
8750,2,71,5,4,10,90,85.94,Placed
8751,7,52,5,10,12,57,86.49,Placed
8752,7,72,4,6,19,92,100.0,Placed
8753,4,71,6,1,15,36,67.57,Not Placed
8754,9,95,8,6,13,42,100.0,Placed
8755,8,63,7,8,6,63,96.77,Placed
8756,1,66,7,8,6,76,82.32,Placed
8757,2,43,4,6,11,85,68.56,Not Placed
8758,2,63,9,6,11,41,71.29,Placed
8759,11,62,9,3,19,83,100.0,Placed
8760,8,68,6,2,0,94,98.98,Placed
8761,1,73,5,7,5,63,57.04,Not Placed
8762,4,60,5,8,7,65,72.42,Placed
8763,10,69,8,10,12,64,100.0,Placed
8764,5,65,5,6,4,69,84.02,Placed
8765,9,59,9,5,9,59,100.0,Placed
8766,7,55,9,4,13,81,100.0,Placed
8767,8,42,7,1,8,38,59.93,Not Placed
8768,11,88,8,9,16,83,100.0,Placed
8769,9,76,6,11,2,77,77.61,Placed
8770,7,97,8,10,11,72,100.0,Placed
8771,5,79,6,4,11,51,94.56,Placed
8772,5,83,9,2,10,44,82.37,Placed
8773,10,64,5,4,3,35,95.13,Placed
8774,11,62,4,11,7,52,76.85,Placed
8775,6,83,8,5,9,80,91.2,Placed
8776,5,98,8,2,13,53,99.22,Placed
8777,11,40,7,7,0,95,95.6,Placed
8778,9,72,7,3,11,84,100.0,Placed
8779,3,54,9,8,4,90,79.3,Placed
8780,3,56,6,4,13,66,85.6,Placed
8781,7,73,4,11,3,88,83.6,Placed
8782,7,56,7,5,16,65,91.17,Placed
8783,6,91,7,3,12,67,97.97,Placed
8784,3,97,5,11,2,56,84.38,Placed
8785,7,80,5,5,10,35,74.5,Placed
8786,5,83,9,9,10,75,86.97,Placed
8787,7,43,9,11,4,80,68.18,Not Placed
8788,2,52,7,2,5,69,80.0,Placed
8789,6,43,6,7,3,78,85.8,Placed
8790,8,46,4,10,9,83,92.47,Placed
8791,1,85,7,8,9,51,80.67,Placed
8792,4,98,6,3,11,68,90.27,Placed
8793,11,48,6,11,17,63,96.36,Placed
8794,1,62,7,4,14,40,71.56,Placed
8795,1,72,6,11,17,35,68.63,Not Placed
8796,10,72,8,10,2,89,100.0,Placed
8797,11,59,6,2,2,61,95.61,Placed
8798,8,43,7,10,0,46,75.58,Placed
8799,7,40,6,9,16,38,79.96,Placed
8800,10,93,7,3,9,89,100.0,Placed
8801,1,81,5,9,5,50,54.71,Not Placed
8802,11,73,7,7,10,86,100.0,Placed
8803,2,66,6,6,13,45,59.47,Not Placed
8804,4,60,7,11,16,86,97.42,Placed
8805,1,63,4,11,6,54,26.67,Not Placed
8806,3,54,7,3,3,60,60.75,Not Placed
8807,8,74,7,11,10,62,89.8,Placed
8808,8,64,4,7,18,76,96.07,Placed
8809,8,94,4,11,8,42,80.88,Placed
8810,6,48,4,3,20,36,91.67,Placed
8811,6,56,9,11,7,74,86.98,Placed
8812,5,60,8,6,19,60,93.55,Placed
8813,9,99,9,8,3,61,100.0,Placed
8814,4,52,7,5,15,67,91.54,Placed
8815,10,42,9,11,5,95,91.45,Placed
8816,7,43,9,11,5,89,81.04,Placed
8817,1,43,4,3,18,41,50.58,Not Placed
8818,9,82,4,6,1,88,94.61,Placed
8819,7,67,5,8,10,80,88.81,Placed
8820,10,46,9,10,17,70,100.0,Placed
8821,9,65,8,3,8,55,100.0,Placed
8822,7,50,7,11,15,83,83.14,Placed
8823,2,63,6,11,10,68,48.93,Not Placed
8824,6,82,8,5,13,92,100.0,Placed
8825,10,49,8,9,7,57,98.47,Placed
8826,11,76,5,10,12,68,100.0,Placed
8827,4,52,7,10,9,74,73.25,Placed
8828,3,100,7,3,11,41,92.19,Placed
8829,2,83,4,11,20,60,80.44,Placed
8830,6,81,4,2,2,74,95.17,Placed
8831,8,78,8,11,1,86,100.0,Placed
8832,6,58,5,8,10,83,99.24,Placed
8833,9,90,7,7,17,89,100.0,Placed
8834,5,58,5,9,20,51,87.92,Placed
8835,2,51,6,4,3,65,51.41,Not Placed
8836,8,91,7,3,7,73,100.0,Placed
8837,9,61,4,10,10,59,92.29,Placed
8838,10,86,8,5,14,71,100.0,Placed
8839,4,76,5,11,20,49,89.79,Placed
8840,6,95,4,1,1,36,79.56,Placed
8841,11,69,8,5,18,45,100.0,Placed
8842,10,85,4,3,14,66,100.0,Placed
8843,8,51,7,1,12,64,100.0,Placed
8844,9,68,5,3,1,51,87.84,Placed
8845,5,60,6,5,2,58,61.29,Not Placed
8846,6,50,9,5,13,79,100.0,Placed
8847,11,99,4,10,19,38,100.0,Placed
8848,4,76,9,8,12,90,90.52,Placed
8849,5,87,5,11,15,84,100.0,Placed
8850,7,97,7,1,11,95,97.74,Placed
8851,9,57,4,7,0,80,78.02,Placed
8852,10,83,7,5,5,66,100.0,Placed
8853,11,98,6,3,12,53,100.0,Placed
8854,6,66,6,4,1,37,65.15,Not Placed
8855,6,76,8,3,17,38,100.0,Placed
8856,8,87,8,8,16,59,97.21,Placed
8857,11,51,8,4,18,43,100.0,Placed
8858,4,62,7,3,14,55,94.49,Placed
8859,3,73,8,2,7,57,71.6,Placed
8860,7,100,5,3,8,80,100.0,Placed
8861,5,77,9,7,7,63,87.35,Placed
8862,2,62,9,6,7,64,84.37,Placed
8863,2,92,7,10,10,59,61.78,Not Placed
8864,11,64,7,5,17,83,100.0,Placed
8865,6,43,8,8,16,63,73.5,Placed
8866,8,69,9,11,5,68,96.44,Placed
8867,1,69,9,1,1,48,53.46,Not Placed
8868,11,52,8,3,0,56,99.17,Placed
8869,6,81,7,2,9,82,99.59,Placed
8870,2,88,6,2,7,85,100.0,Placed
8871,2,53,6,11,15,50,66.21,Not Placed
8872,7,95,8,1,13,45,100.0,Placed
8873,10,86,6,5,15,94,100.0,Placed
8874,1,47,5,5,13,93,82.68,Placed
8875,6,94,5,3,6,48,91.3,Placed
8876,7,63,5,9,17,41,84.37,Placed
8877,8,57,7,6,19,39,100.0,Placed
8878,7,74,7,10,8,92,100.0,Placed
8879,6,64,7,6,3,74,90.51,Placed
8880,9,56,7,10,15,63,92.52,Placed
8881,3,71,7,6,10,51,70.89,Placed
8882,11,95,8,2,8,64,100.0,Placed
8883,6,63,6,11,16,59,88.24,Placed
8884,4,46,8,10,10,48,49.23,Not Placed
8885,2,52,6,10,19,93,100.0,Placed
8886,1,66,8,8,2,76,72.06,Placed
8887,1,87,5,6,20,56,67.81,Not Placed
8888,11,44,4,3,10,78,100.0,Placed
8889,10,75,7,10,7,39,100.0,Placed
8890,3,65,4,9,9,74,76.36,Placed
8891,4,81,4,2,5,62,63.78,Not Placed
8892,2,84,5,7,16,46,57.61,Not Placed
8893,11,70,4,3,5,70,87.27,Placed
8894,11,49,4,6,6,94,100.0,Placed
8895,11,85,5,5,12,47,100.0,Placed
8896,1,65,6,6,5,91,56.85,Not Placed
8897,4,61,8,8,2,55,71.4,Placed
8898,7,51,9,3,12,66,93.31,Placed
8899,10,71,4,2,9,83,95.02,Placed
8900,11,66,7,8,3,90,100.0,Placed
8901,6,72,5,1,4,91,100.0,Placed
8902,6,100,4,2,20,55,100.0,Placed
8903,11,92,9,10,18,95,100.0,Placed
8904,9,91,6,1,17,71,100.0,Placed
8905,2,59,6,5,6,72,63.68,Not Placed
8906,4,78,9,8,20,43,75.31,Placed
8907,5,80,7,2,0,71,77.91,Placed
8908,1,79,4,4,16,36,75.69,Placed
8909,8,98,7,4,19,37,100.0,Placed
8910,8,52,6,11,19,77,100.0,Placed
8911,6,53,6,11,17,44,92.94,Placed
8912,5,83,8,7,4,69,81.59,Placed
8913,8,79,6,1,5,43,92.31,Placed
8914,3,92,5,9,9,74,94.92,Placed
8915,3,61,8,3,18,82,100.0,Placed
8916,2,57,7,6,9,95,97.99,Placed
8917,5,87,6,10,5,95,74.06,Placed
8918,3,68,9,5,9,88,87.28,Placed
8919,3,82,5,4,9,66,78.42,Placed
8920,6,55,8,9,20,55,100.0,Placed
8921,8,85,5,11,11,92,100.0,Placed
8922,2,74,8,9,3,68,59.72,Not Placed
8923,4,92,8,1,12,59,98.89,Placed
8924,11,73,8,7,9,76,100.0,Placed
8925,7,42,9,10,15,90,100.0,Placed
8926,1,43,7,9,18,66,81.88,Placed
8927,1,93,8,5,5,80,82.56,Placed
8928,10,44,8,1,8,71,100.0,Placed
8929,7,49,5,8,13,56,96.79,Placed
8930,7,91,8,5,9,59,100.0,Placed
8931,1,68,7,6,7,35,67.39,Not Placed
8932,1,71,9,7,2,79,61.44,Not Placed
8933,4,70,9,10,16,70,100.0,Placed
8934,5,41,5,7,18,55,92.92,Placed
8935,5,51,8,7,2,75,64.45,Not Placed
8936,4,66,5,1,13,50,80.75,Placed
8937,8,44,9,7,5,66,100.0,Placed
8938,7,76,7,11,18,94,100.0,Placed
8939,9,66,5,3,17,55,100.0,Placed
8940,7,62,7,5,11,87,95.02,Placed
8941,10,72,6,10,14,62,100.0,Placed
8942,1,43,8,5,5,94,77.63,Placed
8943,7,98,7,8,20,53,100.0,Placed
8944,1,60,8,7,11,90,74.08,Placed
8945,7,63,7,7,18,48,100.0,Placed
8946,10,83,4,6,6,57,87.14,Placed
8947,8,70,4,7,19,58,95.26,Placed
8948,11,83,4,7,9,54,100.0,Placed
8949,9,87,7,5,17,66,100.0,Placed
8950,3,63,9,5,1,74,75.43,Placed
8951,4,88,9,4,12,44,87.58,Placed
8952,4,92,8,4,14,86,100.0,Placed
8953,9,49,4,5,3,35,59.65,Not Placed
8954,7,88,8,10,6,65,83.89,Placed
8955,3,88,7,9,2,86,89.87,Placed
8956,10,89,8,11,15,71,100.0,Placed
8957,5,41,8,6,8,92,72.06,Placed
8958,7,70,4,8,16,49,81.13,Placed
8959,8,64,9,9,7,74,100.0,Placed
8960,1,43,5,4,17,65,82.53,Placed
8961,2,90,6,7,12,62,66.76,Not Placed
8962,7,50,7,5,1,44,61.9,Not Placed
8963,11,56,7,4,0,40,71.12,Placed
8964,2,83,7,7,15,49,86.97,Placed
8965,7,41,6,3,15,81,91.37,Placed
8966,9,45,5,1,10,61,100.0,Placed
8967,11,48,9,7,3,44,88.03,Placed
8968,2,44,8,9,10,55,64.34,Not Placed
8969,7,59,9,2,5,53,73.22,Placed
8970,4,68,7,7,10,38,81.12,Placed
8971,11,60,8,10,0,56,100.0,Placed
8972,2,48,4,2,8,72,83.6,Placed
8973,7,67,9,3,6,49,91.74,Placed
8974,5,100,4,10,20,40,71.51,Placed
8975,1,94,4,10,2,84,61.18,Not Placed
8976,5,47,9,3,8,45,81.18,Placed
8977,3,70,7,4,1,78,76.24,Placed
8978,7,59,6,6,9,64,74.15,Placed
8979,6,66,7,3,16,74,100.0,Placed
8980,8,47,4,9,0,58,74.21,Placed
8981,5,93,4,2,17,56,100.0,Placed
8982,2,60,7,7,5,64,57.53,Not Placed
8983,9,100,6,6,5,80,95.81,Placed
8984,11,67,6,2,8,38,96.01,Placed
8985,8,62,8,11,9,84,100.0,Placed
8986,6,45,5,3,14,40,71.22,Placed
8987,10,42,4,6,3,72,78.02,Placed
8988,7,44,6,10,7,60,65.09,Not Placed
8989,9,48,9,4,3,53,85.1,Placed
8990,7,46,4,1,2,36,70.15,Placed
8991,3,99,5,1,3,38,76.97,Placed
8992,6,43,9,3,0,90,74.68,Placed
8993,11,78,4,8,8,39,100.0,Placed
8994,11,44,6,11,10,81,100.0,Placed
8995,7,50,8,4,20,69,100.0,Placed
8996,2,100,7,11,18,63,77.13,Placed
8997,3,54,9,1,20,50,100.0,Placed
8998,4,73,7,8,19,79,100.0,Placed
8999,10,52,6,10,6,46,100.0,Placed
9000,6,93,6,6,4,55,70.31,Placed
9001,1,87,9,1,1,43,68.51,Not Placed
9002,9,46,5,10,18,45,100.0,Placed
9003,5,79,9,10,2,42,74.15,Placed
9004,7,45,4,6,14,94,79.05,Placed
9005,9,95,5,1,6,60,85.42,Placed
9006,9,78,7,10,4,66,100.0,Placed
9007,1,89,4,10,9,73,63.24,Not Placed
9008,1,69,5,3,8,38,63.07,Not Placed
9009,3,61,7,2,13,68,75.6,Placed
9010,6,64,4,4,12,62,83.51,Placed
9011,2,67,8,2,0,59,74.84,Placed
9012,10,93,9,11,15,85,100.0,Placed
9013,11,59,9,5,19,88,100.0,Placed
9014,1,78,9,4,7,95,97.08,Placed
9015,1,42,8,6,16,89,84.44,Placed
9016,5,44,5,7,5,78,83.51,Placed
9017,4,40,6,2,1,69,62.4,Not Placed
9018,1,54,4,2,12,53,67.95,Not Placed
9019,4,65,5,8,7,69,93.99,Placed
9020,3,42,6,9,8,85,73.38,Placed
9021,2,79,9,5,12,85,100.0,Placed
9022,9,96,9,7,17,73,100.0,Placed
9023,11,80,9,9,17,63,100.0,Placed
9024,1,86,6,1,8,48,73.85,Placed
9025,7,81,4,8,1,55,62.08,Not Placed
9026,4,73,4,10,3,70,63.69,Not Placed
9027,5,91,6,10,17,72,98.7,Placed
9028,10,44,7,9,16,48,88.5,Placed
9029,5,70,9,9,11,74,89.22,Placed
9030,1,90,5,10,15,84,100.0,Placed
9031,6,52,4,7,12,94,95.02,Placed
9032,9,82,6,10,10,49,98.32,Placed
9033,2,40,7,3,13,85,100.0,Placed
9034,7,61,8,5,9,84,78.51,Placed
9035,6,54,6,2,20,64,100.0,Placed
9036,5,65,7,11,18,81,100.0,Placed
9037,4,57,8,10,20,89,90.38,Placed
9038,4,87,7,3,16,46,82.5,Placed
9039,6,48,4,10,8,84,87.98,Placed
9040,4,40,6,7,13,39,74.46,Placed
9041,5,82,8,1,4,61,94.15,Placed
9042,6,48,7,3,2,49,61.92,Not Placed
9043,5,62,8,5,7,60,85.45,Placed
9044,7,82,5,11,17,43,85.65,Placed
9045,9,84,6,4,2,74,98.27,Placed
9046,10,97,4,3,1,74,94.74,Placed
9047,7,41,8,6,10,69,84.92,Placed
9048,7,53,9,6,4,47,58.46,Not Placed
9049,4,77,7,4,6,79,100.0,Placed
9050,1,79,9,9,13,78,77.16,Placed
9051,8,57,8,11,18,81,100.0,Placed
9052,4,55,9,6,1,80,72.25,Placed
9053,1,92,7,9,8,67,67.65,Not Placed
9054,5,68,8,11,9,68,63.03,Not Placed
9055,8,83,4,10,18,89,100.0,Placed
9056,4,50,4,10,16,38,76.69,Placed
9057,8,45,6,2,6,47,73.43,Placed
9058,8,42,4,6,17,44,97.7,Placed
9059,3,53,8,4,5,87,92.11,Placed
9060,9,99,8,2,8,79,100.0,Placed
9061,3,41,4,5,7,35,52.54,Not Placed
9062,1,71,5,3,8,45,61.57,Not Placed
9063,2,70,8,6,0,84,63.57,Not Placed
9064,6,50,6,11,1,43,52.48,Not Placed
9065,10,61,5,8,3,72,82.33,Placed
9066,2,42,4,4,19,57,85.44,Placed
9067,6,89,7,4,17,47,100.0,Placed
9068,1,70,8,5,9,39,67.73,Not Placed
9069,11,72,7,6,0,59,90.76,Placed
9070,1,63,9,11,9,44,54.34,Not Placed
9071,5,40,6,7,8,39,66.75,Not Placed
9072,10,83,5,6,12,56,100.0,Placed
9073,11,54,7,7,14,76,100.0,Placed
9074,9,76,6,9,17,59,100.0,Placed
9075,8,66,7,4,12,71,100.0,Placed
9076,3,77,7,10,4,54,65.96,Not Placed
9077,3,87,6,1,1,62,79.81,Placed
9078,1,66,8,9,6,55,38.95,Not Placed
9079,3,83,7,7,8,45,70.32,Placed
9080,11,51,6,4,18,63,100.0,Placed
9081,1,42,7,10,13,39,41.35,Not Placed
9082,8,69,8,8,16,71,94.03,Placed
9083,1,71,6,7,19,83,100.0,Placed
9084,5,62,7,2,19,87,100.0,Placed
9085,9,41,4,1,10,39,87.71,Placed
9086,7,46,8,9,4,67,83.82,Placed
9087,4,73,7,7,11,79,94.19,Placed
9088,11,71,5,10,20,70,91.53,Placed
9089,9,92,6,1,8,42,99.13,Placed
9090,9,78,7,4,16,86,100.0,Placed
9091,2,71,8,5,7,89,87.02,Placed
9092,10,82,8,5,7,40,100.0,Placed
9093,10,82,5,5,11,49,100.0,Placed
9094,11,53,5,11,18,49,100.0,Placed
9095,6,42,9,3,9,87,96.45,Placed
9096,4,85,9,5,1,82,89.65,Placed
9097,8,71,7,4,7,43,100.0,Placed
9098,11,82,4,5,13,95,100.0,Placed
9099,7,75,8,7,18,90,98.43,Placed
9100,7,56,4,5,3,39,70.33,Placed
9101,11,87,4,8,8,60,100.0,Placed
9102,10,42,7,8,12,57,100.0,Placed
9103,9,96,6,3,8,50,100.0,Placed
9104,5,49,6,5,12,93,94.14,Placed
9105,6,92,6,4,15,91,100.0,Placed
9106,1,86,5,5,0,73,73.85,Placed
9107,6,79,8,8,7,69,97.29,Placed
9108,2,57,5,4,8,44,68.11,Not Placed
9109,6,42,8,5,12,61,91.77,Placed
9110,9,78,9,7,16,50,100.0,Placed
9111,8,49,8,3,8,55,100.0,Placed
9112,9,91,8,6,6,46,100.0,Placed
9113,10,48,7,9,19,43,97.9,Placed
9114,8,85,6,11,9,50,80.14,Placed
9115,3,94,5,4,20,43,94.15,Placed
9116,8,85,9,4,4,90,100.0,Placed
9117,6,50,5,6,16,63,93.06,Placed
9118,6,99,7,6,1,88,80.6,Placed
9119,6,72,8,3,8,57,100.0,Placed
9120,3,75,9,1,1,73,86.61,Placed
9121,10,65,6,3,9,77,100.0,Placed
9122,1,66,4,8,11,83,70.22,Placed
9123,4,77,4,8,1,58,39.15,Not Placed
9124,10,61,7,6,14,56,100.0,Placed
9125,6,65,6,7,2,89,77.25,Placed
9126,11,61,4,2,1,65,100.0,Placed
9127,10,44,4,9,6,44,74.88,Placed
9128,2,74,9,3,8,81,99.91,Placed
9129,7,41,9,2,10,76,79.72,Placed
9130,7,74,5,5,15,61,100.0,Placed
9131,11,48,6,1,6,68,100.0,Placed
9132,4,90,4,5,12,82,100.0,Placed
9133,4,90,9,10,2,73,77.73,Placed
9134,1,88,9,4,10,58,89.69,Placed
9135,2,57,9,6,2,94,77.39,Placed
9136,9,82,5,5,14,55,100.0,Placed
9137,10,51,6,9,7,49,94.07,Placed
9138,8,42,8,5,6,51,92.68,Placed
9139,8,57,9,8,4,88,100.0,Placed
9140,9,95,6,2,5,79,100.0,Placed
9141,7,77,7,3,18,53,100.0,Placed
9142,9,46,5,3,2,87,80.54,Placed
9143,10,72,8,3,10,59,98.58,Placed
9144,2,45,9,6,5,89,69.38,Not Placed
9145,6,57,9,7,20,74,100.0,Placed
9146,3,84,5,7,13,56,81.88,Placed
9147,11,61,5,7,16,75,100.0,Placed
9148,6,90,4,3,2,85,100.0,Placed
9149,3,78,9,1,3,83,93.52,Placed
9150,8,90,6,6,8,76,95.83,Placed
9151,11,48,5,3,12,48,100.0,Placed
9152,4,74,5,3,5,95,78.76,Placed
9153,10,62,7,3,9,94,100.0,Placed
9154,6,51,7,9,19,62,100.0,Placed
9155,9,91,7,4,19,46,100.0,Placed
9156,2,63,5,5,20,61,89.91,Placed
9157,2,89,8,3,12,86,79.09,Placed
9158,7,79,6,10,13,58,91.23,Placed
9159,2,48,5,1,11,56,72.92,Placed
9160,2,52,4,4,12,73,74.95,Placed
9161,4,79,9,1,9,95,100.0,Placed
9162,9,93,8,11,6,75,99.36,Placed
9163,8,81,8,11,4,84,100.0,Placed
9164,2,56,6,7,11,73,69.48,Not Placed
9165,8,46,8,7,1,94,92.73,Placed
9166,4,56,6,4,7,70,68.62,Not Placed
9167,2,94,8,5,7,57,85.04,Placed
9168,11,89,9,10,18,42,100.0,Placed
9169,10,63,6,7,4,62,95.93,Placed
9170,7,41,7,6,7,84,99.35,Placed
9171,6,74,7,4,9,63,100.0,Placed
9172,10,100,8,4,12,49,100.0,Placed
9173,5,67,8,2,8,73,94.97,Placed
9174,11,58,6,10,6,42,84.11,Placed
9175,1,72,6,2,19,62,82.22,Placed
9176,2,60,9,4,19,67,100.0,Placed
9177,8,92,5,5,18,45,100.0,Placed
9178,1,49,7,4,10,76,64.86,Not Placed
9179,3,92,5,3,7,71,76.13,Placed
9180,2,85,5,11,15,59,88.96,Placed
9181,5,84,4,2,9,68,100.0,Placed
9182,4,48,6,4,5,56,80.73,Placed
9183,7,77,4,11,9,36,59.54,Not Placed
9184,5,45,4,5,9,85,79.42,Placed
9185,8,90,5,1,18,50,100.0,Placed
9186,4,92,4,1,3,45,74.24,Placed
9187,6,81,9,6,18,48,97.4,Placed
9188,4,94,6,5,2,66,93.57,Placed
9189,2,74,5,11,16,56,69.83,Not Placed
9190,1,57,6,4,13,39,81.96,Placed
9191,1,92,9,1,9,70,98.52,Placed
9192,8,58,8,7,5,57,96.35,Placed
9193,4,44,4,4,15,53,93.38,Placed
9194,5,64,5,3,8,63,83.49,Placed
9195,11,50,7,7,20,76,100.0,Placed
9196,8,49,6,2,11,57,98.75,Placed
9197,7,56,9,10,11,94,97.01,Placed
9198,8,75,4,1,13,43,91.68,Placed
9199,8,65,6,11,1,52,70.58,Placed
9200,6,70,9,4,9,65,100.0,Placed
9201,10,71,6,8,3,71,100.0,Placed
9202,2,60,8,6,5,51,68.32,Not Placed
9203,6,57,9,9,12,89,100.0,Placed
9204,1,99,6,1,13,52,82.03,Placed
9205,1,57,8,1,3,61,42.62,Not Placed
9206,11,40,8,11,9,55,100.0,Placed
9207,3,53,8,5,9,35,57.42,Not Placed
9208,3,47,4,6,4,66,80.86,Placed
9209,11,41,9,8,3,48,91.84,Placed
9210,5,90,6,3,11,93,100.0,Placed
9211,1,54,6,6,13,80,65.47,Not Placed
9212,10,99,9,3,6,48,100.0,Placed
9213,6,73,8,8,1,67,87.76,Placed
9214,7,75,6,11,13,70,100.0,Placed
9215,10,40,6,11,9,89,89.39,Placed
9216,11,90,8,4,15,73,100.0,Placed
9217,3,60,7,2,2,90,87.15,Placed
9218,4,81,7,9,7,46,65.36,Not Placed
9219,10,40,8,10,16,79,100.0,Placed
9220,11,71,4,8,3,59,86.75,Placed
9221,10,59,6,6,20,49,100.0,Placed
9222,10,93,6,3,18,54,100.0,Placed
9223,10,86,7,2,14,68,100.0,Placed
9224,10,75,8,4,19,92,100.0,Placed
9225,3,78,9,4,9,94,98.29,Placed
9226,1,69,9,1,9,48,94.59,Placed
9227,8,46,4,9,11,64,98.41,Placed
9228,10,61,8,10,8,78,100.0,Placed
9229,10,96,7,8,14,47,100.0,Placed
9230,2,89,7,7,17,48,88.97,Placed
9231,1,84,6,6,19,63,72.79,Placed
9232,8,49,5,3,0,60,61.72,Not Placed
9233,7,95,4,4,2,37,84.04,Placed
9234,7,47,4,2,7,59,82.53,Placed
9235,4,66,5,7,6,61,76.42,Placed
9236,11,49,9,2,14,79,100.0,Placed
9237,9,53,9,10,7,74,100.0,Placed
9238,6,85,9,1,14,50,100.0,Placed
9239,2,98,7,6,4,72,82.8,Placed
9240,1,91,8,4,11,45,71.97,Placed
9241,1,93,4,8,11,63,75.27,Placed
9242,9,50,5,1,8,81,100.0,Placed
9243,4,45,6,9,20,85,100.0,Placed
9244,5,60,6,6,8,92,85.91,Placed
9245,3,72,7,2,14,58,79.34,Placed
9246,4,58,4,8,14,63,81.55,Placed
9247,8,78,8,5,19,68,100.0,Placed
9248,4,63,4,5,11,45,64.63,Not Placed
9249,9,57,9,5,4,54,100.0,Placed
9250,9,74,6,7,0,54,63.62,Not Placed
9251,6,91,4,7,18,43,100.0,Placed
9252,2,82,6,10,10,90,100.0,Placed
9253,10,76,5,11,17,57,96.3,Placed
9254,11,58,5,7,5,70,94.33,Placed
9255,7,92,6,10,16,89,100.0,Placed
9256,9,63,8,2,13,83,100.0,Placed
9257,6,95,8,8,11,61,99.51,Placed
9258,3,73,4,1,4,58,90.39,Placed
9259,7,61,6,2,6,74,100.0,Placed
9260,5,43,7,11,15,59,76.28,Placed
9261,1,96,8,7,8,59,64.72,Not Placed
9262,3,49,8,4,14,82,81.59,Placed
9263,5,41,9,11,3,67,75.03,Placed
9264,7,47,5,10,19,65,100.0,Placed
9265,3,72,8,10,6,44,59.47,Not Placed
9266,6,98,8,9,13,73,100.0,Placed
9267,5,77,9,11,3,49,78.55,Placed
9268,1,82,8,9,3,35,50.34,Not Placed
9269,10,98,9,3,13,88,100.0,Placed
9270,6,67,6,3,6,50,97.03,Placed
9271,8,49,6,9,14,55,100.0,Placed
9272,1,84,5,10,11,93,83.76,Placed
9273,2,40,4,8,13,36,45.78,Not Placed
9274,4,73,9,1,12,95,100.0,Placed
9275,2,42,8,6,18,37,81.45,Placed
9276,11,48,4,7,11,49,100.0,Placed
9277,9,44,6,11,15,66,100.0,Placed
9278,10,81,8,8,15,90,100.0,Placed
9279,8,49,4,2,0,84,90.82,Placed
9280,8,51,9,1,14,81,100.0,Placed
9281,4,57,9,4,4,61,85.95,Placed
9282,5,97,4,1,5,70,94.99,Placed
9283,4,60,9,2,20,69,100.0,Placed
9284,9,60,7,3,16,94,100.0,Placed
9285,2,40,6,4,10,73,63.46,Not Placed
9286,11,42,5,6,3,58,80.77,Placed
9287,8,44,5,8,17,86,100.0,Placed
9288,2,64,7,9,19,88,100.0,Placed
9289,1,97,4,4,13,85,98.06,Placed
9290,10,88,9,1,8,89,100.0,Placed
9291,3,47,7,5,2,42,59.25,Not Placed
9292,9,56,7,5,2,41,98.61,Placed
9293,3,48,9,9,10,38,65.19,Not Placed
9294,9,71,6,6,19,64,100.0,Placed
9295,7,45,9,5,4,44,72.05,Placed
9296,10,88,9,10,3,94,100.0,Placed
9297,1,79,8,10,11,59,74.66,Placed
9298,10,60,4,5,11,76,99.95,Placed
9299,5,46,5,8,3,81,63.63,Not Placed
9300,9,46,5,11,2,66,74.31,Placed
9301,3,86,7,1,1,90,90.14,Placed
9302,9,78,7,5,3,88,100.0,Placed
9303,5,93,7,1,3,66,93.32,Placed
9304,9,66,4,7,6,84,86.78,Placed
9305,10,47,7,7,1,66,89.24,Placed
9306,6,48,7,10,10,44,54.06,Not Placed
9307,9,67,8,8,4,89,100.0,Placed
9308,7,54,4,7,12,43,63.46,Not Placed
9309,7,41,6,11,3,59,82.75,Placed
9310,8,46,6,9,8,59,86.88,Placed
9311,7,86,9,8,6,75,100.0,Placed
9312,9,57,8,8,12,88,100.0,Placed
9313,11,61,5,3,9,50,100.0,Placed
9314,9,89,9,10,6,83,100.0,Placed
9315,6,49,6,4,17,50,79.89,Placed
9316,7,93,4,4,17,64,100.0,Placed
9317,2,89,5,1,1,72,65.47,Not Placed
9318,9,72,7,6,20,39,100.0,Placed
9319,1,46,4,2,0,41,31.97,Not Placed
9320,1,42,5,9,12,47,36.42,Not Placed
9321,3,53,6,1,1,42,73.94,Placed
9322,6,83,9,1,3,67,100.0,Placed
9323,5,85,7,11,8,44,80.45,Placed
9324,2,100,7,10,7,86,79.37,Placed
9325,9,75,4,11,17,54,100.0,Placed
9326,10,52,9,6,15,66,100.0,Placed
9327,4,55,7,1,3,63,83.93,Placed
9328,4,55,5,3,3,35,51.47,Not Placed
9329,5,93,8,10,17,61,96.78,Placed
9330,8,44,6,2,1,54,85.12,Placed
9331,10,91,4,11,20,89,100.0,Placed
9332,4,64,9,9,10,48,72.73,Placed
9333,5,77,8,5,19,49,100.0,Placed
9334,4,77,8,6,3,40,78.79,Placed
9335,6,89,4,2,13,86,100.0,Placed
9336,3,77,5,8,20,36,77.12,Placed
9337,8,78,9,6,16,94,100.0,Placed
9338,6,95,6,11,7,63,100.0,Placed
9339,10,95,4,8,0,73,98.55,Placed
9340,5,87,9,8,18,90,100.0,Placed
9341,2,80,8,1,18,91,100.0,Placed
9342,10,65,8,7,20,91,100.0,Placed
9343,10,98,4,2,6,66,100.0,Placed
9344,7,52,9,11,0,86,81.04,Placed
9345,2,83,8,8,0,85,96.96,Placed
9346,1,90,4,2,9,39,69.67,Not Placed
9347,7,65,4,4,12,56,97.87,Placed
9348,5,94,6,2,4,62,88.81,Placed
9349,1,94,4,7,11,66,75.5,Placed
9350,4,40,9,5,2,63,75.0,Placed
9351,4,47,9,11,18,74,91.15,Placed
9352,10,43,8,11,3,37,89.02,Placed
9353,7,60,7,9,14,65,87.96,Placed
9354,9,61,6,5,12,47,100.0,Placed
9355,2,90,9,11,10,40,82.49,Placed
9356,1,92,8,8,1,55,82.34,Placed
9357,2,97,8,2,8,95,83.25,Placed
9358,7,76,6,3,11,89,100.0,Placed
9359,10,88,6,6,3,48,88.26,Placed
9360,6,42,8,11,18,59,98.95,Placed
9361,4,58,7,7,9,41,77.78,Placed
9362,1,40,5,10,10,77,51.25,Not Placed
9363,1,68,8,8,6,56,69.34,Not Placed
9364,5,62,6,3,12,66,88.02,Placed
9365,1,72,4,7,8,75,60.29,Not Placed
9366,7,94,4,8,11,66,78.7,Placed
9367,11,91,6,10,1,76,100.0,Placed
9368,1,80,6,6,20,86,96.29,Placed
9369,1,62,5,4,0,64,42.9,Not Placed
9370,2,44,9,6,6,51,64.57,Not Placed
9371,11,46,6,9,0,74,89.66,Placed
9372,10,96,4,3,15,88,100.0,Placed
9373,3,97,7,2,3,72,76.99,Placed
9374,11,45,6,5,7,55,100.0,Placed
9375,1,88,5,7,16,60,82.12,Placed
9376,9,61,7,3,20,77,100.0,Placed
9377,10,88,5,5,18,37,100.0,Placed
9378,8,52,7,4,3,72,86.45,Placed
9379,5,51,6,11,3,51,42.23,Not Placed
9380,11,43,4,7,7,73,100.0,Placed
9381,2,47,7,2,9,40,59.55,Not Placed
9382,5,76,8,11,15,55,88.56,Placed
9383,6,70,9,7,18,79,100.0,Placed
9384,1,76,5,2,0,80,78.85,Placed
9385,11,84,7,3,4,85,100.0,Placed
9386,4,65,5,5,1,74,59.7,Not Placed
9387,9,82,4,7,15,47,99.01,Placed
9388,2,47,5,6,12,86,76.61,Placed
9389,5,79,5,7,5,43,51.69,Not Placed
9390,1,72,8,11,3,91,74.06,Placed
9391,4,84,5,6,6,39,75.18,Placed
9392,4,68,7,1,1,77,82.43,Placed
9393,6,44,5,5,9,41,62.74,Not Placed
9394,10,67,6,1,13,72,100.0,Placed
9395,9,92,5,7,7,78,100.0,Placed
9396,3,79,6,4,2,78,74.93,Placed
9397,9,56,9,5,2,72,100.0,Placed
9398,6,94,5,1,1,65,92.82,Placed
9399,7,62,9,8,16,38,75.27,Placed
9400,10,84,5,4,18,92,100.0,Placed
9401,2,48,7,3,9,47,70.33,Placed
9402,11,41,6,1,11,78,100.0,Placed
9403,10,71,9,4,10,49,100.0,Placed
9404,6,90,9,3,8,74,100.0,Placed
9405,6,91,6,8,12,47,97.0,Placed
9406,2,88,8,9,5,77,74.55,Placed
9407,2,70,5,5,13,77,86.64,Placed
9408,2,46,5,9,10,77,56.58,Not Placed
9409,10,69,7,1,4,60,100.0,Placed
9410,1,97,8,7,1,53,66.12,Not Placed
9411,5,42,8,11,6,87,67.04,Not Placed
9412,8,90,7,7,16,83,100.0,Placed
9413,2,90,9,6,5,35,92.32,Placed
9414,5,95,6,4,13,47,92.08,Placed
9415,8,48,9,11,3,59,76.21,Placed
9416,10,49,4,9,2,54,68.9,Not Placed
9417,5,100,7,3,10,75,94.61,Placed
9418,2,85,6,11,0,57,45.33,Not Placed
9419,3,89,9,11,13,92,100.0,Placed
9420,6,97,9,1,5,58,100.0,Placed
9421,11,86,8,2,16,77,100.0,Placed
9422,11,65,7,3,16,75,100.0,Placed
9423,5,40,4,2,10,83,96.09,Placed
9424,11,69,5,6,6,73,100.0,Placed
9425,4,96,7,7,12,74,84.25,Placed
9426,4,77,4,5,7,64,83.69,Placed
9427,5,54,4,5,7,68,76.2,Placed
9428,2,64,7,7,8,80,78.94,Placed
9429,9,45,6,6,6,44,99.41,Placed
9430,2,57,7,8,8,75,71.3,Placed
9431,10,40,9,9,10,94,100.0,Placed
9432,2,95,8,2,1,35,48.3,Not Placed
9433,10,42,9,2,17,46,100.0,Placed
9434,9,56,4,1,2,80,87.07,Placed
9435,3,87,4,7,17,85,78.14,Placed
9436,10,47,5,11,15,63,100.0,Placed
9437,7,99,4,4,7,45,94.45,Placed
9438,4,88,5,9,7,75,81.86,Placed
9439,6,79,4,6,5,51,66.44,Not Placed
9440,4,56,4,7,1,54,58.0,Not Placed
9441,10,64,7,7,15,92,100.0,Placed
9442,7,80,7,8,20,72,100.0,Placed
9443,1,51,8,4,8,40,61.98,Not Placed
9444,3,68,9,3,18,54,100.0,Placed
9445,3,64,6,3,20,44,88.88,Placed
9446,1,90,8,10,14,44,71.66,Placed
9447,6,75,4,8,1,65,80.22,Placed
9448,11,92,8,3,14,60,100.0,Placed
9449,9,93,7,8,10,92,100.0,Placed
9450,8,64,9,2,19,51,100.0,Placed
9451,11,68,4,5,11,87,100.0,Placed
9452,7,50,4,5,14,48,88.57,Placed
9453,10,99,8,7,15,39,100.0,Placed
9454,8,43,9,5,5,37,72.02,Placed
9455,6,53,5,9,2,77,75.02,Placed
9456,9,85,6,3,5,85,100.0,Placed
9457,3,77,9,9,2,54,73.2,Placed
9458,10,100,8,1,20,85,100.0,Placed
9459,10,56,8,3,12,80,100.0,Placed
9460,9,41,6,4,11,49,88.43,Placed
9461,4,47,4,6,7,37,66.45,Not Placed
9462,7,75,4,10,1,37,50.44,Not Placed
9463,9,49,5,8,6,57,85.92,Placed
9464,2,46,8,7,16,43,98.88,Placed
9465,2,75,6,8,6,45,51.11,Not Placed
9466,9,55,8,6,0,81,90.46,Placed
9467,3,53,7,6,3,95,75.01,Placed
9468,9,55,8,6,14,83,100.0,Placed
9469,5,64,8,3,3,90,84.59,Placed
9470,6,80,7,10,11,92,100.0,Placed
9471,2,43,7,4,15,78,99.89,Placed
9472,8,68,6,11,20,83,100.0,Placed
9473,11,95,4,6,17,75,100.0,Placed
9474,9,45,5,7,13,47,97.76,Placed
9475,2,40,7,3,13,42,70.17,Placed
9476,6,78,4,4,10,56,70.1,Placed
9477,6,40,6,6,15,72,100.0,Placed
9478,8,90,9,1,14,61,100.0,Placed
9479,10,79,8,11,5,60,100.0,Placed
9480,5,96,6,7,12,57,80.39,Placed
9481,9,42,6,11,16,90,92.82,Placed
9482,1,40,7,1,3,95,59.32,Not Placed
9483,9,40,5,11,11,73,83.62,Placed
9484,10,78,7,10,17,65,100.0,Placed
9485,7,60,8,11,7,63,82.01,Placed
9486,4,84,7,11,11,35,73.43,Placed
9487,3,69,8,9,3,44,65.54,Not Placed
9488,10,71,7,10,7,81,100.0,Placed
9489,11,72,9,9,1,95,100.0,Placed
9490,6,87,5,11,3,80,66.72,Not Placed
9491,1,61,9,9,11,38,53.18,Not Placed
9492,3,69,4,4,20,65,97.93,Placed
9493,2,93,5,2,9,38,80.57,Placed
9494,11,85,7,7,14,63,100.0,Placed
9495,9,43,6,4,8,43,78.35,Placed
9496,3,62,4,5,8,49,67.47,Not Placed
9497,2,94,6,1,6,78,100.0,Placed
9498,4,83,9,11,1,75,84.71,Placed
9499,2,64,5,10,6,37,31.43,Not Placed
9500,1,51,4,6,8,93,68.81,Not Placed
9501,6,56,9,7,17,49,92.14,Placed
9502,10,92,7,3,11,91,100.0,Placed
9503,8,54,6,10,6,87,100.0,Placed
9504,10,49,7,2,18,45,97.46,Placed
9505,10,74,8,10,15,40,100.0,Placed
9506,2,94,4,7,7,81,91.78,Placed
9507,9,91,6,1,18,41,100.0,Placed
9508,3,91,5,2,5,85,88.07,Placed
9509,8,68,5,3,1,80,97.2,Placed
9510,8,51,5,4,1,38,61.2,Not Placed
9511,3,40,9,5,7,55,62.75,Not Placed
9512,3,40,5,4,9,35,59.71,Not Placed
9513,6,49,6,10,20,90,100.0,Placed
9514,1,57,9,3,20,93,100.0,Placed
9515,4,86,8,1,10,57,84.73,Placed
9516,1,41,5,7,19,47,48.96,Not Placed
9517,3,88,5,10,19,77,100.0,Placed
9518,9,47,9,6,2,62,100.0,Placed
9519,5,61,5,2,15,63,100.0,Placed
9520,5,61,8,2,2,52,100.0,Placed
9521,11,65,9,3,7,57,100.0,Placed
9522,4,65,9,8,18,62,85.35,Placed
9523,3,48,4,8,11,43,56.58,Not Placed
9524,5,60,9,10,17,87,100.0,Placed
9525,11,70,5,10,12,77,100.0,Placed
9526,4,91,9,10,10,40,78.62,Placed
9527,8,82,5,10,12,50,100.0,Placed
9528,4,45,5,11,20,71,79.72,Placed
9529,11,95,9,8,2,35,100.0,Placed
9530,8,53,4,7,5,56,78.17,Placed
9531,6,72,5,2,2,80,93.0,Placed
9532,11,46,4,1,0,57,92.89,Placed
9533,5,63,4,6,13,55,72.6,Placed
9534,4,48,9,11,19,85,69.69,Not Placed
9535,4,50,7,8,6,65,65.77,Not Placed
9536,4,95,7,1,8,72,100.0,Placed
9537,11,62,5,3,0,62,98.76,Placed
9538,9,87,6,1,9,78,100.0,Placed
9539,4,90,7,10,12,61,90.31,Placed
9540,9,41,9,9,11,73,100.0,Placed
9541,10,54,9,7,3,76,94.06,Placed
9542,6,74,7,8,6,76,88.37,Placed
9543,10,75,6,9,9,94,100.0,Placed
9544,7,91,8,3,6,91,93.51,Placed
9545,10,93,5,10,14,47,100.0,Placed
9546,3,67,8,11,18,66,90.29,Placed
9547,8,78,8,2,6,41,91.0,Placed
9548,3,83,4,6,13,85,95.0,Placed
9549,1,43,4,5,20,67,80.36,Placed
9550,10,49,5,4,13,81,100.0,Placed
9551,5,45,6,6,17,80,100.0,Placed
9552,2,96,4,6,9,47,73.4,Placed
9553,10,69,7,3,2,66,100.0,Placed
9554,6,93,5,2,5,41,82.49,Placed
9555,10,85,9,9,8,46,100.0,Placed
9556,9,74,8,8,13,74,100.0,Placed
9557,1,88,5,4,20,49,85.74,Placed
9558,4,82,9,6,20,93,100.0,Placed
9559,1,49,9,3,7,83,78.97,Placed
9560,1,97,4,11,0,55,52.81,Not Placed
9561,8,100,9,8,2,46,94.31,Placed
9562,11,92,6,3,5,94,100.0,Placed
9563,2,71,9,2,0,47,64.68,Not Placed
9564,1,81,9,7,17,74,87.06,Placed
9565,11,81,8,3,9,76,100.0,Placed
9566,8,42,6,9,16,73,100.0,Placed
9567,4,95,5,3,20,36,100.0,Placed
9568,3,65,6,8,0,63,58.03,Not Placed
9569,4,54,6,2,7,95,82.54,Placed
9570,11,56,5,9,11,82,100.0,Placed
9571,5,66,8,1,18,63,100.0,Placed
9572,1,57,9,3,13,70,82.17,Placed
9573,11,90,6,11,18,72,100.0,Placed
9574,1,58,6,2,16,41,80.91,Placed
9575,3,51,5,7,15,64,71.32,Placed
9576,6,63,7,5,18,57,91.67,Placed
9577,1,44,6,8,4,85,57.63,Not Placed
9578,11,63,4,2,18,62,100.0,Placed
9579,2,66,9,8,3,90,67.52,Not Placed
9580,7,87,9,7,4,57,93.0,Placed
9581,1,69,8,11,4,70,57.16,Not Placed
9582,7,54,6,5,0,76,77.33,Placed
9583,4,86,5,2,17,63,100.0,Placed
9584,10,98,4,10,14,38,100.0,Placed
9585,6,77,5,11,20,54,95.6,Placed
9586,8,83,6,7,18,39,100.0,Placed
9587,9,73,4,10,13,80,100.0,Placed
9588,6,66,8,4,5,45,84.57,Placed
9589,11,59,8,4,17,36,100.0,Placed
9590,9,80,8,8,7,75,100.0,Placed
9591,4,71,7,6,4,88,95.4,Placed
9592,6,43,5,9,7,78,61.94,Not Placed
9593,8,44,6,11,5,58,85.94,Placed
9594,9,92,4,2,9,93,100.0,Placed
9595,3,97,9,5,2,67,81.72,Placed
9596,2,47,9,6,12,56,84.85,Placed
9597,6,61,5,8,6,81,81.23,Placed
9598,4,81,6,4,3,40,67.08,Not Placed
9599,1,46,7,11,12,58,64.89,Not Placed
9600,8,61,6,7,5,63,82.9,Placed
9601,9,85,5,11,15,83,100.0,Placed
9602,9,69,6,7,20,66,100.0,Placed
9603,2,76,9,4,0,87,81.55,Placed
9604,9,55,9,1,12,81,100.0,Placed
9605,7,54,4,3,1,64,80.51,Placed
9606,5,44,7,2,19,80,100.0,Placed
9607,7,42,9,3,18,85,100.0,Placed
9608,9,62,4,5,5,88,79.48,Placed
9609,8,100,7,11,10,75,100.0,Placed
9610,6,49,9,1,16,92,100.0,Placed
9611,4,44,7,5,8,37,52.15,Not Placed
9612,1,62,6,2,4,59,60.07,Not Placed
9613,6,54,4,4,4,62,95.51,Placed
9614,3,57,7,6,15,91,83.52,Placed
9615,6,64,7,9,3,49,82.01,Placed
9616,6,47,6,10,19,51,78.37,Placed
9617,4,70,9,6,12,36,85.88,Placed
9618,2,60,9,10,16,61,87.72,Placed
9619,9,41,5,11,8,70,93.18,Placed
9620,2,61,5,2,12,48,61.72,Not Placed
9621,3,47,9,8,15,77,99.55,Placed
9622,10,62,8,5,19,93,100.0,Placed
9623,1,71,8,9,9,66,54.75,Not Placed
9624,7,47,7,10,9,46,66.23,Not Placed
9625,1,43,9,9,19,57,67.06,Not Placed
9626,11,69,5,4,15,50,100.0,Placed
9627,9,58,7,1,19,78,100.0,Placed
9628,11,62,4,11,0,36,73.28,Placed
9629,11,57,5,9,10,41,82.12,Placed
9630,1,92,5,9,12,55,65.52,Not Placed
9631,5,68,5,8,17,92,100.0,Placed
9632,7,62,8,5,4,65,76.28,Placed
9633,3,72,6,5,3,57,55.83,Not Placed
9634,9,91,6,10,5,94,100.0,Placed
9635,8,86,8,6,14,91,100.0,Placed
9636,3,57,9,1,1,59,59.99,Not Placed
9637,5,93,9,9,3,69,100.0,Placed
9638,7,83,8,5,13,69,100.0,Placed
9639,4,72,8,7,3,79,69.41,Not Placed
9640,5,46,9,11,17,41,93.38,Placed
9641,3,90,6,8,19,39,88.56,Placed
9642,9,67,7,5,15,66,100.0,Placed
9643,10,40,8,3,8,87,100.0,Placed
9644,9,95,7,6,7,39,93.71,Placed
9645,7,78,7,7,10,59,88.25,Placed
9646,10,73,4,4,13,65,100.0,Placed
9647,2,78,6,9,16,54,79.93,Placed
9648,7,58,7,11,12,56,77.52,Placed
9649,7,70,6,4,7,72,69.79,Not Placed
9650,11,52,6,11,13,47,100.0,Placed
9651,5,96,4,10,10,73,76.87,Placed
9652,9,63,9,2,8,36,80.86,Placed
9653,11,44,6,9,7,56,100.0,Placed
9654,3,62,7,4,13,95,92.6,Placed
9655,4,58,9,4,14,43,88.23,Placed
9656,1,40,9,10,0,85,64.4,Not Placed
9657,6,72,5,1,11,36,94.59,Placed
9658,4,98,7,2,4,79,99.7,Placed
9659,1,89,7,3,13,66,80.28,Placed
9660,2,95,6,7,15,42,66.45,Not Placed
9661,3,72,7,9,18,50,100.0,Placed
9662,9,71,5,5,15,67,100.0,Placed
9663,8,98,6,4,6,45,100.0,Placed
9664,7,67,8,2,2,66,86.25,Placed
9665,11,76,7,7,7,42,100.0,Placed
9666,4,80,7,6,20,66,98.98,Placed
9667,1,51,4,7,20,55,68.02,Not Placed
9668,8,48,8,8,13,59,82.41,Placed
9669,4,89,8,9,19,91,100.0,Placed
9670,3,94,5,10,2,54,39.67,Not Placed
9671,9,50,8,5,10,35,100.0,Placed
9672,10,72,4,11,13,55,100.0,Placed
9673,4,58,5,5,1,41,50.83,Not Placed
9674,4,93,8,4,3,91,100.0,Placed
9675,9,96,5,11,20,92,100.0,Placed
9676,11,81,8,3,4,59,100.0,Placed
9677,2,73,8,7,18,43,76.16,Placed
9678,5,46,9,5,9,56,77.46,Placed
9679,4,70,8,7,20,36,84.76,Placed
9680,9,91,7,2,20,87,100.0,Placed
9681,5,41,8,9,1,53,63.48,Not Placed
9682,9,58,7,9,20,94,100.0,Placed
9683,11,77,6,9,2,40,83.33,Placed
9684,9,71,9,5,14,93,100.0,Placed
9685,2,49,4,10,18,39,57.56,Not Placed
9686,9,80,5,9,20,79,100.0,Placed
9687,3,47,5,1,1,44,67.63,Not Placed
9688,4,65,6,2,2,93,84.82,Placed
9689,1,69,8,10,11,35,56.23,Not Placed
9690,1,50,4,5,13,60,53.31,Not Placed
9691,1,80,6,5,16,60,73.25,Placed
9692,9,59,6,6,15,94,100.0,Placed
9693,11,99,5,8,16,52,100.0,Placed
9694,8,59,7,1,8,93,100.0,Placed
9695,5,48,7,10,2,55,41.0,Not Placed
9696,5,47,8,9,13,80,100.0,Placed
9697,9,99,8,4,2,46,85.9,Placed
9698,3,54,6,8,5,72,66.79,Not Placed
9699,3,73,8,5,20,48,84.35,Placed
9700,7,63,7,1,18,83,100.0,Placed
9701,9,72,4,9,12,66,100.0,Placed
9702,6,80,5,8,4,73,92.17,Placed
9703,2,80,7,5,0,69,74.18,Placed
9704,1,84,9,11,11,51,76.88,Placed
9705,2,79,8,4,14,89,89.26,Placed
9706,1,66,5,8,18,89,88.49,Placed
9707,10,60,9,9,1,44,87.62,Placed
9708,10,44,5,7,2,69,71.25,Placed
9709,9,100,6,4,6,50,81.33,Placed
9710,10,74,8,7,10,40,100.0,Placed
9711,8,60,6,6,9,38,75.24,Placed
9712,7,43,5,11,7,86,69.68,Not Placed
9713,3,88,6,3,1,43,45.37,Not Placed
9714,8,87,8,10,13,63,99.74,Placed
9715,2,55,7,3,12,41,85.05,Placed
9716,2,96,4,1,6,50,81.22,Placed
9717,11,70,9,5,20,40,100.0,Placed
9718,10,65,7,8,8,78,99.69,Placed
9719,3,91,5,6,6,91,98.22,Placed
9720,7,74,7,8,0,95,100.0,Placed
9721,1,45,6,7,0,37,50.76,Not Placed
9722,8,72,8,2,5,78,100.0,Placed
9723,7,60,7,8,0,86,80.01,Placed
9724,4,55,7,4,15,48,82.52,Placed
9725,5,86,8,11,2,48,71.72,Placed
9726,10,78,6,5,12,43,91.51,Placed
9727,1,73,4,11,20,70,72.96,Placed
9728,4,81,7,8,3,57,83.13,Placed
9729,1,96,9,5,16,91,99.62,Placed
9730,1,99,5,5,9,86,86.33,Placed
9731,10,54,6,6,3,91,100.0,Placed
9732,1,45,6,7,19,49,81.65,Placed
9733,7,41,7,9,11,41,82.44,Placed
9734,7,63,9,11,12,54,100.0,Placed
9735,4,95,8,7,3,53,82.13,Placed
9736,2,88,7,6,15,40,82.6,Placed
9737,3,67,7,10,18,85,100.0,Placed
9738,8,40,8,4,6,73,70.12,Placed
9739,8,40,5,11,0,35,61.86,Not Placed
9740,11,67,8,10,15,41,86.24,Placed
9741,11,75,7,2,1,69,100.0,Placed
9742,6,59,4,11,0,59,69.06,Not Placed
9743,10,87,8,11,13,72,100.0,Placed
9744,9,47,5,9,19,57,99.9,Placed
9745,11,40,8,10,4,59,92.0,Placed
9746,9,65,8,11,14,72,100.0,Placed
9747,4,90,6,5,9,92,77.62,Placed
9748,1,82,6,5,20,45,75.38,Placed
9749,1,88,7,11,1,68,73.84,Placed
9750,10,64,7,3,10,65,100.0,Placed
9751,5,49,8,3,15,72,96.44,Placed
9752,2,51,4,1,18,88,99.13,Placed
9753,6,80,9,11,3,84,78.45,Placed
9754,7,46,7,5,9,89,100.0,Placed
9755,1,100,8,3,11,80,91.24,Placed
9756,6,51,8,11,1,46,60.35,Not Placed
9757,8,86,9,2,1,43,83.96,Placed
9758,5,79,8,11,8,47,82.35,Placed
9759,7,56,9,9,11,92,100.0,Placed
9760,10,44,9,10,1,54,85.06,Placed
9761,6,53,8,6,17,93,100.0,Placed
9762,4,73,8,3,15,55,94.37,Placed
9763,7,87,6,7,18,56,100.0,Placed
9764,10,100,9,9,14,35,100.0,Placed
9765,9,56,5,9,15,74,95.53,Placed
9766,10,74,9,1,5,94,100.0,Placed
9767,10,94,5,2,14,95,100.0,Placed
9768,7,40,8,8,11,75,94.74,Placed
9769,5,98,7,11,11,51,66.2,Not Placed
9770,7,89,4,1,9,79,100.0,Placed
9771,3,89,8,11,20,38,96.55,Placed
9772,2,75,4,11,14,40,45.61,Not Placed
9773,11,54,6,3,3,79,100.0,Placed
9774,5,99,5,11,9,92,96.18,Placed
9775,4,58,6,7,18,83,79.43,Placed
9776,5,90,7,8,13,53,85.72,Placed
9777,8,81,7,5,9,64,100.0,Placed
9778,4,44,9,2,16,57,78.75,Placed
9779,9,58,8,3,10,66,99.53,Placed
9780,7,82,9,9,17,90,100.0,Placed
9781,10,78,7,11,1,63,93.26,Placed
9782,7,44,7,10,10,42,79.32,Placed
9783,8,91,9,7,7,55,94.66,Placed
9784,6,51,6,1,18,51,100.0,Placed
9785,8,58,4,3,15,51,95.26,Placed
9786,3,86,5,9,3,90,73.12,Placed
9787,10,51,7,7,13,55,100.0,Placed
9788,10,75,9,2,16,49,100.0,Placed
9789,1,51,7,6,10,61,68.34,Not Placed
9790,6,57,6,9,2,59,64.22,Not Placed
9791,1,88,5,4,3,67,76.23,Placed
9792,9,90,6,10,20,36,100.0,Placed
9793,2,87,4,2,12,86,98.85,Placed
9794,11,82,6,3,16,76,100.0,Placed
9795,2,73,5,7,19,93,92.08,Placed
9796,7,87,5,4,20,50,100.0,Placed
9797,2,72,7,7,19,89,88.06,Placed
9798,10,88,4,5,9,70,100.0,Placed
9799,8,57,8,8,11,42,95.44,Placed
9800,6,100,7,8,7,50,95.45,Placed
9801,7,100,9,5,2,41,70.91,Placed
9802,7,96,6,7,20,39,95.7,Placed
9803,6,68,6,11,9,57,93.26,Placed
9804,10,84,5,6,6,42,85.26,Placed
9805,11,44,9,8,9,37,91.2,Placed
9806,9,64,5,9,6,69,91.36,Placed
9807,9,63,9,5,17,84,100.0,Placed
9808,7,68,5,7,19,70,91.83,Placed
9809,9,98,8,1,13,93,100.0,Placed
9810,10,77,8,11,11,70,81.31,Placed
9811,3,72,7,8,7,49,61.49,Not Placed
9812,3,49,8,3,6,64,70.06,Placed
9813,1,76,9,1,4,49,52.82,Not Placed
9814,5,99,5,6,0,63,84.23,Placed
9815,4,72,9,8,14,38,72.99,Placed
9816,2,62,7,11,8,68,83.3,Placed
9817,9,97,7,3,11,57,100.0,Placed
9818,3,50,4,1,17,92,93.57,Placed
9819,8,63,8,3,10,69,100.0,Placed
9820,6,63,6,5,9,62,70.37,Placed
9821,5,46,6,11,9,65,73.85,Placed
9822,1,89,4,8,17,76,72.32,Placed
9823,4,60,5,9,0,67,68.09,Not Placed
9824,3,59,4,9,19,52,71.58,Placed
9825,1,92,5,4,10,39,46.24,Not Placed
9826,5,49,8,8,1,43,46.01,Not Placed
9827,6,64,8,11,10,54,82.51,Placed
9828,2,86,7,5,1,72,75.45,Placed
9829,3,75,7,3,8,85,75.17,Placed
9830,11,87,7,5,0,43,76.54,Placed
9831,6,86,7,2,5,52,85.28,Placed
9832,4,54,6,11,1,90,84.42,Placed
9833,9,83,7,11,14,49,96.81,Placed
9834,5,79,7,11,0,49,66.2,Not Placed
9835,4,79,7,6,17,93,82.71,Placed
9836,2,89,5,1,3,48,94.15,Placed
9837,6,45,9,6,12,69,82.79,Placed
9838,10,76,7,5,3,74,100.0,Placed
9839,2,41,4,9,14,85,53.84,Not Placed
9840,7,51,7,7,1,77,85.22,Placed
9841,3,97,7,6,8,94,91.42,Placed
9842,9,43,6,11,11,94,100.0,Placed
9843,11,62,9,7,13,70,100.0,Placed
9844,5,52,7,10,19,81,100.0,Placed
9845,8,56,9,5,3,90,100.0,Placed
9846,11,70,5,1,14,76,100.0,Placed
9847,6,55,8,9,3,54,88.35,Placed
9848,10,80,9,5,4,45,92.74,Placed
9849,8,65,9,4,9,91,100.0,Placed
9850,11,67,7,6,11,75,100.0,Placed
9851,3,40,7,5,11,88,84.87,Placed
9852,3,86,7,1,7,51,77.64,Placed
9853,5,51,6,2,3,75,99.1,Placed
9854,11,76,8,4,2,59,96.7,Placed
9855,10,94,6,8,0,63,100.0,Placed
9856,3,95,6,5,17,57,84.6,Placed
9857,8,89,6,7,19,43,100.0,Placed
9858,10,59,5,2,13,90,100.0,Placed
9859,8,41,8,8,16,59,94.51,Placed
9860,2,75,5,5,5,75,70.22,Placed
9861,4,54,5,4,5,57,69.24,Not Placed
9862,10,77,8,9,9,88,100.0,Placed
9863,1,61,5,6,18,36,70.52,Placed
9864,4,83,8,4,9,79,98.36,Placed
9865,11,100,9,8,2,89,100.0,Placed
9866,4,89,9,3,0,35,65.76,Not Placed
9867,10,71,7,10,17,72,100.0,Placed
9868,9,98,6,2,14,40,100.0,Placed
9869,3,59,9,7,19,82,95.28,Placed
9870,2,75,9,4,3,78,84.67,Placed
9871,9,72,5,4,17,49,100.0,Placed
9872,9,54,8,10,9,41,83.14,Placed
9873,1,89,4,9,18,36,79.44,Placed
9874,6,85,5,2,16,64,100.0,Placed
9875,10,42,5,1,9,63,94.18,Placed
9876,8,68,8,7,3,46,89.52,Placed
9877,3,86,4,8,4,86,67.62,Not Placed
9878,11,66,4,3,6,68,100.0,Placed
9879,9,44,7,2,18,64,100.0,Placed
9880,2,98,5,4,18,70,97.6,Placed
9881,6,95,6,2,7,69,97.52,Placed
9882,1,70,9,2,0,36,55.55,Not Placed
9883,7,61,5,5,7,84,94.24,Placed
9884,3,74,6,10,18,37,53.24,Not Placed
9885,7,93,6,5,16,76,100.0,Placed
9886,4,46,8,8,8,46,72.85,Placed
9887,9,45,5,9,19,38,87.78,Placed
9888,5,65,8,2,15,89,100.0,Placed
9889,3,93,7,1,8,86,93.87,Placed
9890,8,40,6,3,18,93,89.76,Placed
9891,6,58,4,6,15,41,84.47,Placed
9892,2,46,6,5,20,54,63.3,Not Placed
9893,3,75,7,8,12,53,64.71,Not Placed
9894,8,51,6,8,18,42,82.62,Placed
9895,10,59,8,2,4,37,93.04,Placed
9896,7,62,5,9,1,61,73.35,Placed
9897,10,64,4,4,3,49,97.06,Placed
9898,6,69,8,1,11,42,80.48,Placed
9899,1,98,9,2,17,52,87.97,Placed
9900,9,100,5,11,2,63,100.0,Placed
9901,3,68,4,6,20,80,100.0,Placed
9902,5,70,7,5,18,85,100.0,Placed
9903,7,57,6,7,3,70,80.82,Placed
9904,7,80,4,9,3,37,72.51,Placed
9905,3,58,9,6,15,88,98.2,Placed
9906,4,93,7,6,10,43,83.89,Placed
9907,10,43,5,2,12,44,100.0,Placed
9908,7,40,4,7,20,74,90.08,Placed
9909,8,80,7,2,10,54,100.0,Placed
9910,2,98,5,7,6,36,42.92,Not Placed
9911,9,54,8,8,13,92,100.0,Placed
9912,7,93,6,1,3,35,80.18,Placed
9913,8,47,7,9,7,61,92.35,Placed
9914,6,54,8,8,11,38,64.33,Not Placed
9915,6,54,9,9,12,82,100.0,Placed
9916,9,89,9,5,8,71,100.0,Placed
9917,4,78,5,4,8,66,90.44,Placed
9918,11,61,4,1,1,52,84.88,Placed
9919,11,57,6,9,2,48,80.95,Placed
9920,5,55,5,4,20,79,100.0,Placed
9921,9,41,7,4,11,82,95.26,Placed
9922,1,75,6,4,16,95,91.22,Placed
9923,4,59,8,2,3,49,62.69,Not Placed
9924,7,55,6,11,13,85,78.71,Placed
9925,11,42,8,4,20,95,100.0,Placed
9926,9,95,5,2,8,38,99.56,Placed
9927,11,69,4,8,7,53,84.32,Placed
9928,10,94,9,7,0,58,77.54,Placed
9929,6,41,6,11,12,64,81.9,Placed
9930,8,74,4,10,2,47,56.35,Not Placed
9931,9,65,4,2,13,45,91.91,Placed
9932,10,96,9,2,18,62,100.0,Placed
9933,4,100,6,2,5,84,84.28,Placed
9934,1,44,6,1,3,91,85.43,Placed
9935,8,41,4,6,19,45,81.34,Placed
9936,2,90,7,6,0,88,64.58,Not Placed
9937,11,95,7,1,9,35,100.0,Placed
9938,1,59,6,11,12,81,67.34,Not Placed
9939,7,73,4,1,11,90,100.0,Placed
9940,10,73,4,6,10,76,100.0,Placed
9941,9,93,5,11,3,88,100.0,Placed
9942,11,95,4,6,16,38,100.0,Placed
9943,9,94,9,4,14,72,100.0,Placed
9944,3,59,7,3,20,68,93.58,Placed
9945,6,89,5,9,2,83,92.86,Placed
9946,7,64,9,6,9,46,83.31,Placed
9947,10,59,7,1,20,88,100.0,Placed
9948,9,64,9,3,13,58,98.4,Placed
9949,2,92,8,1,18,95,100.0,Placed
9950,8,53,6,3,20,71,100.0,Placed
9951,7,99,8,2,3,90,100.0,Placed
9952,4,86,6,5,13,66,98.21,Placed
9953,2,83,7,3,5,53,85.74,Placed
9954,8,82,7,7,11,63,89.72,Placed
9955,11,82,8,8,1,72,100.0,Placed
9956,5,78,9,7,16,83,100.0,Placed
9957,6,51,6,2,0,63,78.29,Placed
9958,11,87,6,10,16,53,100.0,Placed
9959,7,44,5,10,4,54,61.1,Not Placed
9960,10,41,4,7,15,87,100.0,Placed
9961,1,93,9,10,13,37,74.64,Placed
9962,8,55,9,3,19,74,100.0,Placed
9963,4,94,5,7,9,39,59.82,Not Placed
9964,9,69,7,1,20,57,100.0,Placed
9965,1,86,8,2,2,39,61.29,Not Placed
9966,11,82,9,10,2,64,91.07,Placed
9967,2,100,6,1,17,66,100.0,Placed
9968,6,77,5,9,17,58,84.03,Placed
9969,11,84,8,2,3,83,100.0,Placed
9970,10,90,8,2,6,85,100.0,Placed
9971,11,81,9,6,0,85,100.0,Placed
9972,1,63,4,7,15,92,92.41,Placed
9973,4,90,6,2,16,76,100.0,Placed
9974,8,69,8,4,7,69,92.72,Placed
9975,10,76,6,3,5,66,93.79,Placed
9976,5,96,9,5,1,88,100.0,Placed
9977,9,98,5,9,9,91,100.0,Placed
9978,11,92,8,2,16,79,100.0,Placed
9979,11,78,9,5,18,82,100.0,Placed
9980,6,50,8,8,3,78,78.22,Placed
9981,1,53,5,6,12,56,69.62,Not Placed
9982,6,62,6,4,20,55,100.0,Placed
9983,6,92,6,10,18,62,83.24,Placed
9984,6,55,8,8,15,83,100.0,Placed
9985,8,89,9,3,12,68,100.0,Placed
9986,6,60,5,4,4,50,68.45,Not Placed
9987,5,94,7,11,11,45,86.61,Placed
9988,11,94,6,9,6,67,100.0,Placed
9989,2,43,7,5,8,78,100.0,Placed
9990,4,72,8,6,4,72,86.47,Placed
9991,10,93,7,11,3,53,97.9,Placed
9992,5,100,9,2,9,62,100.0,Placed
9993,10,86,9,9,15,63,100.0,Placed
9994,4,53,7,8,10,71,85.02,Placed
9995,2,58,9,7,8,88,69.31,Not Placed
9996,7,98,6,9,4,87,100.0,Placed
9997,10,44,8,5,10,37,95.94,Placed
9998,10,75,7,5,8,52,88.61,Placed
9999,2,70,6,11,16,52,78.96,Placed
